DC ID,DC Name,Delivery Date,Weekday,Time Scope,DC Capacity,Orders Delivered,Items Delivered,Service Type,State
DC_001,North Urban Hub DC_001,2026-04-01,Wednesday,Morning,406,237,753,Urban Hub,North
DC_001,North Urban Hub DC_001,2026-04-01,Wednesday,Afternoon,642,411,1232,Urban Hub,North
DC_001,North Urban Hub DC_001,2026-04-01,Wednesday,Evening,345,194,675,Urban Hub,North
DC_002,South Regional Center DC_002,2026-04-01,Wednesday,Morning,198,119,329,Regional Center,South
DC_002,South Regional Center DC_002,2026-04-01,Wednesday,Afternoon,251,180,550,Regional Center,South
DC_002,South Regional Center DC_002,2026-04-01,Wednesday,Evening,122,93,262,Regional Center,South
DC_003,East Satellite Depot DC_003,2026-04-01,Wednesday,Morning,219,240,721,Satellite Depot,East
DC_003,East Satellite Depot DC_003,2026-04-01,Wednesday,Afternoon,382,366,1165,Satellite Depot,East
DC_003,East Satellite Depot DC_003,2026-04-01,Wednesday,Evening,231,222,722,Satellite Depot,East
DC_004,West Urban Hub DC_004,2026-04-01,Wednesday,Morning,525,339,981,Urban Hub,West
DC_004,West Urban Hub DC_004,2026-04-01,Wednesday,Afternoon,924,527,1588,Urban Hub,West
DC_004,West Urban Hub DC_004,2026-04-01,Wednesday,Evening,641,338,1049,Urban Hub,West
DC_005,Central Regional Center DC_005,2026-04-01,Wednesday,Morning,95,51,172,Regional Center,Central
DC_005,Central Regional Center DC_005,2026-04-01,Wednesday,Afternoon,132,92,280,Regional Center,Central
DC_005,Central Regional Center DC_005,2026-04-01,Wednesday,Evening,77,45,141,Regional Center,Central
DC_006,North Satellite Depot DC_006,2026-04-01,Wednesday,Morning,765,85,265,Satellite Depot,North
DC_006,North Satellite Depot DC_006,2026-04-01,Wednesday,Afternoon,829,112,400,Satellite Depot,North
DC_006,North Satellite Depot DC_006,2026-04-01,Wednesday,Evening,539,74,203,Satellite Depot,North
DC_007,South Urban Hub DC_007,2026-04-01,Wednesday,Morning,326,186,632,Urban Hub,South
DC_007,South Urban Hub DC_007,2026-04-01,Wednesday,Afternoon,532,365,936,Urban Hub,South
DC_007,South Urban Hub DC_007,2026-04-01,Wednesday,Evening,323,184,545,Urban Hub,South
DC_008,East Regional Center DC_008,2026-04-01,Wednesday,Morning,1203,174,462,Regional Center,East
DC_008,East Regional Center DC_008,2026-04-01,Wednesday,Afternoon,1407,237,658,Regional Center,East
DC_008,East Regional Center DC_008,2026-04-01,Wednesday,Evening,827,99,378,Regional Center,East
DC_009,West Satellite Depot DC_009,2026-04-01,Wednesday,Morning,315,179,571,Satellite Depot,West
DC_009,West Satellite Depot DC_009,2026-04-01,Wednesday,Afternoon,633,354,1075,Satellite Depot,West
DC_009,West Satellite Depot DC_009,2026-04-01,Wednesday,Evening,285,185,557,Satellite Depot,West
DC_010,Central Urban Hub DC_010,2026-04-01,Wednesday,Morning,101,89,271,Urban Hub,Central
DC_010,Central Urban Hub DC_010,2026-04-01,Wednesday,Afternoon,127,136,403,Urban Hub,Central
DC_010,Central Urban Hub DC_010,2026-04-01,Wednesday,Evening,70,76,238,Urban Hub,Central
DC_011,North Regional Center DC_011,2026-04-01,Wednesday,Morning,614,374,1159,Regional Center,North
DC_011,North Regional Center DC_011,2026-04-01,Wednesday,Afternoon,823,518,1594,Regional Center,North
DC_011,North Regional Center DC_011,2026-04-01,Wednesday,Evening,507,343,1097,Regional Center,North
DC_012,South Satellite Depot DC_012,2026-04-01,Wednesday,Morning,591,292,991,Satellite Depot,South
DC_012,South Satellite Depot DC_012,2026-04-01,Wednesday,Afternoon,822,607,1616,Satellite Depot,South
DC_012,South Satellite Depot DC_012,2026-04-01,Wednesday,Evening,482,335,945,Satellite Depot,South
DC_013,East Urban Hub DC_013,2026-04-01,Wednesday,Morning,332,205,639,Urban Hub,East
DC_013,East Urban Hub DC_013,2026-04-01,Wednesday,Afternoon,523,321,974,Urban Hub,East
DC_013,East Urban Hub DC_013,2026-04-01,Wednesday,Evening,261,228,561,Urban Hub,East
DC_014,West Regional Center DC_014,2026-04-01,Wednesday,Morning,680,409,1300,Regional Center,West
DC_014,West Regional Center DC_014,2026-04-01,Wednesday,Afternoon,1236,606,1928,Regional Center,West
DC_014,West Regional Center DC_014,2026-04-01,Wednesday,Evening,785,379,1256,Regional Center,West
DC_015,Central Satellite Depot DC_015,2026-04-01,Wednesday,Morning,2181,296,840,Satellite Depot,Central
DC_015,Central Satellite Depot DC_015,2026-04-01,Wednesday,Afternoon,2887,388,1259,Satellite Depot,Central
DC_015,Central Satellite Depot DC_015,2026-04-01,Wednesday,Evening,1896,255,819,Satellite Depot,Central
DC_016,North Urban Hub DC_016,2026-04-01,Wednesday,Morning,203,120,398,Urban Hub,North
DC_016,North Urban Hub DC_016,2026-04-01,Wednesday,Afternoon,270,175,511,Urban Hub,North
DC_016,North Urban Hub DC_016,2026-04-01,Wednesday,Evening,189,95,314,Urban Hub,North
DC_017,South Regional Center DC_017,2026-04-01,Wednesday,Morning,381,242,797,Regional Center,South
DC_017,South Regional Center DC_017,2026-04-01,Wednesday,Afternoon,691,514,1390,Regional Center,South
DC_017,South Regional Center DC_017,2026-04-01,Wednesday,Evening,403,226,671,Regional Center,South
DC_018,East Satellite Depot DC_018,2026-04-01,Wednesday,Morning,184,125,367,Satellite Depot,East
DC_018,East Satellite Depot DC_018,2026-04-01,Wednesday,Afternoon,239,161,451,Satellite Depot,East
DC_018,East Satellite Depot DC_018,2026-04-01,Wednesday,Evening,133,76,258,Satellite Depot,East
DC_019,West Urban Hub DC_019,2026-04-01,Wednesday,Morning,774,357,1132,Urban Hub,West
DC_019,West Urban Hub DC_019,2026-04-01,Wednesday,Afternoon,834,465,1629,Urban Hub,West
DC_019,West Urban Hub DC_019,2026-04-01,Wednesday,Evening,424,231,751,Urban Hub,West
DC_020,Central Regional Center DC_020,2026-04-01,Wednesday,Morning,251,169,538,Regional Center,Central
DC_020,Central Regional Center DC_020,2026-04-01,Wednesday,Afternoon,556,299,987,Regional Center,Central
DC_020,Central Regional Center DC_020,2026-04-01,Wednesday,Evening,290,176,557,Regional Center,Central
DC_021,North Satellite Depot DC_021,2026-04-01,Wednesday,Morning,1556,180,553,Satellite Depot,North
DC_021,North Satellite Depot DC_021,2026-04-01,Wednesday,Afternoon,1995,239,802,Satellite Depot,North
DC_021,North Satellite Depot DC_021,2026-04-01,Wednesday,Evening,1078,119,413,Satellite Depot,North
DC_022,South Urban Hub DC_022,2026-04-01,Wednesday,Morning,213,117,369,Urban Hub,South
DC_022,South Urban Hub DC_022,2026-04-01,Wednesday,Afternoon,334,183,628,Urban Hub,South
DC_022,South Urban Hub DC_022,2026-04-01,Wednesday,Evening,172,108,349,Urban Hub,South
DC_023,East Regional Center DC_023,2026-04-01,Wednesday,Morning,908,643,1672,Regional Center,East
DC_023,East Regional Center DC_023,2026-04-01,Wednesday,Afternoon,1328,763,2385,Regional Center,East
DC_023,East Regional Center DC_023,2026-04-01,Wednesday,Evening,817,466,1297,Regional Center,East
DC_024,West Satellite Depot DC_024,2026-04-01,Wednesday,Morning,289,156,502,Satellite Depot,West
DC_024,West Satellite Depot DC_024,2026-04-01,Wednesday,Afternoon,467,328,900,Satellite Depot,West
DC_024,West Satellite Depot DC_024,2026-04-01,Wednesday,Evening,207,131,391,Satellite Depot,West
DC_001,North Urban Hub DC_001,2026-04-02,Thursday,Morning,401,257,805,Urban Hub,North
DC_001,North Urban Hub DC_001,2026-04-02,Thursday,Afternoon,643,382,1235,Urban Hub,North
DC_001,North Urban Hub DC_001,2026-04-02,Thursday,Evening,331,194,610,Urban Hub,North
DC_002,South Regional Center DC_002,2026-04-02,Thursday,Morning,195,109,352,Regional Center,South
DC_002,South Regional Center DC_002,2026-04-02,Thursday,Afternoon,261,147,485,Regional Center,South
DC_002,South Regional Center DC_002,2026-04-02,Thursday,Evening,141,85,231,Regional Center,South
DC_003,East Satellite Depot DC_003,2026-04-02,Thursday,Morning,223,196,646,Satellite Depot,East
DC_003,East Satellite Depot DC_003,2026-04-02,Thursday,Afternoon,368,345,1163,Satellite Depot,East
DC_003,East Satellite Depot DC_003,2026-04-02,Thursday,Evening,237,212,730,Satellite Depot,East
DC_004,West Urban Hub DC_004,2026-04-02,Thursday,Morning,698,408,1205,Urban Hub,West
DC_004,West Urban Hub DC_004,2026-04-02,Thursday,Afternoon,921,525,1582,Urban Hub,West
DC_004,West Urban Hub DC_004,2026-04-02,Thursday,Evening,484,385,1061,Urban Hub,West
DC_005,Central Regional Center DC_005,2026-04-02,Thursday,Morning,111,59,188,Regional Center,Central
DC_005,Central Regional Center DC_005,2026-04-02,Thursday,Afternoon,175,81,271,Regional Center,Central
DC_005,Central Regional Center DC_005,2026-04-02,Thursday,Evening,81,51,145,Regional Center,Central
DC_006,North Satellite Depot DC_006,2026-04-02,Thursday,Morning,641,85,259,Satellite Depot,North
DC_006,North Satellite Depot DC_006,2026-04-02,Thursday,Afternoon,1048,123,420,Satellite Depot,North
DC_006,North Satellite Depot DC_006,2026-04-02,Thursday,Evening,666,66,221,Satellite Depot,North
DC_007,South Urban Hub DC_007,2026-04-02,Thursday,Morning,324,211,673,Urban Hub,South
DC_007,South Urban Hub DC_007,2026-04-02,Thursday,Afternoon,529,286,1027,Urban Hub,South
DC_007,South Urban Hub DC_007,2026-04-02,Thursday,Evening,355,214,672,Urban Hub,South
DC_008,East Regional Center DC_008,2026-04-02,Thursday,Morning,1516,169,539,Regional Center,East
DC_008,East Regional Center DC_008,2026-04-02,Thursday,Afternoon,1862,257,744,Regional Center,East
DC_008,East Regional Center DC_008,2026-04-02,Thursday,Evening,1166,128,361,Regional Center,East
DC_009,West Satellite Depot DC_009,2026-04-02,Thursday,Morning,339,173,619,Satellite Depot,West
DC_009,West Satellite Depot DC_009,2026-04-02,Thursday,Afternoon,615,329,1048,Satellite Depot,West
DC_009,West Satellite Depot DC_009,2026-04-02,Thursday,Evening,283,165,518,Satellite Depot,West
DC_010,Central Urban Hub DC_010,2026-04-02,Thursday,Morning,98,87,294,Urban Hub,Central
DC_010,Central Urban Hub DC_010,2026-04-02,Thursday,Afternoon,123,102,382,Urban Hub,Central
DC_010,Central Urban Hub DC_010,2026-04-02,Thursday,Evening,67,76,237,Urban Hub,Central
DC_011,North Regional Center DC_011,2026-04-02,Thursday,Morning,644,394,1203,Regional Center,North
DC_011,North Regional Center DC_011,2026-04-02,Thursday,Afternoon,826,560,1617,Regional Center,North
DC_011,North Regional Center DC_011,2026-04-02,Thursday,Evening,486,316,1009,Regional Center,North
DC_012,South Satellite Depot DC_012,2026-04-02,Thursday,Morning,536,348,1052,Satellite Depot,South
DC_012,South Satellite Depot DC_012,2026-04-02,Thursday,Afternoon,1122,575,1735,Satellite Depot,South
DC_012,South Satellite Depot DC_012,2026-04-02,Thursday,Evening,469,219,754,Satellite Depot,South
DC_013,East Urban Hub DC_013,2026-04-02,Thursday,Morning,415,267,726,Urban Hub,East
DC_013,East Urban Hub DC_013,2026-04-02,Thursday,Afternoon,436,209,775,Urban Hub,East
DC_013,East Urban Hub DC_013,2026-04-02,Thursday,Evening,329,182,584,Urban Hub,East
DC_014,West Regional Center DC_014,2026-04-02,Thursday,Morning,648,378,1182,Regional Center,West
DC_014,West Regional Center DC_014,2026-04-02,Thursday,Afternoon,995,631,2012,Regional Center,West
DC_014,West Regional Center DC_014,2026-04-02,Thursday,Evening,676,357,1186,Regional Center,West
DC_015,Central Satellite Depot DC_015,2026-04-02,Thursday,Morning,2832,345,994,Satellite Depot,Central
DC_015,Central Satellite Depot DC_015,2026-04-02,Thursday,Afternoon,3840,423,1460,Satellite Depot,Central
DC_015,Central Satellite Depot DC_015,2026-04-02,Thursday,Evening,1600,226,707,Satellite Depot,Central
DC_016,North Urban Hub DC_016,2026-04-02,Thursday,Morning,172,124,372,Urban Hub,North
DC_016,North Urban Hub DC_016,2026-04-02,Thursday,Afternoon,281,157,505,Urban Hub,North
DC_016,North Urban Hub DC_016,2026-04-02,Thursday,Evening,133,90,265,Urban Hub,North
DC_017,South Regional Center DC_017,2026-04-02,Thursday,Morning,624,310,901,Regional Center,South
DC_017,South Regional Center DC_017,2026-04-02,Thursday,Afternoon,619,339,1070,Regional Center,South
DC_017,South Regional Center DC_017,2026-04-02,Thursday,Evening,370,221,678,Regional Center,South
DC_018,East Satellite Depot DC_018,2026-04-02,Thursday,Morning,205,106,347,Satellite Depot,East
DC_018,East Satellite Depot DC_018,2026-04-02,Thursday,Afternoon,277,166,539,Satellite Depot,East
DC_018,East Satellite Depot DC_018,2026-04-02,Thursday,Evening,129,95,291,Satellite Depot,East
DC_019,West Urban Hub DC_019,2026-04-02,Thursday,Morning,631,387,1099,Urban Hub,West
DC_019,West Urban Hub DC_019,2026-04-02,Thursday,Afternoon,886,494,1522,Urban Hub,West
DC_019,West Urban Hub DC_019,2026-04-02,Thursday,Evening,511,331,964,Urban Hub,West
DC_020,Central Regional Center DC_020,2026-04-02,Thursday,Morning,335,220,674,Regional Center,Central
DC_020,Central Regional Center DC_020,2026-04-02,Thursday,Afternoon,452,284,893,Regional Center,Central
DC_020,Central Regional Center DC_020,2026-04-02,Thursday,Evening,248,146,463,Regional Center,Central
DC_021,North Satellite Depot DC_021,2026-04-02,Thursday,Morning,1328,191,524,Satellite Depot,North
DC_021,North Satellite Depot DC_021,2026-04-02,Thursday,Afternoon,2158,309,937,Satellite Depot,North
DC_021,North Satellite Depot DC_021,2026-04-02,Thursday,Evening,1629,172,484,Satellite Depot,North
DC_022,South Urban Hub DC_022,2026-04-02,Thursday,Morning,237,122,399,Urban Hub,South
DC_022,South Urban Hub DC_022,2026-04-02,Thursday,Afternoon,427,246,711,Urban Hub,South
DC_022,South Urban Hub DC_022,2026-04-02,Thursday,Evening,160,124,347,Urban Hub,South
DC_023,East Regional Center DC_023,2026-04-02,Thursday,Morning,663,545,1466,Regional Center,East
DC_023,East Regional Center DC_023,2026-04-02,Thursday,Afternoon,1074,651,1935,Regional Center,East
DC_023,East Regional Center DC_023,2026-04-02,Thursday,Evening,663,480,1275,Regional Center,East
DC_024,West Satellite Depot DC_024,2026-04-02,Thursday,Morning,345,179,611,Satellite Depot,West
DC_024,West Satellite Depot DC_024,2026-04-02,Thursday,Afternoon,474,259,836,Satellite Depot,West
DC_024,West Satellite Depot DC_024,2026-04-02,Thursday,Evening,265,194,519,Satellite Depot,West
DC_001,North Urban Hub DC_001,2026-04-03,Friday,Morning,488,261,825,Urban Hub,North
DC_001,North Urban Hub DC_001,2026-04-03,Friday,Afternoon,537,363,1052,Urban Hub,North
DC_001,North Urban Hub DC_001,2026-04-03,Friday,Evening,295,187,592,Urban Hub,North
DC_002,South Regional Center DC_002,2026-04-03,Friday,Morning,164,118,352,Regional Center,South
DC_002,South Regional Center DC_002,2026-04-03,Friday,Afternoon,289,189,557,Regional Center,South
DC_002,South Regional Center DC_002,2026-04-03,Friday,Evening,180,107,320,Regional Center,South
DC_003,East Satellite Depot DC_003,2026-04-03,Friday,Morning,354,395,987,Satellite Depot,East
DC_003,East Satellite Depot DC_003,2026-04-03,Friday,Afternoon,390,503,1507,Satellite Depot,East
DC_003,East Satellite Depot DC_003,2026-04-03,Friday,Evening,208,207,625,Satellite Depot,East
DC_004,West Urban Hub DC_004,2026-04-03,Friday,Morning,789,408,1322,Urban Hub,West
DC_004,West Urban Hub DC_004,2026-04-03,Friday,Afternoon,1306,641,2099,Urban Hub,West
DC_004,West Urban Hub DC_004,2026-04-03,Friday,Evening,682,432,1303,Urban Hub,West
DC_005,Central Regional Center DC_005,2026-04-03,Friday,Morning,102,76,203,Regional Center,Central
DC_005,Central Regional Center DC_005,2026-04-03,Friday,Afternoon,172,87,312,Regional Center,Central
DC_005,Central Regional Center DC_005,2026-04-03,Friday,Evening,77,60,168,Regional Center,Central
DC_006,North Satellite Depot DC_006,2026-04-03,Friday,Morning,730,101,292,Satellite Depot,North
DC_006,North Satellite Depot DC_006,2026-04-03,Friday,Afternoon,978,140,424,Satellite Depot,North
DC_006,North Satellite Depot DC_006,2026-04-03,Friday,Evening,519,70,201,Satellite Depot,North
DC_007,South Urban Hub DC_007,2026-04-03,Friday,Morning,368,257,686,Urban Hub,South
DC_007,South Urban Hub DC_007,2026-04-03,Friday,Afternoon,469,310,921,Urban Hub,South
DC_007,South Urban Hub DC_007,2026-04-03,Friday,Evening,231,147,467,Urban Hub,South
DC_008,East Regional Center DC_008,2026-04-03,Friday,Morning,1445,148,489,Regional Center,East
DC_008,East Regional Center DC_008,2026-04-03,Friday,Afternoon,1676,249,799,Regional Center,East
DC_008,East Regional Center DC_008,2026-04-03,Friday,Evening,1168,135,445,Regional Center,East
DC_009,West Satellite Depot DC_009,2026-04-03,Friday,Morning,359,255,757,Satellite Depot,West
DC_009,West Satellite Depot DC_009,2026-04-03,Friday,Afternoon,582,316,1043,Satellite Depot,West
DC_009,West Satellite Depot DC_009,2026-04-03,Friday,Evening,375,225,673,Satellite Depot,West
DC_010,Central Urban Hub DC_010,2026-04-03,Friday,Morning,106,96,321,Urban Hub,Central
DC_010,Central Urban Hub DC_010,2026-04-03,Friday,Afternoon,135,133,385,Urban Hub,Central
DC_010,Central Urban Hub DC_010,2026-04-03,Friday,Evening,76,74,214,Urban Hub,Central
DC_011,North Regional Center DC_011,2026-04-03,Friday,Morning,610,418,1270,Regional Center,North
DC_011,North Regional Center DC_011,2026-04-03,Friday,Afternoon,950,528,1776,Regional Center,North
DC_011,North Regional Center DC_011,2026-04-03,Friday,Evening,579,306,991,Regional Center,North
DC_012,South Satellite Depot DC_012,2026-04-03,Friday,Morning,594,383,1186,Satellite Depot,South
DC_012,South Satellite Depot DC_012,2026-04-03,Friday,Afternoon,1132,618,1914,Satellite Depot,South
DC_012,South Satellite Depot DC_012,2026-04-03,Friday,Evening,597,365,990,Satellite Depot,South
DC_013,East Urban Hub DC_013,2026-04-03,Friday,Morning,442,282,802,Urban Hub,East
DC_013,East Urban Hub DC_013,2026-04-03,Friday,Afternoon,543,447,1132,Urban Hub,East
DC_013,East Urban Hub DC_013,2026-04-03,Friday,Evening,326,161,558,Urban Hub,East
DC_014,West Regional Center DC_014,2026-04-03,Friday,Morning,768,551,1550,Regional Center,West
DC_014,West Regional Center DC_014,2026-04-03,Friday,Afternoon,1056,665,2070,Regional Center,West
DC_014,West Regional Center DC_014,2026-04-03,Friday,Evening,715,416,1319,Regional Center,West
DC_015,Central Satellite Depot DC_015,2026-04-03,Friday,Morning,2399,303,1000,Satellite Depot,Central
DC_015,Central Satellite Depot DC_015,2026-04-03,Friday,Afternoon,4251,385,1289,Satellite Depot,Central
DC_015,Central Satellite Depot DC_015,2026-04-03,Friday,Evening,2580,342,901,Satellite Depot,Central
DC_016,North Urban Hub DC_016,2026-04-03,Friday,Morning,183,105,374,Urban Hub,North
DC_016,North Urban Hub DC_016,2026-04-03,Friday,Afternoon,320,202,580,Urban Hub,North
DC_016,North Urban Hub DC_016,2026-04-03,Friday,Evening,170,109,310,Urban Hub,North
DC_017,South Regional Center DC_017,2026-04-03,Friday,Morning,489,318,1078,Regional Center,South
DC_017,South Regional Center DC_017,2026-04-03,Friday,Afternoon,632,395,1287,Regional Center,South
DC_017,South Regional Center DC_017,2026-04-03,Friday,Evening,379,245,799,Regional Center,South
DC_018,East Satellite Depot DC_018,2026-04-03,Friday,Morning,185,116,369,Satellite Depot,East
DC_018,East Satellite Depot DC_018,2026-04-03,Friday,Afternoon,236,151,448,Satellite Depot,East
DC_018,East Satellite Depot DC_018,2026-04-03,Friday,Evening,119,74,260,Satellite Depot,East
DC_019,West Urban Hub DC_019,2026-04-03,Friday,Morning,662,371,1274,Urban Hub,West
DC_019,West Urban Hub DC_019,2026-04-03,Friday,Afternoon,901,610,1725,Urban Hub,West
DC_019,West Urban Hub DC_019,2026-04-03,Friday,Evening,523,356,988,Urban Hub,West
DC_020,Central Regional Center DC_020,2026-04-03,Friday,Morning,377,198,702,Regional Center,Central
DC_020,Central Regional Center DC_020,2026-04-03,Friday,Afternoon,603,358,1134,Regional Center,Central
DC_020,Central Regional Center DC_020,2026-04-03,Friday,Evening,320,208,590,Regional Center,Central
DC_021,North Satellite Depot DC_021,2026-04-03,Friday,Morning,1582,204,569,Satellite Depot,North
DC_021,North Satellite Depot DC_021,2026-04-03,Friday,Afternoon,2235,339,899,Satellite Depot,North
DC_021,North Satellite Depot DC_021,2026-04-03,Friday,Evening,1118,141,475,Satellite Depot,North
DC_022,South Urban Hub DC_022,2026-04-03,Friday,Morning,239,156,451,Urban Hub,South
DC_022,South Urban Hub DC_022,2026-04-03,Friday,Afternoon,294,179,571,Urban Hub,South
DC_022,South Urban Hub DC_022,2026-04-03,Friday,Evening,184,125,383,Urban Hub,South
DC_023,East Regional Center DC_023,2026-04-03,Friday,Morning,798,460,1452,Regional Center,East
DC_023,East Regional Center DC_023,2026-04-03,Friday,Afternoon,1342,752,2380,Regional Center,East
DC_023,East Regional Center DC_023,2026-04-03,Friday,Evening,731,406,1290,Regional Center,East
DC_024,West Satellite Depot DC_024,2026-04-03,Friday,Morning,332,201,638,Satellite Depot,West
DC_024,West Satellite Depot DC_024,2026-04-03,Friday,Afternoon,501,260,898,Satellite Depot,West
DC_024,West Satellite Depot DC_024,2026-04-03,Friday,Evening,333,189,498,Satellite Depot,West
DC_001,North Urban Hub DC_001,2026-04-04,Saturday,Morning,472,290,890,Urban Hub,North
DC_001,North Urban Hub DC_001,2026-04-04,Saturday,Afternoon,1049,457,1462,Urban Hub,North
DC_001,North Urban Hub DC_001,2026-04-04,Saturday,Evening,497,277,833,Urban Hub,North
DC_002,South Regional Center DC_002,2026-04-04,Saturday,Morning,215,122,368,Regional Center,South
DC_002,South Regional Center DC_002,2026-04-04,Saturday,Afternoon,296,217,655,Regional Center,South
DC_002,South Regional Center DC_002,2026-04-04,Saturday,Evening,200,106,376,Regional Center,South
DC_003,East Satellite Depot DC_003,2026-04-04,Saturday,Morning,297,292,932,Satellite Depot,East
DC_003,East Satellite Depot DC_003,2026-04-04,Saturday,Afternoon,528,606,1772,Satellite Depot,East
DC_003,East Satellite Depot DC_003,2026-04-04,Saturday,Evening,282,283,844,Satellite Depot,East
DC_004,West Urban Hub DC_004,2026-04-04,Saturday,Morning,808,480,1523,Urban Hub,West
DC_004,West Urban Hub DC_004,2026-04-04,Saturday,Afternoon,1099,665,2132,Urban Hub,West
DC_004,West Urban Hub DC_004,2026-04-04,Saturday,Evening,500,350,1000,Urban Hub,West
DC_005,Central Regional Center DC_005,2026-04-04,Saturday,Morning,103,61,192,Regional Center,Central
DC_005,Central Regional Center DC_005,2026-04-04,Saturday,Afternoon,151,111,307,Regional Center,Central
DC_005,Central Regional Center DC_005,2026-04-04,Saturday,Evening,99,57,175,Regional Center,Central
DC_006,North Satellite Depot DC_006,2026-04-04,Saturday,Morning,914,97,319,Satellite Depot,North
DC_006,North Satellite Depot DC_006,2026-04-04,Saturday,Afternoon,1488,180,471,Satellite Depot,North
DC_006,North Satellite Depot DC_006,2026-04-04,Saturday,Evening,686,85,260,Satellite Depot,North
DC_007,South Urban Hub DC_007,2026-04-04,Saturday,Morning,411,237,790,Urban Hub,South
DC_007,South Urban Hub DC_007,2026-04-04,Saturday,Afternoon,650,383,1082,Urban Hub,South
DC_007,South Urban Hub DC_007,2026-04-04,Saturday,Evening,321,226,675,Urban Hub,South
DC_008,East Regional Center DC_008,2026-04-04,Saturday,Morning,1306,146,423,Regional Center,East
DC_008,East Regional Center DC_008,2026-04-04,Saturday,Afternoon,2035,244,757,Regional Center,East
DC_008,East Regional Center DC_008,2026-04-04,Saturday,Evening,1006,147,429,Regional Center,East
DC_009,West Satellite Depot DC_009,2026-04-04,Saturday,Morning,361,261,709,Satellite Depot,West
DC_009,West Satellite Depot DC_009,2026-04-04,Saturday,Afternoon,621,385,1178,Satellite Depot,West
DC_009,West Satellite Depot DC_009,2026-04-04,Saturday,Evening,405,198,716,Satellite Depot,West
DC_010,Central Urban Hub DC_010,2026-04-04,Saturday,Morning,120,105,326,Urban Hub,Central
DC_010,Central Urban Hub DC_010,2026-04-04,Saturday,Afternoon,158,142,454,Urban Hub,Central
DC_010,Central Urban Hub DC_010,2026-04-04,Saturday,Evening,99,86,288,Urban Hub,Central
DC_011,North Regional Center DC_011,2026-04-04,Saturday,Morning,696,461,1490,Regional Center,North
DC_011,North Regional Center DC_011,2026-04-04,Saturday,Afternoon,1477,751,2269,Regional Center,North
DC_011,North Regional Center DC_011,2026-04-04,Saturday,Evening,557,358,1058,Regional Center,North
DC_012,South Satellite Depot DC_012,2026-04-04,Saturday,Morning,567,412,1260,Satellite Depot,South
DC_012,South Satellite Depot DC_012,2026-04-04,Saturday,Afternoon,1077,634,1979,Satellite Depot,South
DC_012,South Satellite Depot DC_012,2026-04-04,Saturday,Evening,543,314,1065,Satellite Depot,South
DC_013,East Urban Hub DC_013,2026-04-04,Saturday,Morning,470,280,910,Urban Hub,East
DC_013,East Urban Hub DC_013,2026-04-04,Saturday,Afternoon,588,328,1095,Urban Hub,East
DC_013,East Urban Hub DC_013,2026-04-04,Saturday,Evening,374,216,716,Urban Hub,East
DC_014,West Regional Center DC_014,2026-04-04,Saturday,Morning,794,525,1665,Regional Center,West
DC_014,West Regional Center DC_014,2026-04-04,Saturday,Afternoon,1204,987,2335,Regional Center,West
DC_014,West Regional Center DC_014,2026-04-04,Saturday,Evening,1132,516,1376,Regional Center,West
DC_015,Central Satellite Depot DC_015,2026-04-04,Saturday,Morning,2668,385,1081,Satellite Depot,Central
DC_015,Central Satellite Depot DC_015,2026-04-04,Saturday,Afternoon,3364,496,1476,Satellite Depot,Central
DC_015,Central Satellite Depot DC_015,2026-04-04,Saturday,Evening,2648,320,1026,Satellite Depot,Central
DC_016,North Urban Hub DC_016,2026-04-04,Saturday,Morning,247,165,471,Urban Hub,North
DC_016,North Urban Hub DC_016,2026-04-04,Saturday,Afternoon,331,225,620,Urban Hub,North
DC_016,North Urban Hub DC_016,2026-04-04,Saturday,Evening,195,102,340,Urban Hub,North
DC_017,South Regional Center DC_017,2026-04-04,Saturday,Morning,537,319,982,Regional Center,South
DC_017,South Regional Center DC_017,2026-04-04,Saturday,Afternoon,751,524,1494,Regional Center,South
DC_017,South Regional Center DC_017,2026-04-04,Saturday,Evening,360,249,748,Regional Center,South
DC_018,East Satellite Depot DC_018,2026-04-04,Saturday,Morning,177,108,346,Satellite Depot,East
DC_018,East Satellite Depot DC_018,2026-04-04,Saturday,Afternoon,268,157,514,Satellite Depot,East
DC_018,East Satellite Depot DC_018,2026-04-04,Saturday,Evening,168,122,335,Satellite Depot,East
DC_019,West Urban Hub DC_019,2026-04-04,Saturday,Morning,726,444,1324,Urban Hub,West
DC_019,West Urban Hub DC_019,2026-04-04,Saturday,Afternoon,963,583,2069,Urban Hub,West
DC_019,West Urban Hub DC_019,2026-04-04,Saturday,Evening,639,373,1188,Urban Hub,West
DC_020,Central Regional Center DC_020,2026-04-04,Saturday,Morning,416,253,791,Regional Center,Central
DC_020,Central Regional Center DC_020,2026-04-04,Saturday,Afternoon,638,409,1192,Regional Center,Central
DC_020,Central Regional Center DC_020,2026-04-04,Saturday,Evening,301,194,601,Regional Center,Central
DC_021,North Satellite Depot DC_021,2026-04-04,Saturday,Morning,1608,221,664,Satellite Depot,North
DC_021,North Satellite Depot DC_021,2026-04-04,Saturday,Afternoon,2558,368,1028,Satellite Depot,North
DC_021,North Satellite Depot DC_021,2026-04-04,Saturday,Evening,1629,224,601,Satellite Depot,North
DC_022,South Urban Hub DC_022,2026-04-04,Saturday,Morning,253,138,429,Urban Hub,South
DC_022,South Urban Hub DC_022,2026-04-04,Saturday,Afternoon,378,211,687,Urban Hub,South
DC_022,South Urban Hub DC_022,2026-04-04,Saturday,Evening,207,125,401,Urban Hub,South
DC_023,East Regional Center DC_023,2026-04-04,Saturday,Morning,1196,595,1789,Regional Center,East
DC_023,East Regional Center DC_023,2026-04-04,Saturday,Afternoon,1120,681,2111,Regional Center,East
DC_023,East Regional Center DC_023,2026-04-04,Saturday,Evening,735,489,1540,Regional Center,East
DC_024,West Satellite Depot DC_024,2026-04-04,Saturday,Morning,340,225,669,Satellite Depot,West
DC_024,West Satellite Depot DC_024,2026-04-04,Saturday,Afternoon,508,353,1045,Satellite Depot,West
DC_024,West Satellite Depot DC_024,2026-04-04,Saturday,Evening,309,216,618,Satellite Depot,West
DC_001,North Urban Hub DC_001,2026-04-05,Sunday,Morning,505,324,1012,Urban Hub,North
DC_001,North Urban Hub DC_001,2026-04-05,Sunday,Afternoon,768,446,1322,Urban Hub,North
DC_001,North Urban Hub DC_001,2026-04-05,Sunday,Evening,479,254,816,Urban Hub,North
DC_002,South Regional Center DC_002,2026-04-05,Sunday,Morning,171,101,315,Regional Center,South
DC_002,South Regional Center DC_002,2026-04-05,Sunday,Afternoon,385,181,626,Regional Center,South
DC_002,South Regional Center DC_002,2026-04-05,Sunday,Evening,151,94,295,Regional Center,South
DC_003,East Satellite Depot DC_003,2026-04-05,Sunday,Morning,0,0,0,Satellite Depot,East
DC_003,East Satellite Depot DC_003,2026-04-05,Sunday,Afternoon,0,0,0,Satellite Depot,East
DC_003,East Satellite Depot DC_003,2026-04-05,Sunday,Evening,0,0,0,Satellite Depot,East
DC_004,West Urban Hub DC_004,2026-04-05,Sunday,Morning,748,392,1260,Urban Hub,West
DC_004,West Urban Hub DC_004,2026-04-05,Sunday,Afternoon,1136,694,2118,Urban Hub,West
DC_004,West Urban Hub DC_004,2026-04-05,Sunday,Evening,523,356,961,Urban Hub,West
DC_005,Central Regional Center DC_005,2026-04-05,Sunday,Morning,93,52,179,Regional Center,Central
DC_005,Central Regional Center DC_005,2026-04-05,Sunday,Afternoon,200,103,355,Regional Center,Central
DC_005,Central Regional Center DC_005,2026-04-05,Sunday,Evening,89,51,164,Regional Center,Central
DC_006,North Satellite Depot DC_006,2026-04-05,Sunday,Morning,0,0,0,Satellite Depot,North
DC_006,North Satellite Depot DC_006,2026-04-05,Sunday,Afternoon,0,0,0,Satellite Depot,North
DC_006,North Satellite Depot DC_006,2026-04-05,Sunday,Evening,0,0,0,Satellite Depot,North
DC_007,South Urban Hub DC_007,2026-04-05,Sunday,Morning,462,264,818,Urban Hub,South
DC_007,South Urban Hub DC_007,2026-04-05,Sunday,Afternoon,698,455,1335,Urban Hub,South
DC_007,South Urban Hub DC_007,2026-04-05,Sunday,Evening,354,238,766,Urban Hub,South
DC_008,East Regional Center DC_008,2026-04-05,Sunday,Morning,1473,189,639,Regional Center,East
DC_008,East Regional Center DC_008,2026-04-05,Sunday,Afternoon,2277,289,933,Regional Center,East
DC_008,East Regional Center DC_008,2026-04-05,Sunday,Evening,1090,163,451,Regional Center,East
DC_009,West Satellite Depot DC_009,2026-04-05,Sunday,Morning,0,0,0,Satellite Depot,West
DC_009,West Satellite Depot DC_009,2026-04-05,Sunday,Afternoon,0,0,0,Satellite Depot,West
DC_009,West Satellite Depot DC_009,2026-04-05,Sunday,Evening,0,0,0,Satellite Depot,West
DC_010,Central Urban Hub DC_010,2026-04-05,Sunday,Morning,93,93,291,Urban Hub,Central
DC_010,Central Urban Hub DC_010,2026-04-05,Sunday,Afternoon,162,152,485,Urban Hub,Central
DC_010,Central Urban Hub DC_010,2026-04-05,Sunday,Evening,70,73,226,Urban Hub,Central
DC_011,North Regional Center DC_011,2026-04-05,Sunday,Morning,623,374,1143,Regional Center,North
DC_011,North Regional Center DC_011,2026-04-05,Sunday,Afternoon,811,580,1785,Regional Center,North
DC_011,North Regional Center DC_011,2026-04-05,Sunday,Evening,664,346,994,Regional Center,North
DC_012,South Satellite Depot DC_012,2026-04-05,Sunday,Morning,0,0,0,Satellite Depot,South
DC_012,South Satellite Depot DC_012,2026-04-05,Sunday,Afternoon,0,0,0,Satellite Depot,South
DC_012,South Satellite Depot DC_012,2026-04-05,Sunday,Evening,0,0,0,Satellite Depot,South
DC_013,East Urban Hub DC_013,2026-04-05,Sunday,Morning,386,232,719,Urban Hub,East
DC_013,East Urban Hub DC_013,2026-04-05,Sunday,Afternoon,839,471,1223,Urban Hub,East
DC_013,East Urban Hub DC_013,2026-04-05,Sunday,Evening,304,175,571,Urban Hub,East
DC_014,West Regional Center DC_014,2026-04-05,Sunday,Morning,820,442,1483,Regional Center,West
DC_014,West Regional Center DC_014,2026-04-05,Sunday,Afternoon,1213,694,2320,Regional Center,West
DC_014,West Regional Center DC_014,2026-04-05,Sunday,Evening,685,372,1217,Regional Center,West
DC_015,Central Satellite Depot DC_015,2026-04-05,Sunday,Morning,0,0,0,Satellite Depot,Central
DC_015,Central Satellite Depot DC_015,2026-04-05,Sunday,Afternoon,0,0,0,Satellite Depot,Central
DC_015,Central Satellite Depot DC_015,2026-04-05,Sunday,Evening,0,0,0,Satellite Depot,Central
DC_016,North Urban Hub DC_016,2026-04-05,Sunday,Morning,233,157,428,Urban Hub,North
DC_016,North Urban Hub DC_016,2026-04-05,Sunday,Afternoon,353,164,609,Urban Hub,North
DC_016,North Urban Hub DC_016,2026-04-05,Sunday,Evening,233,140,420,Urban Hub,North
DC_017,South Regional Center DC_017,2026-04-05,Sunday,Morning,517,258,793,Regional Center,South
DC_017,South Regional Center DC_017,2026-04-05,Sunday,Afternoon,646,446,1205,Regional Center,South
DC_017,South Regional Center DC_017,2026-04-05,Sunday,Evening,358,214,683,Regional Center,South
DC_018,East Satellite Depot DC_018,2026-04-05,Sunday,Morning,0,0,0,Satellite Depot,East
DC_018,East Satellite Depot DC_018,2026-04-05,Sunday,Afternoon,0,0,0,Satellite Depot,East
DC_018,East Satellite Depot DC_018,2026-04-05,Sunday,Evening,0,0,0,Satellite Depot,East
DC_019,West Urban Hub DC_019,2026-04-05,Sunday,Morning,666,380,1213,Urban Hub,West
DC_019,West Urban Hub DC_019,2026-04-05,Sunday,Afternoon,1158,616,2145,Urban Hub,West
DC_019,West Urban Hub DC_019,2026-04-05,Sunday,Evening,670,373,1228,Urban Hub,West
DC_020,Central Regional Center DC_020,2026-04-05,Sunday,Morning,343,275,768,Regional Center,Central
DC_020,Central Regional Center DC_020,2026-04-05,Sunday,Afternoon,430,326,923,Regional Center,Central
DC_020,Central Regional Center DC_020,2026-04-05,Sunday,Evening,277,155,495,Regional Center,Central
DC_021,North Satellite Depot DC_021,2026-04-05,Sunday,Morning,0,0,0,Satellite Depot,North
DC_021,North Satellite Depot DC_021,2026-04-05,Sunday,Afternoon,0,0,0,Satellite Depot,North
DC_021,North Satellite Depot DC_021,2026-04-05,Sunday,Evening,0,0,0,Satellite Depot,North
DC_022,South Urban Hub DC_022,2026-04-05,Sunday,Morning,248,170,507,Urban Hub,South
DC_022,South Urban Hub DC_022,2026-04-05,Sunday,Afternoon,418,300,731,Urban Hub,South
DC_022,South Urban Hub DC_022,2026-04-05,Sunday,Evening,237,145,367,Urban Hub,South
DC_023,East Regional Center DC_023,2026-04-05,Sunday,Morning,649,445,1375,Regional Center,East
DC_023,East Regional Center DC_023,2026-04-05,Sunday,Afternoon,1288,763,2516,Regional Center,East
DC_023,East Regional Center DC_023,2026-04-05,Sunday,Evening,596,358,1176,Regional Center,East
DC_024,West Satellite Depot DC_024,2026-04-05,Sunday,Morning,0,0,0,Satellite Depot,West
DC_024,West Satellite Depot DC_024,2026-04-05,Sunday,Afternoon,0,0,0,Satellite Depot,West
DC_024,West Satellite Depot DC_024,2026-04-05,Sunday,Evening,0,0,0,Satellite Depot,West
DC_001,North Urban Hub DC_001,2026-04-06,Monday,Morning,435,290,843,Urban Hub,North
DC_001,North Urban Hub DC_001,2026-04-06,Monday,Afternoon,635,387,1258,Urban Hub,North
DC_001,North Urban Hub DC_001,2026-04-06,Monday,Evening,372,275,784,Urban Hub,North
DC_002,South Regional Center DC_002,2026-04-06,Monday,Morning,175,93,312,Regional Center,South
DC_002,South Regional Center DC_002,2026-04-06,Monday,Afternoon,230,157,415,Regional Center,South
DC_002,South Regional Center DC_002,2026-04-06,Monday,Evening,142,68,226,Regional Center,South
DC_003,East Satellite Depot DC_003,2026-04-06,Monday,Morning,259,233,741,Satellite Depot,East
DC_003,East Satellite Depot DC_003,2026-04-06,Monday,Afternoon,321,284,935,Satellite Depot,East
DC_003,East Satellite Depot DC_003,2026-04-06,Monday,Evening,152,185,551,Satellite Depot,East
DC_004,West Urban Hub DC_004,2026-04-06,Monday,Morning,568,326,1076,Urban Hub,West
DC_004,West Urban Hub DC_004,2026-04-06,Monday,Afternoon,771,469,1442,Urban Hub,West
DC_004,West Urban Hub DC_004,2026-04-06,Monday,Evening,388,238,775,Urban Hub,West
DC_005,Central Regional Center DC_005,2026-04-06,Monday,Morning,74,46,159,Regional Center,Central
DC_005,Central Regional Center DC_005,2026-04-06,Monday,Afternoon,114,75,221,Regional Center,Central
DC_005,Central Regional Center DC_005,2026-04-06,Monday,Evening,72,36,127,Regional Center,Central
DC_006,North Satellite Depot DC_006,2026-04-06,Monday,Morning,799,89,303,Satellite Depot,North
DC_006,North Satellite Depot DC_006,2026-04-06,Monday,Afternoon,1170,111,365,Satellite Depot,North
DC_006,North Satellite Depot DC_006,2026-04-06,Monday,Evening,622,89,247,Satellite Depot,North
DC_007,South Urban Hub DC_007,2026-04-06,Monday,Morning,332,225,745,Urban Hub,South
DC_007,South Urban Hub DC_007,2026-04-06,Monday,Afternoon,631,378,1135,Urban Hub,South
DC_007,South Urban Hub DC_007,2026-04-06,Monday,Evening,268,156,516,Urban Hub,South
DC_008,East Regional Center DC_008,2026-04-06,Monday,Morning,1511,195,548,Regional Center,East
DC_008,East Regional Center DC_008,2026-04-06,Monday,Afternoon,2228,337,868,Regional Center,East
DC_008,East Regional Center DC_008,2026-04-06,Monday,Evening,1319,181,548,Regional Center,East
DC_009,West Satellite Depot DC_009,2026-04-06,Monday,Morning,253,126,429,Satellite Depot,West
DC_009,West Satellite Depot DC_009,2026-04-06,Monday,Afternoon,344,222,624,Satellite Depot,West
DC_009,West Satellite Depot DC_009,2026-04-06,Monday,Evening,270,148,474,Satellite Depot,West
DC_010,Central Urban Hub DC_010,2026-04-06,Monday,Morning,67,80,245,Urban Hub,Central
DC_010,Central Urban Hub DC_010,2026-04-06,Monday,Afternoon,136,106,361,Urban Hub,Central
DC_010,Central Urban Hub DC_010,2026-04-06,Monday,Evening,62,59,182,Urban Hub,Central
DC_011,North Regional Center DC_011,2026-04-06,Monday,Morning,436,251,838,Regional Center,North
DC_011,North Regional Center DC_011,2026-04-06,Monday,Afternoon,925,479,1470,Regional Center,North
DC_011,North Regional Center DC_011,2026-04-06,Monday,Evening,550,299,846,Regional Center,North
DC_012,South Satellite Depot DC_012,2026-04-06,Monday,Morning,498,300,959,Satellite Depot,South
DC_012,South Satellite Depot DC_012,2026-04-06,Monday,Afternoon,787,473,1545,Satellite Depot,South
DC_012,South Satellite Depot DC_012,2026-04-06,Monday,Evening,494,313,909,Satellite Depot,South
DC_013,East Urban Hub DC_013,2026-04-06,Monday,Morning,298,197,584,Urban Hub,East
DC_013,East Urban Hub DC_013,2026-04-06,Monday,Afternoon,338,244,777,Urban Hub,East
DC_013,East Urban Hub DC_013,2026-04-06,Monday,Evening,217,144,443,Urban Hub,East
DC_014,West Regional Center DC_014,2026-04-06,Monday,Morning,557,397,1103,Regional Center,West
DC_014,West Regional Center DC_014,2026-04-06,Monday,Afternoon,779,540,1736,Regional Center,West
DC_014,West Regional Center DC_014,2026-04-06,Monday,Evening,509,303,910,Regional Center,West
DC_015,Central Satellite Depot DC_015,2026-04-06,Monday,Morning,1923,216,718,Satellite Depot,Central
DC_015,Central Satellite Depot DC_015,2026-04-06,Monday,Afternoon,2255,315,947,Satellite Depot,Central
DC_015,Central Satellite Depot DC_015,2026-04-06,Monday,Evening,1822,183,629,Satellite Depot,Central
DC_016,North Urban Hub DC_016,2026-04-06,Monday,Morning,210,159,432,Urban Hub,North
DC_016,North Urban Hub DC_016,2026-04-06,Monday,Afternoon,322,233,628,Urban Hub,North
DC_016,North Urban Hub DC_016,2026-04-06,Monday,Evening,168,101,327,Urban Hub,North
DC_017,South Regional Center DC_017,2026-04-06,Monday,Morning,361,201,697,Regional Center,South
DC_017,South Regional Center DC_017,2026-04-06,Monday,Afternoon,834,375,1132,Regional Center,South
DC_017,South Regional Center DC_017,2026-04-06,Monday,Evening,362,181,565,Regional Center,South
DC_018,East Satellite Depot DC_018,2026-04-06,Monday,Morning,241,127,405,Satellite Depot,East
DC_018,East Satellite Depot DC_018,2026-04-06,Monday,Afternoon,291,148,512,Satellite Depot,East
DC_018,East Satellite Depot DC_018,2026-04-06,Monday,Evening,150,112,294,Satellite Depot,East
DC_019,West Urban Hub DC_019,2026-04-06,Monday,Morning,702,457,1397,Urban Hub,West
DC_019,West Urban Hub DC_019,2026-04-06,Monday,Afternoon,1176,562,1907,Urban Hub,West
DC_019,West Urban Hub DC_019,2026-04-06,Monday,Evening,536,331,987,Urban Hub,West
DC_020,Central Regional Center DC_020,2026-04-06,Monday,Morning,249,158,499,Regional Center,Central
DC_020,Central Regional Center DC_020,2026-04-06,Monday,Afternoon,440,256,826,Regional Center,Central
DC_020,Central Regional Center DC_020,2026-04-06,Monday,Evening,185,156,422,Regional Center,Central
DC_021,North Satellite Depot DC_021,2026-04-06,Monday,Morning,1528,232,670,Satellite Depot,North
DC_021,North Satellite Depot DC_021,2026-04-06,Monday,Afternoon,2534,322,1076,Satellite Depot,North
DC_021,North Satellite Depot DC_021,2026-04-06,Monday,Evening,1341,167,509,Satellite Depot,North
DC_022,South Urban Hub DC_022,2026-04-06,Monday,Morning,213,145,455,Urban Hub,South
DC_022,South Urban Hub DC_022,2026-04-06,Monday,Afternoon,302,184,613,Urban Hub,South
DC_022,South Urban Hub DC_022,2026-04-06,Monday,Evening,192,128,387,Urban Hub,South
DC_023,East Regional Center DC_023,2026-04-06,Monday,Morning,644,412,1108,Regional Center,East
DC_023,East Regional Center DC_023,2026-04-06,Monday,Afternoon,982,612,1830,Regional Center,East
DC_023,East Regional Center DC_023,2026-04-06,Monday,Evening,461,225,762,Regional Center,East
DC_024,West Satellite Depot DC_024,2026-04-06,Monday,Morning,238,168,463,Satellite Depot,West
DC_024,West Satellite Depot DC_024,2026-04-06,Monday,Afternoon,442,258,818,Satellite Depot,West
DC_024,West Satellite Depot DC_024,2026-04-06,Monday,Evening,224,160,483,Satellite Depot,West
DC_001,North Urban Hub DC_001,2026-04-07,Tuesday,Morning,345,195,628,Urban Hub,North
DC_001,North Urban Hub DC_001,2026-04-07,Tuesday,Afternoon,543,283,981,Urban Hub,North
DC_001,North Urban Hub DC_001,2026-04-07,Tuesday,Evening,237,174,544,Urban Hub,North
DC_002,South Regional Center DC_002,2026-04-07,Tuesday,Morning,163,95,316,Regional Center,South
DC_002,South Regional Center DC_002,2026-04-07,Tuesday,Afternoon,227,122,391,Regional Center,South
DC_002,South Regional Center DC_002,2026-04-07,Tuesday,Evening,132,90,249,Regional Center,South
DC_003,East Satellite Depot DC_003,2026-04-07,Tuesday,Morning,222,223,593,Satellite Depot,East
DC_003,East Satellite Depot DC_003,2026-04-07,Tuesday,Afternoon,293,325,1007,Satellite Depot,East
DC_003,East Satellite Depot DC_003,2026-04-07,Tuesday,Evening,149,148,453,Satellite Depot,East
DC_004,West Urban Hub DC_004,2026-04-07,Tuesday,Morning,726,390,1172,Urban Hub,West
DC_004,West Urban Hub DC_004,2026-04-07,Tuesday,Afternoon,872,528,1710,Urban Hub,West
DC_004,West Urban Hub DC_004,2026-04-07,Tuesday,Evening,435,256,844,Urban Hub,West
DC_005,Central Regional Center DC_005,2026-04-07,Tuesday,Morning,70,52,143,Regional Center,Central
DC_005,Central Regional Center DC_005,2026-04-07,Tuesday,Afternoon,123,80,236,Regional Center,Central
DC_005,Central Regional Center DC_005,2026-04-07,Tuesday,Evening,72,45,127,Regional Center,Central
DC_006,North Satellite Depot DC_006,2026-04-07,Tuesday,Morning,651,71,225,Satellite Depot,North
DC_006,North Satellite Depot DC_006,2026-04-07,Tuesday,Afternoon,763,113,316,Satellite Depot,North
DC_006,North Satellite Depot DC_006,2026-04-07,Tuesday,Evening,507,54,185,Satellite Depot,North
DC_007,South Urban Hub DC_007,2026-04-07,Tuesday,Morning,328,187,603,Urban Hub,South
DC_007,South Urban Hub DC_007,2026-04-07,Tuesday,Afternoon,392,204,733,Urban Hub,South
DC_007,South Urban Hub DC_007,2026-04-07,Tuesday,Evening,262,153,495,Urban Hub,South
DC_008,East Regional Center DC_008,2026-04-07,Tuesday,Morning,1917,224,599,Regional Center,East
DC_008,East Regional Center DC_008,2026-04-07,Tuesday,Afternoon,2364,249,853,Regional Center,East
DC_008,East Regional Center DC_008,2026-04-07,Tuesday,Evening,1442,163,454,Regional Center,East
DC_009,West Satellite Depot DC_009,2026-04-07,Tuesday,Morning,229,138,420,Satellite Depot,West
DC_009,West Satellite Depot DC_009,2026-04-07,Tuesday,Afternoon,376,230,780,Satellite Depot,West
DC_009,West Satellite Depot DC_009,2026-04-07,Tuesday,Evening,297,136,443,Satellite Depot,West
DC_010,Central Urban Hub DC_010,2026-04-07,Tuesday,Morning,77,73,246,Urban Hub,Central
DC_010,Central Urban Hub DC_010,2026-04-07,Tuesday,Afternoon,86,111,318,Urban Hub,Central
DC_010,Central Urban Hub DC_010,2026-04-07,Tuesday,Evening,80,72,208,Urban Hub,Central
DC_011,North Regional Center DC_011,2026-04-07,Tuesday,Morning,590,327,1081,Regional Center,North
DC_011,North Regional Center DC_011,2026-04-07,Tuesday,Afternoon,793,428,1474,Regional Center,North
DC_011,North Regional Center DC_011,2026-04-07,Tuesday,Evening,507,272,788,Regional Center,North
DC_012,South Satellite Depot DC_012,2026-04-07,Tuesday,Morning,483,348,942,Satellite Depot,South
DC_012,South Satellite Depot DC_012,2026-04-07,Tuesday,Afternoon,719,424,1276,Satellite Depot,South
DC_012,South Satellite Depot DC_012,2026-04-07,Tuesday,Evening,379,229,669,Satellite Depot,South
DC_013,East Urban Hub DC_013,2026-04-07,Tuesday,Morning,298,197,603,Urban Hub,East
DC_013,East Urban Hub DC_013,2026-04-07,Tuesday,Afternoon,434,285,826,Urban Hub,East
DC_013,East Urban Hub DC_013,2026-04-07,Tuesday,Evening,252,146,430,Urban Hub,East
DC_014,West Regional Center DC_014,2026-04-07,Tuesday,Morning,538,313,1027,Regional Center,West
DC_014,West Regional Center DC_014,2026-04-07,Tuesday,Afternoon,788,487,1484,Regional Center,West
DC_014,West Regional Center DC_014,2026-04-07,Tuesday,Evening,517,354,970,Regional Center,West
DC_015,Central Satellite Depot DC_015,2026-04-07,Tuesday,Morning,1707,198,663,Satellite Depot,Central
DC_015,Central Satellite Depot DC_015,2026-04-07,Tuesday,Afternoon,2274,268,911,Satellite Depot,Central
DC_015,Central Satellite Depot DC_015,2026-04-07,Tuesday,Evening,1488,208,607,Satellite Depot,Central
DC_016,North Urban Hub DC_016,2026-04-07,Tuesday,Morning,193,122,306,Urban Hub,North
DC_016,North Urban Hub DC_016,2026-04-07,Tuesday,Afternoon,294,167,499,Urban Hub,North
DC_016,North Urban Hub DC_016,2026-04-07,Tuesday,Evening,141,75,229,Urban Hub,North
DC_017,South Regional Center DC_017,2026-04-07,Tuesday,Morning,335,203,652,Regional Center,South
DC_017,South Regional Center DC_017,2026-04-07,Tuesday,Afternoon,554,305,1065,Regional Center,South
DC_017,South Regional Center DC_017,2026-04-07,Tuesday,Evening,282,156,527,Regional Center,South
DC_018,East Satellite Depot DC_018,2026-04-07,Tuesday,Morning,197,106,319,Satellite Depot,East
DC_018,East Satellite Depot DC_018,2026-04-07,Tuesday,Afternoon,245,153,482,Satellite Depot,East
DC_018,East Satellite Depot DC_018,2026-04-07,Tuesday,Evening,131,75,237,Satellite Depot,East
DC_019,West Urban Hub DC_019,2026-04-07,Tuesday,Morning,501,301,938,Urban Hub,West
DC_019,West Urban Hub DC_019,2026-04-07,Tuesday,Afternoon,687,355,1358,Urban Hub,West
DC_019,West Urban Hub DC_019,2026-04-07,Tuesday,Evening,353,235,684,Urban Hub,West
DC_020,Central Regional Center DC_020,2026-04-07,Tuesday,Morning,292,168,551,Regional Center,Central
DC_020,Central Regional Center DC_020,2026-04-07,Tuesday,Afternoon,452,256,865,Regional Center,Central
DC_020,Central Regional Center DC_020,2026-04-07,Tuesday,Evening,165,112,357,Regional Center,Central
DC_021,North Satellite Depot DC_021,2026-04-07,Tuesday,Morning,1524,180,521,Satellite Depot,North
DC_021,North Satellite Depot DC_021,2026-04-07,Tuesday,Afternoon,1881,230,728,Satellite Depot,North
DC_021,North Satellite Depot DC_021,2026-04-07,Tuesday,Evening,1352,130,434,Satellite Depot,North
DC_022,South Urban Hub DC_022,2026-04-07,Tuesday,Morning,189,127,348,Urban Hub,South
DC_022,South Urban Hub DC_022,2026-04-07,Tuesday,Afternoon,376,166,542,Urban Hub,South
DC_022,South Urban Hub DC_022,2026-04-07,Tuesday,Evening,135,83,255,Urban Hub,South
DC_023,East Regional Center DC_023,2026-04-07,Tuesday,Morning,714,450,1318,Regional Center,East
DC_023,East Regional Center DC_023,2026-04-07,Tuesday,Afternoon,822,536,1735,Regional Center,East
DC_023,East Regional Center DC_023,2026-04-07,Tuesday,Evening,530,359,973,Regional Center,East
DC_024,West Satellite Depot DC_024,2026-04-07,Tuesday,Morning,326,154,508,Satellite Depot,West
DC_024,West Satellite Depot DC_024,2026-04-07,Tuesday,Afternoon,323,264,746,Satellite Depot,West
DC_024,West Satellite Depot DC_024,2026-04-07,Tuesday,Evening,185,120,407,Satellite Depot,West
DC_001,North Urban Hub DC_001,2026-04-08,Wednesday,Morning,327,202,627,Urban Hub,North
DC_001,North Urban Hub DC_001,2026-04-08,Wednesday,Afternoon,581,331,1018,Urban Hub,North
DC_001,North Urban Hub DC_001,2026-04-08,Wednesday,Evening,253,150,482,Urban Hub,North
DC_002,South Regional Center DC_002,2026-04-08,Wednesday,Morning,192,91,304,Regional Center,South
DC_002,South Regional Center DC_002,2026-04-08,Wednesday,Afternoon,274,158,479,Regional Center,South
DC_002,South Regional Center DC_002,2026-04-08,Wednesday,Evening,134,77,227,Regional Center,South
DC_003,East Satellite Depot DC_003,2026-04-08,Wednesday,Morning,281,251,817,Satellite Depot,East
DC_003,East Satellite Depot DC_003,2026-04-08,Wednesday,Afternoon,337,349,1070,Satellite Depot,East
DC_003,East Satellite Depot DC_003,2026-04-08,Wednesday,Evening,226,245,664,Satellite Depot,East
DC_004,West Urban Hub DC_004,2026-04-08,Wednesday,Morning,561,358,999,Urban Hub,West
DC_004,West Urban Hub DC_004,2026-04-08,Wednesday,Afternoon,970,471,1741,Urban Hub,West
DC_004,West Urban Hub DC_004,2026-04-08,Wednesday,Evening,421,286,806,Urban Hub,West
DC_005,Central Regional Center DC_005,2026-04-08,Wednesday,Morning,86,65,165,Regional Center,Central
DC_005,Central Regional Center DC_005,2026-04-08,Wednesday,Afternoon,118,88,262,Regional Center,Central
DC_005,Central Regional Center DC_005,2026-04-08,Wednesday,Evening,71,48,146,Regional Center,Central
DC_006,North Satellite Depot DC_006,2026-04-08,Wednesday,Morning,737,68,223,Satellite Depot,North
DC_006,North Satellite Depot DC_006,2026-04-08,Wednesday,Afternoon,993,111,347,Satellite Depot,North
DC_006,North Satellite Depot DC_006,2026-04-08,Wednesday,Evening,505,57,186,Satellite Depot,North
DC_007,South Urban Hub DC_007,2026-04-08,Wednesday,Morning,255,192,528,Urban Hub,South
DC_007,South Urban Hub DC_007,2026-04-08,Wednesday,Afternoon,377,249,840,Urban Hub,South
DC_007,South Urban Hub DC_007,2026-04-08,Wednesday,Evening,291,167,497,Urban Hub,South
DC_008,East Regional Center DC_008,2026-04-08,Wednesday,Morning,1139,144,443,Regional Center,East
DC_008,East Regional Center DC_008,2026-04-08,Wednesday,Afternoon,1736,241,659,Regional Center,East
DC_008,East Regional Center DC_008,2026-04-08,Wednesday,Evening,834,128,352,Regional Center,East
DC_009,West Satellite Depot DC_009,2026-04-08,Wednesday,Morning,343,190,594,Satellite Depot,West
DC_009,West Satellite Depot DC_009,2026-04-08,Wednesday,Afternoon,408,272,876,Satellite Depot,West
DC_009,West Satellite Depot DC_009,2026-04-08,Wednesday,Evening,225,155,450,Satellite Depot,West
DC_010,Central Urban Hub DC_010,2026-04-08,Wednesday,Morning,78,84,249,Urban Hub,Central
DC_010,Central Urban Hub DC_010,2026-04-08,Wednesday,Afternoon,147,143,422,Urban Hub,Central
DC_010,Central Urban Hub DC_010,2026-04-08,Wednesday,Evening,71,62,208,Urban Hub,Central
DC_011,North Regional Center DC_011,2026-04-08,Wednesday,Morning,518,309,1134,Regional Center,North
DC_011,North Regional Center DC_011,2026-04-08,Wednesday,Afternoon,786,530,1486,Regional Center,North
DC_011,North Regional Center DC_011,2026-04-08,Wednesday,Evening,478,298,844,Regional Center,North
DC_012,South Satellite Depot DC_012,2026-04-08,Wednesday,Morning,500,331,926,Satellite Depot,South
DC_012,South Satellite Depot DC_012,2026-04-08,Wednesday,Afternoon,945,426,1618,Satellite Depot,South
DC_012,South Satellite Depot DC_012,2026-04-08,Wednesday,Evening,429,292,812,Satellite Depot,South
DC_013,East Urban Hub DC_013,2026-04-08,Wednesday,Morning,347,228,723,Urban Hub,East
DC_013,East Urban Hub DC_013,2026-04-08,Wednesday,Afternoon,444,302,852,Urban Hub,East
DC_013,East Urban Hub DC_013,2026-04-08,Wednesday,Evening,292,190,592,Urban Hub,East
DC_014,West Regional Center DC_014,2026-04-08,Wednesday,Morning,601,312,1021,Regional Center,West
DC_014,West Regional Center DC_014,2026-04-08,Wednesday,Afternoon,1003,772,2087,Regional Center,West
DC_014,West Regional Center DC_014,2026-04-08,Wednesday,Evening,525,403,1083,Regional Center,West
DC_015,Central Satellite Depot DC_015,2026-04-08,Wednesday,Morning,2075,273,826,Satellite Depot,Central
DC_015,Central Satellite Depot DC_015,2026-04-08,Wednesday,Afternoon,2813,350,1056,Satellite Depot,Central
DC_015,Central Satellite Depot DC_015,2026-04-08,Wednesday,Evening,1857,228,680,Satellite Depot,Central
DC_016,North Urban Hub DC_016,2026-04-08,Wednesday,Morning,158,103,310,Urban Hub,North
DC_016,North Urban Hub DC_016,2026-04-08,Wednesday,Afternoon,238,172,452,Urban Hub,North
DC_016,North Urban Hub DC_016,2026-04-08,Wednesday,Evening,143,87,269,Urban Hub,North
DC_017,South Regional Center DC_017,2026-04-08,Wednesday,Morning,548,320,834,Regional Center,South
DC_017,South Regional Center DC_017,2026-04-08,Wednesday,Afternoon,633,378,1188,Regional Center,South
DC_017,South Regional Center DC_017,2026-04-08,Wednesday,Evening,311,187,622,Regional Center,South
DC_018,East Satellite Depot DC_018,2026-04-08,Wednesday,Morning,166,118,303,Satellite Depot,East
DC_018,East Satellite Depot DC_018,2026-04-08,Wednesday,Afternoon,221,143,465,Satellite Depot,East
DC_018,East Satellite Depot DC_018,2026-04-08,Wednesday,Evening,113,68,226,Satellite Depot,East
DC_019,West Urban Hub DC_019,2026-04-08,Wednesday,Morning,630,356,1084,Urban Hub,West
DC_019,West Urban Hub DC_019,2026-04-08,Wednesday,Afternoon,811,543,1532,Urban Hub,West
DC_019,West Urban Hub DC_019,2026-04-08,Wednesday,Evening,418,266,830,Urban Hub,West
DC_020,Central Regional Center DC_020,2026-04-08,Wednesday,Morning,328,173,601,Regional Center,Central
DC_020,Central Regional Center DC_020,2026-04-08,Wednesday,Afternoon,464,265,821,Regional Center,Central
DC_020,Central Regional Center DC_020,2026-04-08,Wednesday,Evening,328,190,526,Regional Center,Central
DC_021,North Satellite Depot DC_021,2026-04-08,Wednesday,Morning,1040,143,404,Satellite Depot,North
DC_021,North Satellite Depot DC_021,2026-04-08,Wednesday,Afternoon,1702,239,702,Satellite Depot,North
DC_021,North Satellite Depot DC_021,2026-04-08,Wednesday,Evening,1089,125,410,Satellite Depot,North
DC_022,South Urban Hub DC_022,2026-04-08,Wednesday,Morning,207,119,363,Urban Hub,South
DC_022,South Urban Hub DC_022,2026-04-08,Wednesday,Afternoon,291,207,568,Urban Hub,South
DC_022,South Urban Hub DC_022,2026-04-08,Wednesday,Evening,182,89,307,Urban Hub,South
DC_023,East Regional Center DC_023,2026-04-08,Wednesday,Morning,756,465,1460,Regional Center,East
DC_023,East Regional Center DC_023,2026-04-08,Wednesday,Afternoon,994,662,1990,Regional Center,East
DC_023,East Regional Center DC_023,2026-04-08,Wednesday,Evening,562,387,1146,Regional Center,East
DC_024,West Satellite Depot DC_024,2026-04-08,Wednesday,Morning,315,185,524,Satellite Depot,West
DC_024,West Satellite Depot DC_024,2026-04-08,Wednesday,Afternoon,351,199,706,Satellite Depot,West
DC_024,West Satellite Depot DC_024,2026-04-08,Wednesday,Evening,323,156,512,Satellite Depot,West
DC_001,North Urban Hub DC_001,2026-04-09,Thursday,Morning,461,265,828,Urban Hub,North
DC_001,North Urban Hub DC_001,2026-04-09,Thursday,Afternoon,485,330,936,Urban Hub,North
DC_001,North Urban Hub DC_001,2026-04-09,Thursday,Evening,394,194,629,Urban Hub,North
DC_002,South Regional Center DC_002,2026-04-09,Thursday,Morning,202,124,350,Regional Center,South
DC_002,South Regional Center DC_002,2026-04-09,Thursday,Afternoon,220,136,402,Regional Center,South
DC_002,South Regional Center DC_002,2026-04-09,Thursday,Evening,121,79,236,Regional Center,South
DC_003,East Satellite Depot DC_003,2026-04-09,Thursday,Morning,242,211,710,Satellite Depot,East
DC_003,East Satellite Depot DC_003,2026-04-09,Thursday,Afternoon,399,375,1221,Satellite Depot,East
DC_003,East Satellite Depot DC_003,2026-04-09,Thursday,Evening,189,187,588,Satellite Depot,East
DC_004,West Urban Hub DC_004,2026-04-09,Thursday,Morning,577,389,1129,Urban Hub,West
DC_004,West Urban Hub DC_004,2026-04-09,Thursday,Afternoon,925,773,1832,Urban Hub,West
DC_004,West Urban Hub DC_004,2026-04-09,Thursday,Evening,808,363,1071,Urban Hub,West
DC_005,Central Regional Center DC_005,2026-04-09,Thursday,Morning,106,71,194,Regional Center,Central
DC_005,Central Regional Center DC_005,2026-04-09,Thursday,Afternoon,119,94,245,Regional Center,Central
DC_005,Central Regional Center DC_005,2026-04-09,Thursday,Evening,87,58,163,Regional Center,Central
DC_006,North Satellite Depot DC_006,2026-04-09,Thursday,Morning,714,75,249,Satellite Depot,North
DC_006,North Satellite Depot DC_006,2026-04-09,Thursday,Afternoon,1285,138,415,Satellite Depot,North
DC_006,North Satellite Depot DC_006,2026-04-09,Thursday,Evening,465,73,203,Satellite Depot,North
DC_007,South Urban Hub DC_007,2026-04-09,Thursday,Morning,399,266,747,Urban Hub,South
DC_007,South Urban Hub DC_007,2026-04-09,Thursday,Afternoon,542,338,940,Urban Hub,South
DC_007,South Urban Hub DC_007,2026-04-09,Thursday,Evening,336,218,556,Urban Hub,South
DC_008,East Regional Center DC_008,2026-04-09,Thursday,Morning,1344,148,430,Regional Center,East
DC_008,East Regional Center DC_008,2026-04-09,Thursday,Afternoon,1738,171,617,Regional Center,East
DC_008,East Regional Center DC_008,2026-04-09,Thursday,Evening,935,140,371,Regional Center,East
DC_009,West Satellite Depot DC_009,2026-04-09,Thursday,Morning,311,210,597,Satellite Depot,West
DC_009,West Satellite Depot DC_009,2026-04-09,Thursday,Afternoon,610,335,1013,Satellite Depot,West
DC_009,West Satellite Depot DC_009,2026-04-09,Thursday,Evening,262,170,500,Satellite Depot,West
DC_010,Central Urban Hub DC_010,2026-04-09,Thursday,Morning,89,92,270,Urban Hub,Central
DC_010,Central Urban Hub DC_010,2026-04-09,Thursday,Afternoon,135,139,428,Urban Hub,Central
DC_010,Central Urban Hub DC_010,2026-04-09,Thursday,Evening,66,72,220,Urban Hub,Central
DC_011,North Regional Center DC_011,2026-04-09,Thursday,Morning,580,312,1100,Regional Center,North
DC_011,North Regional Center DC_011,2026-04-09,Thursday,Afternoon,748,575,1510,Regional Center,North
DC_011,North Regional Center DC_011,2026-04-09,Thursday,Evening,441,297,956,Regional Center,North
DC_012,South Satellite Depot DC_012,2026-04-09,Thursday,Morning,602,344,1070,Satellite Depot,South
DC_012,South Satellite Depot DC_012,2026-04-09,Thursday,Afternoon,894,512,1551,Satellite Depot,South
DC_012,South Satellite Depot DC_012,2026-04-09,Thursday,Evening,514,308,893,Satellite Depot,South
DC_013,East Urban Hub DC_013,2026-04-09,Thursday,Morning,304,183,592,Urban Hub,East
DC_013,East Urban Hub DC_013,2026-04-09,Thursday,Afternoon,494,325,1015,Urban Hub,East
DC_013,East Urban Hub DC_013,2026-04-09,Thursday,Evening,295,186,571,Urban Hub,East
DC_014,West Regional Center DC_014,2026-04-09,Thursday,Morning,556,425,1268,Regional Center,West
DC_014,West Regional Center DC_014,2026-04-09,Thursday,Afternoon,961,595,1881,Regional Center,West
DC_014,West Regional Center DC_014,2026-04-09,Thursday,Evening,470,318,980,Regional Center,West
DC_015,Central Satellite Depot DC_015,2026-04-09,Thursday,Morning,1819,241,786,Satellite Depot,Central
DC_015,Central Satellite Depot DC_015,2026-04-09,Thursday,Afternoon,2561,356,1163,Satellite Depot,Central
DC_015,Central Satellite Depot DC_015,2026-04-09,Thursday,Evening,1606,229,718,Satellite Depot,Central
DC_016,North Urban Hub DC_016,2026-04-09,Thursday,Morning,198,107,348,Urban Hub,North
DC_016,North Urban Hub DC_016,2026-04-09,Thursday,Afternoon,289,187,543,Urban Hub,North
DC_016,North Urban Hub DC_016,2026-04-09,Thursday,Evening,157,106,294,Urban Hub,North
DC_017,South Regional Center DC_017,2026-04-09,Thursday,Morning,360,291,714,Regional Center,South
DC_017,South Regional Center DC_017,2026-04-09,Thursday,Afternoon,688,360,1233,Regional Center,South
DC_017,South Regional Center DC_017,2026-04-09,Thursday,Evening,324,216,648,Regional Center,South
DC_018,East Satellite Depot DC_018,2026-04-09,Thursday,Morning,164,111,330,Satellite Depot,East
DC_018,East Satellite Depot DC_018,2026-04-09,Thursday,Afternoon,312,167,529,Satellite Depot,East
DC_018,East Satellite Depot DC_018,2026-04-09,Thursday,Evening,146,82,292,Satellite Depot,East
DC_019,West Urban Hub DC_019,2026-04-09,Thursday,Morning,622,355,1013,Urban Hub,West
DC_019,West Urban Hub DC_019,2026-04-09,Thursday,Afternoon,865,545,1704,Urban Hub,West
DC_019,West Urban Hub DC_019,2026-04-09,Thursday,Evening,406,293,818,Urban Hub,West
DC_020,Central Regional Center DC_020,2026-04-09,Thursday,Morning,281,211,673,Regional Center,Central
DC_020,Central Regional Center DC_020,2026-04-09,Thursday,Afternoon,541,365,967,Regional Center,Central
DC_020,Central Regional Center DC_020,2026-04-09,Thursday,Evening,291,179,489,Regional Center,Central
DC_021,North Satellite Depot DC_021,2026-04-09,Thursday,Morning,1546,193,615,Satellite Depot,North
DC_021,North Satellite Depot DC_021,2026-04-09,Thursday,Afternoon,2076,237,791,Satellite Depot,North
DC_021,North Satellite Depot DC_021,2026-04-09,Thursday,Evening,1103,147,449,Satellite Depot,North
DC_022,South Urban Hub DC_022,2026-04-09,Thursday,Morning,235,146,381,Urban Hub,South
DC_022,South Urban Hub DC_022,2026-04-09,Thursday,Afternoon,304,207,575,Urban Hub,South
DC_022,South Urban Hub DC_022,2026-04-09,Thursday,Evening,172,127,325,Urban Hub,South
DC_023,East Regional Center DC_023,2026-04-09,Thursday,Morning,669,409,1306,Regional Center,East
DC_023,East Regional Center DC_023,2026-04-09,Thursday,Afternoon,1006,572,1919,Regional Center,East
DC_023,East Regional Center DC_023,2026-04-09,Thursday,Evening,670,418,1247,Regional Center,East
DC_024,West Satellite Depot DC_024,2026-04-09,Thursday,Morning,278,174,547,Satellite Depot,West
DC_024,West Satellite Depot DC_024,2026-04-09,Thursday,Afternoon,477,274,907,Satellite Depot,West
DC_024,West Satellite Depot DC_024,2026-04-09,Thursday,Evening,239,146,483,Satellite Depot,West
DC_001,North Urban Hub DC_001,2026-04-10,Friday,Morning,468,208,726,Urban Hub,North
DC_001,North Urban Hub DC_001,2026-04-10,Friday,Afternoon,758,407,1188,Urban Hub,North
DC_001,North Urban Hub DC_001,2026-04-10,Friday,Evening,376,231,687,Urban Hub,North
DC_002,South Regional Center DC_002,2026-04-10,Friday,Morning,232,135,392,Regional Center,South
DC_002,South Regional Center DC_002,2026-04-10,Friday,Afternoon,276,167,537,Regional Center,South
DC_002,South Regional Center DC_002,2026-04-10,Friday,Evening,165,98,315,Regional Center,South
DC_003,East Satellite Depot DC_003,2026-04-10,Friday,Morning,266,265,830,Satellite Depot,East
DC_003,East Satellite Depot DC_003,2026-04-10,Friday,Afternoon,388,399,1293,Satellite Depot,East
DC_003,East Satellite Depot DC_003,2026-04-10,Friday,Evening,248,227,709,Satellite Depot,East
DC_004,West Urban Hub DC_004,2026-04-10,Friday,Morning,666,349,1274,Urban Hub,West
DC_004,West Urban Hub DC_004,2026-04-10,Friday,Afternoon,938,545,1835,Urban Hub,West
DC_004,West Urban Hub DC_004,2026-04-10,Friday,Evening,465,357,1072,Urban Hub,West
DC_005,Central Regional Center DC_005,2026-04-10,Friday,Morning,115,66,200,Regional Center,Central
DC_005,Central Regional Center DC_005,2026-04-10,Friday,Afternoon,147,94,298,Regional Center,Central
DC_005,Central Regional Center DC_005,2026-04-10,Friday,Evening,96,59,179,Regional Center,Central
DC_006,North Satellite Depot DC_006,2026-04-10,Friday,Morning,826,114,332,Satellite Depot,North
DC_006,North Satellite Depot DC_006,2026-04-10,Friday,Afternoon,1099,116,387,Satellite Depot,North
DC_006,North Satellite Depot DC_006,2026-04-10,Friday,Evening,563,72,221,Satellite Depot,North
DC_007,South Urban Hub DC_007,2026-04-10,Friday,Morning,425,259,732,Urban Hub,South
DC_007,South Urban Hub DC_007,2026-04-10,Friday,Afternoon,531,332,1056,Urban Hub,South
DC_007,South Urban Hub DC_007,2026-04-10,Friday,Evening,269,185,539,Urban Hub,South
DC_008,East Regional Center DC_008,2026-04-10,Friday,Morning,1351,139,476,Regional Center,East
DC_008,East Regional Center DC_008,2026-04-10,Friday,Afternoon,1907,229,782,Regional Center,East
DC_008,East Regional Center DC_008,2026-04-10,Friday,Evening,1567,174,507,Regional Center,East
DC_009,West Satellite Depot DC_009,2026-04-10,Friday,Morning,378,230,651,Satellite Depot,West
DC_009,West Satellite Depot DC_009,2026-04-10,Friday,Afternoon,605,315,1003,Satellite Depot,West
DC_009,West Satellite Depot DC_009,2026-04-10,Friday,Evening,292,178,573,Satellite Depot,West
DC_010,Central Urban Hub DC_010,2026-04-10,Friday,Morning,105,86,314,Urban Hub,Central
DC_010,Central Urban Hub DC_010,2026-04-10,Friday,Afternoon,179,160,455,Urban Hub,Central
DC_010,Central Urban Hub DC_010,2026-04-10,Friday,Evening,69,70,214,Urban Hub,Central
DC_011,North Regional Center DC_011,2026-04-10,Friday,Morning,526,365,1181,Regional Center,North
DC_011,North Regional Center DC_011,2026-04-10,Friday,Afternoon,1139,683,1947,Regional Center,North
DC_011,North Regional Center DC_011,2026-04-10,Friday,Evening,537,389,1025,Regional Center,North
DC_012,South Satellite Depot DC_012,2026-04-10,Friday,Morning,602,372,1132,Satellite Depot,South
DC_012,South Satellite Depot DC_012,2026-04-10,Friday,Afternoon,904,527,1611,Satellite Depot,South
DC_012,South Satellite Depot DC_012,2026-04-10,Friday,Evening,485,286,964,Satellite Depot,South
DC_013,East Urban Hub DC_013,2026-04-10,Friday,Morning,393,220,706,Urban Hub,East
DC_013,East Urban Hub DC_013,2026-04-10,Friday,Afternoon,632,345,1138,Urban Hub,East
DC_013,East Urban Hub DC_013,2026-04-10,Friday,Evening,307,183,650,Urban Hub,East
DC_014,West Regional Center DC_014,2026-04-10,Friday,Morning,713,432,1341,Regional Center,West
DC_014,West Regional Center DC_014,2026-04-10,Friday,Afternoon,1218,786,2145,Regional Center,West
DC_014,West Regional Center DC_014,2026-04-10,Friday,Evening,696,388,1210,Regional Center,West
DC_015,Central Satellite Depot DC_015,2026-04-10,Friday,Morning,2539,278,879,Satellite Depot,Central
DC_015,Central Satellite Depot DC_015,2026-04-10,Friday,Afternoon,3482,391,1425,Satellite Depot,Central
DC_015,Central Satellite Depot DC_015,2026-04-10,Friday,Evening,1971,282,800,Satellite Depot,Central
DC_016,North Urban Hub DC_016,2026-04-10,Friday,Morning,151,114,327,Urban Hub,North
DC_016,North Urban Hub DC_016,2026-04-10,Friday,Afternoon,267,163,501,Urban Hub,North
DC_016,North Urban Hub DC_016,2026-04-10,Friday,Evening,154,83,282,Urban Hub,North
DC_017,South Regional Center DC_017,2026-04-10,Friday,Morning,507,247,824,Regional Center,South
DC_017,South Regional Center DC_017,2026-04-10,Friday,Afternoon,777,507,1373,Regional Center,South
DC_017,South Regional Center DC_017,2026-04-10,Friday,Evening,369,203,690,Regional Center,South
DC_018,East Satellite Depot DC_018,2026-04-10,Friday,Morning,168,96,313,Satellite Depot,East
DC_018,East Satellite Depot DC_018,2026-04-10,Friday,Afternoon,201,148,414,Satellite Depot,East
DC_018,East Satellite Depot DC_018,2026-04-10,Friday,Evening,152,87,292,Satellite Depot,East
DC_019,West Urban Hub DC_019,2026-04-10,Friday,Morning,813,405,1176,Urban Hub,West
DC_019,West Urban Hub DC_019,2026-04-10,Friday,Afternoon,927,531,1709,Urban Hub,West
DC_019,West Urban Hub DC_019,2026-04-10,Friday,Evening,502,328,998,Urban Hub,West
DC_020,Central Regional Center DC_020,2026-04-10,Friday,Morning,318,178,572,Regional Center,Central
DC_020,Central Regional Center DC_020,2026-04-10,Friday,Afternoon,461,276,918,Regional Center,Central
DC_020,Central Regional Center DC_020,2026-04-10,Friday,Evening,427,203,565,Regional Center,Central
DC_021,North Satellite Depot DC_021,2026-04-10,Friday,Morning,1770,249,650,Satellite Depot,North
DC_021,North Satellite Depot DC_021,2026-04-10,Friday,Afternoon,2398,276,930,Satellite Depot,North
DC_021,North Satellite Depot DC_021,2026-04-10,Friday,Evening,1188,151,481,Satellite Depot,North
DC_022,South Urban Hub DC_022,2026-04-10,Friday,Morning,188,129,432,Urban Hub,South
DC_022,South Urban Hub DC_022,2026-04-10,Friday,Afternoon,273,158,536,Urban Hub,South
DC_022,South Urban Hub DC_022,2026-04-10,Friday,Evening,207,110,374,Urban Hub,South
DC_023,East Regional Center DC_023,2026-04-10,Friday,Morning,702,566,1647,Regional Center,East
DC_023,East Regional Center DC_023,2026-04-10,Friday,Afternoon,1210,741,2207,Regional Center,East
DC_023,East Regional Center DC_023,2026-04-10,Friday,Evening,862,397,1187,Regional Center,East
DC_024,West Satellite Depot DC_024,2026-04-10,Friday,Morning,361,180,645,Satellite Depot,West
DC_024,West Satellite Depot DC_024,2026-04-10,Friday,Afternoon,445,297,941,Satellite Depot,West
DC_024,West Satellite Depot DC_024,2026-04-10,Friday,Evening,288,162,557,Satellite Depot,West
DC_001,North Urban Hub DC_001,2026-04-11,Saturday,Morning,431,266,848,Urban Hub,North
DC_001,North Urban Hub DC_001,2026-04-11,Saturday,Afternoon,634,338,1237,Urban Hub,North
DC_001,North Urban Hub DC_001,2026-04-11,Saturday,Evening,352,202,688,Urban Hub,North
DC_002,South Regional Center DC_002,2026-04-11,Saturday,Morning,227,170,427,Regional Center,South
DC_002,South Regional Center DC_002,2026-04-11,Saturday,Afternoon,414,176,611,Regional Center,South
DC_002,South Regional Center DC_002,2026-04-11,Saturday,Evening,160,115,330,Regional Center,South
DC_003,East Satellite Depot DC_003,2026-04-11,Saturday,Morning,259,266,823,Satellite Depot,East
DC_003,East Satellite Depot DC_003,2026-04-11,Saturday,Afternoon,433,357,1353,Satellite Depot,East
DC_003,East Satellite Depot DC_003,2026-04-11,Saturday,Evening,244,252,833,Satellite Depot,East
DC_004,West Urban Hub DC_004,2026-04-11,Saturday,Morning,859,613,1585,Urban Hub,West
DC_004,West Urban Hub DC_004,2026-04-11,Saturday,Afternoon,1033,733,2093,Urban Hub,West
DC_004,West Urban Hub DC_004,2026-04-11,Saturday,Evening,664,335,1164,Urban Hub,West
DC_005,Central Regional Center DC_005,2026-04-11,Saturday,Morning,115,70,229,Regional Center,Central
DC_005,Central Regional Center DC_005,2026-04-11,Saturday,Afternoon,169,115,323,Regional Center,Central
DC_005,Central Regional Center DC_005,2026-04-11,Saturday,Evening,78,47,149,Regional Center,Central
DC_006,North Satellite Depot DC_006,2026-04-11,Saturday,Morning,730,93,326,Satellite Depot,North
DC_006,North Satellite Depot DC_006,2026-04-11,Saturday,Afternoon,1096,127,410,Satellite Depot,North
DC_006,North Satellite Depot DC_006,2026-04-11,Saturday,Evening,672,88,298,Satellite Depot,North
DC_007,South Urban Hub DC_007,2026-04-11,Saturday,Morning,425,221,729,Urban Hub,South
DC_007,South Urban Hub DC_007,2026-04-11,Saturday,Afternoon,561,335,1030,Urban Hub,South
DC_007,South Urban Hub DC_007,2026-04-11,Saturday,Evening,390,284,707,Urban Hub,South
DC_008,East Regional Center DC_008,2026-04-11,Saturday,Morning,1492,173,539,Regional Center,East
DC_008,East Regional Center DC_008,2026-04-11,Saturday,Afternoon,2047,234,772,Regional Center,East
DC_008,East Regional Center DC_008,2026-04-11,Saturday,Evening,1029,116,379,Regional Center,East
DC_009,West Satellite Depot DC_009,2026-04-11,Saturday,Morning,456,221,723,Satellite Depot,West
DC_009,West Satellite Depot DC_009,2026-04-11,Saturday,Afternoon,665,476,1243,Satellite Depot,West
DC_009,West Satellite Depot DC_009,2026-04-11,Saturday,Evening,425,211,669,Satellite Depot,West
DC_010,Central Urban Hub DC_010,2026-04-11,Saturday,Morning,112,103,308,Urban Hub,Central
DC_010,Central Urban Hub DC_010,2026-04-11,Saturday,Afternoon,168,150,488,Urban Hub,Central
DC_010,Central Urban Hub DC_010,2026-04-11,Saturday,Evening,78,84,265,Urban Hub,Central
DC_011,North Regional Center DC_011,2026-04-11,Saturday,Morning,747,478,1286,Regional Center,North
DC_011,North Regional Center DC_011,2026-04-11,Saturday,Afternoon,1152,834,2090,Regional Center,North
DC_011,North Regional Center DC_011,2026-04-11,Saturday,Evening,633,311,1086,Regional Center,North
DC_012,South Satellite Depot DC_012,2026-04-11,Saturday,Morning,681,326,1101,Satellite Depot,South
DC_012,South Satellite Depot DC_012,2026-04-11,Saturday,Afternoon,1216,720,2119,Satellite Depot,South
DC_012,South Satellite Depot DC_012,2026-04-11,Saturday,Evening,766,423,1115,Satellite Depot,South
DC_013,East Urban Hub DC_013,2026-04-11,Saturday,Morning,363,262,784,Urban Hub,East
DC_013,East Urban Hub DC_013,2026-04-11,Saturday,Afternoon,582,335,1213,Urban Hub,East
DC_013,East Urban Hub DC_013,2026-04-11,Saturday,Evening,340,179,638,Urban Hub,East
DC_014,West Regional Center DC_014,2026-04-11,Saturday,Morning,680,494,1405,Regional Center,West
DC_014,West Regional Center DC_014,2026-04-11,Saturday,Afternoon,1319,846,2419,Regional Center,West
DC_014,West Regional Center DC_014,2026-04-11,Saturday,Evening,637,367,1228,Regional Center,West
DC_015,Central Satellite Depot DC_015,2026-04-11,Saturday,Morning,2643,318,1031,Satellite Depot,Central
DC_015,Central Satellite Depot DC_015,2026-04-11,Saturday,Afternoon,3471,436,1441,Satellite Depot,Central
DC_015,Central Satellite Depot DC_015,2026-04-11,Saturday,Evening,2809,351,1049,Satellite Depot,Central
DC_016,North Urban Hub DC_016,2026-04-11,Saturday,Morning,207,142,421,Urban Hub,North
DC_016,North Urban Hub DC_016,2026-04-11,Saturday,Afternoon,291,199,575,Urban Hub,North
DC_016,North Urban Hub DC_016,2026-04-11,Saturday,Evening,169,95,319,Urban Hub,North
DC_017,South Regional Center DC_017,2026-04-11,Saturday,Morning,602,355,930,Regional Center,South
DC_017,South Regional Center DC_017,2026-04-11,Saturday,Afternoon,804,430,1318,Regional Center,South
DC_017,South Regional Center DC_017,2026-04-11,Saturday,Evening,421,253,737,Regional Center,South
DC_018,East Satellite Depot DC_018,2026-04-11,Saturday,Morning,169,110,358,Satellite Depot,East
DC_018,East Satellite Depot DC_018,2026-04-11,Saturday,Afternoon,311,186,558,Satellite Depot,East
DC_018,East Satellite Depot DC_018,2026-04-11,Saturday,Evening,160,111,318,Satellite Depot,East
DC_019,West Urban Hub DC_019,2026-04-11,Saturday,Morning,815,390,1230,Urban Hub,West
DC_019,West Urban Hub DC_019,2026-04-11,Saturday,Afternoon,1068,549,1951,Urban Hub,West
DC_019,West Urban Hub DC_019,2026-04-11,Saturday,Evening,495,307,950,Urban Hub,West
DC_020,Central Regional Center DC_020,2026-04-11,Saturday,Morning,397,236,738,Regional Center,Central
DC_020,Central Regional Center DC_020,2026-04-11,Saturday,Afternoon,560,385,1192,Regional Center,Central
DC_020,Central Regional Center DC_020,2026-04-11,Saturday,Evening,377,201,661,Regional Center,Central
DC_021,North Satellite Depot DC_021,2026-04-11,Saturday,Morning,1346,158,577,Satellite Depot,North
DC_021,North Satellite Depot DC_021,2026-04-11,Saturday,Afternoon,2989,308,912,Satellite Depot,North
DC_021,North Satellite Depot DC_021,2026-04-11,Saturday,Evening,1377,178,562,Satellite Depot,North
DC_022,South Urban Hub DC_022,2026-04-11,Saturday,Morning,244,141,481,Urban Hub,South
DC_022,South Urban Hub DC_022,2026-04-11,Saturday,Afternoon,332,225,717,Urban Hub,South
DC_022,South Urban Hub DC_022,2026-04-11,Saturday,Evening,218,135,398,Urban Hub,South
DC_023,East Regional Center DC_023,2026-04-11,Saturday,Morning,1008,586,1934,Regional Center,East
DC_023,East Regional Center DC_023,2026-04-11,Saturday,Afternoon,1455,831,2578,Regional Center,East
DC_023,East Regional Center DC_023,2026-04-11,Saturday,Evening,799,592,1581,Regional Center,East
DC_024,West Satellite Depot DC_024,2026-04-11,Saturday,Morning,310,224,683,Satellite Depot,West
DC_024,West Satellite Depot DC_024,2026-04-11,Saturday,Afternoon,402,273,893,Satellite Depot,West
DC_024,West Satellite Depot DC_024,2026-04-11,Saturday,Evening,318,171,576,Satellite Depot,West
DC_001,North Urban Hub DC_001,2026-04-12,Sunday,Morning,429,277,897,Urban Hub,North
DC_001,North Urban Hub DC_001,2026-04-12,Sunday,Afternoon,752,469,1433,Urban Hub,North
DC_001,North Urban Hub DC_001,2026-04-12,Sunday,Evening,492,314,846,Urban Hub,North
DC_002,South Regional Center DC_002,2026-04-12,Sunday,Morning,198,122,394,Regional Center,South
DC_002,South Regional Center DC_002,2026-04-12,Sunday,Afternoon,320,177,582,Regional Center,South
DC_002,South Regional Center DC_002,2026-04-12,Sunday,Evening,174,103,312,Regional Center,South
DC_003,East Satellite Depot DC_003,2026-04-12,Sunday,Morning,0,0,0,Satellite Depot,East
DC_003,East Satellite Depot DC_003,2026-04-12,Sunday,Afternoon,0,0,0,Satellite Depot,East
DC_003,East Satellite Depot DC_003,2026-04-12,Sunday,Evening,0,0,0,Satellite Depot,East
DC_004,West Urban Hub DC_004,2026-04-12,Sunday,Morning,582,378,1135,Urban Hub,West
DC_004,West Urban Hub DC_004,2026-04-12,Sunday,Afternoon,837,491,1699,Urban Hub,West
DC_004,West Urban Hub DC_004,2026-04-12,Sunday,Evening,653,408,1270,Urban Hub,West
DC_005,Central Regional Center DC_005,2026-04-12,Sunday,Morning,105,68,230,Regional Center,Central
DC_005,Central Regional Center DC_005,2026-04-12,Sunday,Afternoon,151,90,288,Regional Center,Central
DC_005,Central Regional Center DC_005,2026-04-12,Sunday,Evening,75,40,148,Regional Center,Central
DC_006,North Satellite Depot DC_006,2026-04-12,Sunday,Morning,0,0,0,Satellite Depot,North
DC_006,North Satellite Depot DC_006,2026-04-12,Sunday,Afternoon,0,0,0,Satellite Depot,North
DC_006,North Satellite Depot DC_006,2026-04-12,Sunday,Evening,0,0,0,Satellite Depot,North
DC_007,South Urban Hub DC_007,2026-04-12,Sunday,Morning,366,224,771,Urban Hub,South
DC_007,South Urban Hub DC_007,2026-04-12,Sunday,Afternoon,561,375,1154,Urban Hub,South
DC_007,South Urban Hub DC_007,2026-04-12,Sunday,Evening,364,214,715,Urban Hub,South
DC_008,East Regional Center DC_008,2026-04-12,Sunday,Morning,1289,179,568,Regional Center,East
DC_008,East Regional Center DC_008,2026-04-12,Sunday,Afternoon,2493,244,888,Regional Center,East
DC_008,East Regional Center DC_008,2026-04-12,Sunday,Evening,1177,181,488,Regional Center,East
DC_009,West Satellite Depot DC_009,2026-04-12,Sunday,Morning,0,0,0,Satellite Depot,West
DC_009,West Satellite Depot DC_009,2026-04-12,Sunday,Afternoon,0,0,0,Satellite Depot,West
DC_009,West Satellite Depot DC_009,2026-04-12,Sunday,Evening,0,0,0,Satellite Depot,West
DC_010,Central Urban Hub DC_010,2026-04-12,Sunday,Morning,115,112,353,Urban Hub,Central
DC_010,Central Urban Hub DC_010,2026-04-12,Sunday,Afternoon,185,184,524,Urban Hub,Central
DC_010,Central Urban Hub DC_010,2026-04-12,Sunday,Evening,78,94,261,Urban Hub,Central
DC_011,North Regional Center DC_011,2026-04-12,Sunday,Morning,559,384,1134,Regional Center,North
DC_011,North Regional Center DC_011,2026-04-12,Sunday,Afternoon,1234,649,1901,Regional Center,North
DC_011,North Regional Center DC_011,2026-04-12,Sunday,Evening,532,375,1090,Regional Center,North
DC_012,South Satellite Depot DC_012,2026-04-12,Sunday,Morning,0,0,0,Satellite Depot,South
DC_012,South Satellite Depot DC_012,2026-04-12,Sunday,Afternoon,0,0,0,Satellite Depot,South
DC_012,South Satellite Depot DC_012,2026-04-12,Sunday,Evening,0,0,0,Satellite Depot,South
DC_013,East Urban Hub DC_013,2026-04-12,Sunday,Morning,358,220,762,Urban Hub,East
DC_013,East Urban Hub DC_013,2026-04-12,Sunday,Afternoon,578,346,1081,Urban Hub,East
DC_013,East Urban Hub DC_013,2026-04-12,Sunday,Evening,317,191,592,Urban Hub,East
DC_014,West Regional Center DC_014,2026-04-12,Sunday,Morning,799,556,1678,Regional Center,West
DC_014,West Regional Center DC_014,2026-04-12,Sunday,Afternoon,1134,767,2267,Regional Center,West
DC_014,West Regional Center DC_014,2026-04-12,Sunday,Evening,720,469,1341,Regional Center,West
DC_015,Central Satellite Depot DC_015,2026-04-12,Sunday,Morning,0,0,0,Satellite Depot,Central
DC_015,Central Satellite Depot DC_015,2026-04-12,Sunday,Afternoon,0,0,0,Satellite Depot,Central
DC_015,Central Satellite Depot DC_015,2026-04-12,Sunday,Evening,0,0,0,Satellite Depot,Central
DC_016,North Urban Hub DC_016,2026-04-12,Sunday,Morning,311,200,524,Urban Hub,North
DC_016,North Urban Hub DC_016,2026-04-12,Sunday,Afternoon,421,235,728,Urban Hub,North
DC_016,North Urban Hub DC_016,2026-04-12,Sunday,Evening,181,122,349,Urban Hub,North
DC_017,South Regional Center DC_017,2026-04-12,Sunday,Morning,472,325,925,Regional Center,South
DC_017,South Regional Center DC_017,2026-04-12,Sunday,Afternoon,732,485,1330,Regional Center,South
DC_017,South Regional Center DC_017,2026-04-12,Sunday,Evening,398,252,756,Regional Center,South
DC_018,East Satellite Depot DC_018,2026-04-12,Sunday,Morning,0,0,0,Satellite Depot,East
DC_018,East Satellite Depot DC_018,2026-04-12,Sunday,Afternoon,0,0,0,Satellite Depot,East
DC_018,East Satellite Depot DC_018,2026-04-12,Sunday,Evening,0,0,0,Satellite Depot,East
DC_019,West Urban Hub DC_019,2026-04-12,Sunday,Morning,770,443,1414,Urban Hub,West
DC_019,West Urban Hub DC_019,2026-04-12,Sunday,Afternoon,1165,865,2297,Urban Hub,West
DC_019,West Urban Hub DC_019,2026-04-12,Sunday,Evening,559,386,1175,Urban Hub,West
DC_020,Central Regional Center DC_020,2026-04-12,Sunday,Morning,440,283,772,Regional Center,Central
DC_020,Central Regional Center DC_020,2026-04-12,Sunday,Afternoon,696,357,1085,Regional Center,Central
DC_020,Central Regional Center DC_020,2026-04-12,Sunday,Evening,429,236,657,Regional Center,Central
DC_021,North Satellite Depot DC_021,2026-04-12,Sunday,Morning,0,0,0,Satellite Depot,North
DC_021,North Satellite Depot DC_021,2026-04-12,Sunday,Afternoon,0,0,0,Satellite Depot,North
DC_021,North Satellite Depot DC_021,2026-04-12,Sunday,Evening,0,0,0,Satellite Depot,North
DC_022,South Urban Hub DC_022,2026-04-12,Sunday,Morning,256,173,500,Urban Hub,South
DC_022,South Urban Hub DC_022,2026-04-12,Sunday,Afternoon,472,239,792,Urban Hub,South
DC_022,South Urban Hub DC_022,2026-04-12,Sunday,Evening,235,147,451,Urban Hub,South
DC_023,East Regional Center DC_023,2026-04-12,Sunday,Morning,1243,532,1688,Regional Center,East
DC_023,East Regional Center DC_023,2026-04-12,Sunday,Afternoon,1300,742,2431,Regional Center,East
DC_023,East Regional Center DC_023,2026-04-12,Sunday,Evening,811,442,1355,Regional Center,East
DC_024,West Satellite Depot DC_024,2026-04-12,Sunday,Morning,0,0,0,Satellite Depot,West
DC_024,West Satellite Depot DC_024,2026-04-12,Sunday,Afternoon,0,0,0,Satellite Depot,West
DC_024,West Satellite Depot DC_024,2026-04-12,Sunday,Evening,0,0,0,Satellite Depot,West
DC_001,North Urban Hub DC_001,2026-04-13,Monday,Morning,636,316,994,Urban Hub,North
DC_001,North Urban Hub DC_001,2026-04-13,Monday,Afternoon,711,448,1288,Urban Hub,North
DC_001,North Urban Hub DC_001,2026-04-13,Monday,Evening,334,266,740,Urban Hub,North
DC_002,South Regional Center DC_002,2026-04-13,Monday,Morning,143,66,235,Regional Center,South
DC_002,South Regional Center DC_002,2026-04-13,Monday,Afternoon,200,125,374,Regional Center,South
DC_002,South Regional Center DC_002,2026-04-13,Monday,Evening,109,54,200,Regional Center,South
DC_003,East Satellite Depot DC_003,2026-04-13,Monday,Morning,243,212,691,Satellite Depot,East
DC_003,East Satellite Depot DC_003,2026-04-13,Monday,Afternoon,339,259,870,Satellite Depot,East
DC_003,East Satellite Depot DC_003,2026-04-13,Monday,Evening,166,190,567,Satellite Depot,East
DC_004,West Urban Hub DC_004,2026-04-13,Monday,Morning,460,290,926,Urban Hub,West
DC_004,West Urban Hub DC_004,2026-04-13,Monday,Afternoon,861,436,1364,Urban Hub,West
DC_004,West Urban Hub DC_004,2026-04-13,Monday,Evening,512,261,850,Urban Hub,West
DC_005,Central Regional Center DC_005,2026-04-13,Monday,Morning,73,44,147,Regional Center,Central
DC_005,Central Regional Center DC_005,2026-04-13,Monday,Afternoon,128,68,203,Regional Center,Central
DC_005,Central Regional Center DC_005,2026-04-13,Monday,Evening,72,44,128,Regional Center,Central
DC_006,North Satellite Depot DC_006,2026-04-13,Monday,Morning,597,82,271,Satellite Depot,North
DC_006,North Satellite Depot DC_006,2026-04-13,Monday,Afternoon,1191,156,505,Satellite Depot,North
DC_006,North Satellite Depot DC_006,2026-04-13,Monday,Evening,679,87,259,Satellite Depot,North
DC_007,South Urban Hub DC_007,2026-04-13,Monday,Morning,491,326,972,Urban Hub,South
DC_007,South Urban Hub DC_007,2026-04-13,Monday,Afternoon,737,359,1249,Urban Hub,South
DC_007,South Urban Hub DC_007,2026-04-13,Monday,Evening,322,188,634,Urban Hub,South
DC_008,East Regional Center DC_008,2026-04-13,Monday,Morning,1650,208,645,Regional Center,East
DC_008,East Regional Center DC_008,2026-04-13,Monday,Afternoon,2555,313,935,Regional Center,East
DC_008,East Regional Center DC_008,2026-04-13,Monday,Evening,1521,201,583,Regional Center,East
DC_009,West Satellite Depot DC_009,2026-04-13,Monday,Morning,232,148,483,Satellite Depot,West
DC_009,West Satellite Depot DC_009,2026-04-13,Monday,Afternoon,431,243,790,Satellite Depot,West
DC_009,West Satellite Depot DC_009,2026-04-13,Monday,Evening,217,119,398,Satellite Depot,West
DC_010,Central Urban Hub DC_010,2026-04-13,Monday,Morning,84,82,236,Urban Hub,Central
DC_010,Central Urban Hub DC_010,2026-04-13,Monday,Afternoon,92,127,333,Urban Hub,Central
DC_010,Central Urban Hub DC_010,2026-04-13,Monday,Evening,70,64,188,Urban Hub,Central
DC_011,North Regional Center DC_011,2026-04-13,Monday,Morning,486,295,876,Regional Center,North
DC_011,North Regional Center DC_011,2026-04-13,Monday,Afternoon,760,495,1354,Regional Center,North
DC_011,North Regional Center DC_011,2026-04-13,Monday,Evening,396,241,799,Regional Center,North
DC_012,South Satellite Depot DC_012,2026-04-13,Monday,Morning,383,226,740,Satellite Depot,South
DC_012,South Satellite Depot DC_012,2026-04-13,Monday,Afternoon,618,378,1162,Satellite Depot,South
DC_012,South Satellite Depot DC_012,2026-04-13,Monday,Evening,362,301,807,Satellite Depot,South
DC_013,East Urban Hub DC_013,2026-04-13,Monday,Morning,372,191,638,Urban Hub,East
DC_013,East Urban Hub DC_013,2026-04-13,Monday,Afternoon,506,267,859,Urban Hub,East
DC_013,East Urban Hub DC_013,2026-04-13,Monday,Evening,222,139,439,Urban Hub,East
DC_014,West Regional Center DC_014,2026-04-13,Monday,Morning,614,380,1161,Regional Center,West
DC_014,West Regional Center DC_014,2026-04-13,Monday,Afternoon,871,527,1729,Regional Center,West
DC_014,West Regional Center DC_014,2026-04-13,Monday,Evening,495,283,836,Regional Center,West
DC_015,Central Satellite Depot DC_015,2026-04-13,Monday,Morning,1573,196,656,Satellite Depot,Central
DC_015,Central Satellite Depot DC_015,2026-04-13,Monday,Afternoon,2318,297,1022,Satellite Depot,Central
DC_015,Central Satellite Depot DC_015,2026-04-13,Monday,Evening,1644,168,586,Satellite Depot,Central
DC_016,North Urban Hub DC_016,2026-04-13,Monday,Morning,221,139,421,Urban Hub,North
DC_016,North Urban Hub DC_016,2026-04-13,Monday,Afternoon,365,181,589,Urban Hub,North
DC_016,North Urban Hub DC_016,2026-04-13,Monday,Evening,136,117,330,Urban Hub,North
DC_017,South Regional Center DC_017,2026-04-13,Monday,Morning,295,167,582,Regional Center,South
DC_017,South Regional Center DC_017,2026-04-13,Monday,Afternoon,492,370,976,Regional Center,South
DC_017,South Regional Center DC_017,2026-04-13,Monday,Evening,303,194,510,Regional Center,South
DC_018,East Satellite Depot DC_018,2026-04-13,Monday,Morning,272,144,400,Satellite Depot,East
DC_018,East Satellite Depot DC_018,2026-04-13,Monday,Afternoon,329,178,569,Satellite Depot,East
DC_018,East Satellite Depot DC_018,2026-04-13,Monday,Evening,166,103,338,Satellite Depot,East
DC_019,West Urban Hub DC_019,2026-04-13,Monday,Morning,760,449,1427,Urban Hub,West
DC_019,West Urban Hub DC_019,2026-04-13,Monday,Afternoon,1072,680,2042,Urban Hub,West
DC_019,West Urban Hub DC_019,2026-04-13,Monday,Evening,613,331,1061,Urban Hub,West
DC_020,Central Regional Center DC_020,2026-04-13,Monday,Morning,278,167,489,Regional Center,Central
DC_020,Central Regional Center DC_020,2026-04-13,Monday,Afternoon,325,214,668,Regional Center,Central
DC_020,Central Regional Center DC_020,2026-04-13,Monday,Evening,189,129,383,Regional Center,Central
DC_021,North Satellite Depot DC_021,2026-04-13,Monday,Morning,1366,196,581,Satellite Depot,North
DC_021,North Satellite Depot DC_021,2026-04-13,Monday,Afternoon,2444,281,951,Satellite Depot,North
DC_021,North Satellite Depot DC_021,2026-04-13,Monday,Evening,1597,169,547,Satellite Depot,North
DC_022,South Urban Hub DC_022,2026-04-13,Monday,Morning,205,147,456,Urban Hub,South
DC_022,South Urban Hub DC_022,2026-04-13,Monday,Afternoon,301,163,585,Urban Hub,South
DC_022,South Urban Hub DC_022,2026-04-13,Monday,Evening,201,157,445,Urban Hub,South
DC_023,East Regional Center DC_023,2026-04-13,Monday,Morning,692,383,1210,Regional Center,East
DC_023,East Regional Center DC_023,2026-04-13,Monday,Afternoon,862,518,1519,Regional Center,East
DC_023,East Regional Center DC_023,2026-04-13,Monday,Evening,498,318,1007,Regional Center,East
DC_024,West Satellite Depot DC_024,2026-04-13,Monday,Morning,226,141,411,Satellite Depot,West
DC_024,West Satellite Depot DC_024,2026-04-13,Monday,Afternoon,353,220,739,Satellite Depot,West
DC_024,West Satellite Depot DC_024,2026-04-13,Monday,Evening,261,136,361,Satellite Depot,West
DC_001,North Urban Hub DC_001,2026-04-14,Tuesday,Morning,383,237,692,Urban Hub,North
DC_001,North Urban Hub DC_001,2026-04-14,Tuesday,Afternoon,500,339,1054,Urban Hub,North
DC_001,North Urban Hub DC_001,2026-04-14,Tuesday,Evening,272,160,505,Urban Hub,North
DC_002,South Regional Center DC_002,2026-04-14,Tuesday,Morning,183,109,359,Regional Center,South
DC_002,South Regional Center DC_002,2026-04-14,Tuesday,Afternoon,313,159,522,Regional Center,South
DC_002,South Regional Center DC_002,2026-04-14,Tuesday,Evening,182,101,259,Regional Center,South
DC_003,East Satellite Depot DC_003,2026-04-14,Tuesday,Morning,215,224,701,Satellite Depot,East
DC_003,East Satellite Depot DC_003,2026-04-14,Tuesday,Afternoon,315,417,1161,Satellite Depot,East
DC_003,East Satellite Depot DC_003,2026-04-14,Tuesday,Evening,199,218,635,Satellite Depot,East
DC_004,West Urban Hub DC_004,2026-04-14,Tuesday,Morning,727,334,1155,Urban Hub,West
DC_004,West Urban Hub DC_004,2026-04-14,Tuesday,Afternoon,727,529,1634,Urban Hub,West
DC_004,West Urban Hub DC_004,2026-04-14,Tuesday,Evening,556,336,1039,Urban Hub,West
DC_005,Central Regional Center DC_005,2026-04-14,Tuesday,Morning,88,53,168,Regional Center,Central
DC_005,Central Regional Center DC_005,2026-04-14,Tuesday,Afternoon,133,84,247,Regional Center,Central
DC_005,Central Regional Center DC_005,2026-04-14,Tuesday,Evening,93,50,174,Regional Center,Central
DC_006,North Satellite Depot DC_006,2026-04-14,Tuesday,Morning,541,78,215,Satellite Depot,North
DC_006,North Satellite Depot DC_006,2026-04-14,Tuesday,Afternoon,799,90,316,Satellite Depot,North
DC_006,North Satellite Depot DC_006,2026-04-14,Tuesday,Evening,422,57,185,Satellite Depot,North
DC_007,South Urban Hub DC_007,2026-04-14,Tuesday,Morning,335,169,626,Urban Hub,South
DC_007,South Urban Hub DC_007,2026-04-14,Tuesday,Afternoon,459,285,798,Urban Hub,South
DC_007,South Urban Hub DC_007,2026-04-14,Tuesday,Evening,270,181,547,Urban Hub,South
DC_008,East Regional Center DC_008,2026-04-14,Tuesday,Morning,1601,184,662,Regional Center,East
DC_008,East Regional Center DC_008,2026-04-14,Tuesday,Afternoon,2094,265,791,Regional Center,East
DC_008,East Regional Center DC_008,2026-04-14,Tuesday,Evening,988,139,422,Regional Center,East
DC_009,West Satellite Depot DC_009,2026-04-14,Tuesday,Morning,284,217,655,Satellite Depot,West
DC_009,West Satellite Depot DC_009,2026-04-14,Tuesday,Afternoon,472,268,896,Satellite Depot,West
DC_009,West Satellite Depot DC_009,2026-04-14,Tuesday,Evening,279,146,492,Satellite Depot,West
DC_010,Central Urban Hub DC_010,2026-04-14,Tuesday,Morning,112,100,278,Urban Hub,Central
DC_010,Central Urban Hub DC_010,2026-04-14,Tuesday,Afternoon,141,156,454,Urban Hub,Central
DC_010,Central Urban Hub DC_010,2026-04-14,Tuesday,Evening,71,67,220,Urban Hub,Central
DC_011,North Regional Center DC_011,2026-04-14,Tuesday,Morning,572,312,987,Regional Center,North
DC_011,North Regional Center DC_011,2026-04-14,Tuesday,Afternoon,831,590,1648,Regional Center,North
DC_011,North Regional Center DC_011,2026-04-14,Tuesday,Evening,457,295,949,Regional Center,North
DC_012,South Satellite Depot DC_012,2026-04-14,Tuesday,Morning,563,362,1048,Satellite Depot,South
DC_012,South Satellite Depot DC_012,2026-04-14,Tuesday,Afternoon,733,503,1546,Satellite Depot,South
DC_012,South Satellite Depot DC_012,2026-04-14,Tuesday,Evening,448,255,802,Satellite Depot,South
DC_013,East Urban Hub DC_013,2026-04-14,Tuesday,Morning,322,196,633,Urban Hub,East
DC_013,East Urban Hub DC_013,2026-04-14,Tuesday,Afternoon,491,313,1049,Urban Hub,East
DC_013,East Urban Hub DC_013,2026-04-14,Tuesday,Evening,293,163,503,Urban Hub,East
DC_014,West Regional Center DC_014,2026-04-14,Tuesday,Morning,750,419,1254,Regional Center,West
DC_014,West Regional Center DC_014,2026-04-14,Tuesday,Afternoon,1069,621,1877,Regional Center,West
DC_014,West Regional Center DC_014,2026-04-14,Tuesday,Evening,619,319,1186,Regional Center,West
DC_015,Central Satellite Depot DC_015,2026-04-14,Tuesday,Morning,2280,277,859,Satellite Depot,Central
DC_015,Central Satellite Depot DC_015,2026-04-14,Tuesday,Afternoon,3212,358,1297,Satellite Depot,Central
DC_015,Central Satellite Depot DC_015,2026-04-14,Tuesday,Evening,1568,209,658,Satellite Depot,Central
DC_016,North Urban Hub DC_016,2026-04-14,Tuesday,Morning,126,75,255,Urban Hub,North
DC_016,North Urban Hub DC_016,2026-04-14,Tuesday,Afternoon,217,153,407,Urban Hub,North
DC_016,North Urban Hub DC_016,2026-04-14,Tuesday,Evening,106,73,218,Urban Hub,North
DC_017,South Regional Center DC_017,2026-04-14,Tuesday,Morning,377,244,724,Regional Center,South
DC_017,South Regional Center DC_017,2026-04-14,Tuesday,Afternoon,570,408,1147,Regional Center,South
DC_017,South Regional Center DC_017,2026-04-14,Tuesday,Evening,322,184,614,Regional Center,South
DC_018,East Satellite Depot DC_018,2026-04-14,Tuesday,Morning,171,90,300,Satellite Depot,East
DC_018,East Satellite Depot DC_018,2026-04-14,Tuesday,Afternoon,174,136,384,Satellite Depot,East
DC_018,East Satellite Depot DC_018,2026-04-14,Tuesday,Evening,143,70,252,Satellite Depot,East
DC_019,West Urban Hub DC_019,2026-04-14,Tuesday,Morning,557,318,944,Urban Hub,West
DC_019,West Urban Hub DC_019,2026-04-14,Tuesday,Afternoon,694,466,1437,Urban Hub,West
DC_019,West Urban Hub DC_019,2026-04-14,Tuesday,Evening,374,241,754,Urban Hub,West
DC_020,Central Regional Center DC_020,2026-04-14,Tuesday,Morning,313,172,543,Regional Center,Central
DC_020,Central Regional Center DC_020,2026-04-14,Tuesday,Afternoon,459,302,996,Regional Center,Central
DC_020,Central Regional Center DC_020,2026-04-14,Tuesday,Evening,256,176,516,Regional Center,Central
DC_021,North Satellite Depot DC_021,2026-04-14,Tuesday,Morning,1251,160,446,Satellite Depot,North
DC_021,North Satellite Depot DC_021,2026-04-14,Tuesday,Afternoon,1763,213,696,Satellite Depot,North
DC_021,North Satellite Depot DC_021,2026-04-14,Tuesday,Evening,991,121,393,Satellite Depot,North
DC_022,South Urban Hub DC_022,2026-04-14,Tuesday,Morning,167,112,326,Urban Hub,South
DC_022,South Urban Hub DC_022,2026-04-14,Tuesday,Afternoon,253,172,505,Urban Hub,South
DC_022,South Urban Hub DC_022,2026-04-14,Tuesday,Evening,155,92,274,Urban Hub,South
DC_023,East Regional Center DC_023,2026-04-14,Tuesday,Morning,597,374,1259,Regional Center,East
DC_023,East Regional Center DC_023,2026-04-14,Tuesday,Afternoon,968,709,2165,Regional Center,East
DC_023,East Regional Center DC_023,2026-04-14,Tuesday,Evening,780,453,1433,Regional Center,East
DC_024,West Satellite Depot DC_024,2026-04-14,Tuesday,Morning,281,165,547,Satellite Depot,West
DC_024,West Satellite Depot DC_024,2026-04-14,Tuesday,Afternoon,382,266,840,Satellite Depot,West
DC_024,West Satellite Depot DC_024,2026-04-14,Tuesday,Evening,281,150,481,Satellite Depot,West
DC_001,North Urban Hub DC_001,2026-04-15,Wednesday,Morning,426,259,754,Urban Hub,North
DC_001,North Urban Hub DC_001,2026-04-15,Wednesday,Afternoon,758,507,1388,Urban Hub,North
DC_001,North Urban Hub DC_001,2026-04-15,Wednesday,Evening,321,185,600,Urban Hub,North
DC_002,South Regional Center DC_002,2026-04-15,Wednesday,Morning,153,104,306,Regional Center,South
DC_002,South Regional Center DC_002,2026-04-15,Wednesday,Afternoon,263,153,452,Regional Center,South
DC_002,South Regional Center DC_002,2026-04-15,Wednesday,Evening,136,67,226,Regional Center,South
DC_003,East Satellite Depot DC_003,2026-04-15,Wednesday,Morning,219,239,743,Satellite Depot,East
DC_003,East Satellite Depot DC_003,2026-04-15,Wednesday,Afternoon,436,338,1121,Satellite Depot,East
DC_003,East Satellite Depot DC_003,2026-04-15,Wednesday,Evening,181,186,595,Satellite Depot,East
DC_004,West Urban Hub DC_004,2026-04-15,Wednesday,Morning,609,335,978,Urban Hub,West
DC_004,West Urban Hub DC_004,2026-04-15,Wednesday,Afternoon,831,604,1665,Urban Hub,West
DC_004,West Urban Hub DC_004,2026-04-15,Wednesday,Evening,467,271,815,Urban Hub,West
DC_005,Central Regional Center DC_005,2026-04-15,Wednesday,Morning,89,50,144,Regional Center,Central
DC_005,Central Regional Center DC_005,2026-04-15,Wednesday,Afternoon,147,80,245,Regional Center,Central
DC_005,Central Regional Center DC_005,2026-04-15,Wednesday,Evening,89,48,147,Regional Center,Central
DC_006,North Satellite Depot DC_006,2026-04-15,Wednesday,Morning,780,98,290,Satellite Depot,North
DC_006,North Satellite Depot DC_006,2026-04-15,Wednesday,Afternoon,1169,130,440,Satellite Depot,North
DC_006,North Satellite Depot DC_006,2026-04-15,Wednesday,Evening,617,72,231,Satellite Depot,North
DC_007,South Urban Hub DC_007,2026-04-15,Wednesday,Morning,338,235,697,Urban Hub,South
DC_007,South Urban Hub DC_007,2026-04-15,Wednesday,Afternoon,547,312,1022,Urban Hub,South
DC_007,South Urban Hub DC_007,2026-04-15,Wednesday,Evening,252,162,520,Urban Hub,South
DC_008,East Regional Center DC_008,2026-04-15,Wednesday,Morning,857,101,371,Regional Center,East
DC_008,East Regional Center DC_008,2026-04-15,Wednesday,Afternoon,1524,215,672,Regional Center,East
DC_008,East Regional Center DC_008,2026-04-15,Wednesday,Evening,941,95,300,Regional Center,East
DC_009,West Satellite Depot DC_009,2026-04-15,Wednesday,Morning,317,176,543,Satellite Depot,West
DC_009,West Satellite Depot DC_009,2026-04-15,Wednesday,Afternoon,556,300,897,Satellite Depot,West
DC_009,West Satellite Depot DC_009,2026-04-15,Wednesday,Evening,316,160,532,Satellite Depot,West
DC_010,Central Urban Hub DC_010,2026-04-15,Wednesday,Morning,73,71,238,Urban Hub,Central
DC_010,Central Urban Hub DC_010,2026-04-15,Wednesday,Afternoon,117,140,395,Urban Hub,Central
DC_010,Central Urban Hub DC_010,2026-04-15,Wednesday,Evening,79,71,225,Urban Hub,Central
DC_011,North Regional Center DC_011,2026-04-15,Wednesday,Morning,530,327,1042,Regional Center,North
DC_011,North Regional Center DC_011,2026-04-15,Wednesday,Afternoon,874,430,1427,Regional Center,North
DC_011,North Regional Center DC_011,2026-04-15,Wednesday,Evening,413,279,863,Regional Center,North
DC_012,South Satellite Depot DC_012,2026-04-15,Wednesday,Morning,413,282,848,Satellite Depot,South
DC_012,South Satellite Depot DC_012,2026-04-15,Wednesday,Afternoon,836,419,1472,Satellite Depot,South
DC_012,South Satellite Depot DC_012,2026-04-15,Wednesday,Evening,407,237,740,Satellite Depot,South
DC_013,East Urban Hub DC_013,2026-04-15,Wednesday,Morning,283,157,549,Urban Hub,East
DC_013,East Urban Hub DC_013,2026-04-15,Wednesday,Afternoon,444,359,867,Urban Hub,East
DC_013,East Urban Hub DC_013,2026-04-15,Wednesday,Evening,274,173,500,Urban Hub,East
DC_014,West Regional Center DC_014,2026-04-15,Wednesday,Morning,716,426,1303,Regional Center,West
DC_014,West Regional Center DC_014,2026-04-15,Wednesday,Afternoon,1140,619,1744,Regional Center,West
DC_014,West Regional Center DC_014,2026-04-15,Wednesday,Evening,720,370,1076,Regional Center,West
DC_015,Central Satellite Depot DC_015,2026-04-15,Wednesday,Morning,1669,230,756,Satellite Depot,Central
DC_015,Central Satellite Depot DC_015,2026-04-15,Wednesday,Afternoon,2564,384,1119,Satellite Depot,Central
DC_015,Central Satellite Depot DC_015,2026-04-15,Wednesday,Evening,2089,209,703,Satellite Depot,Central
DC_016,North Urban Hub DC_016,2026-04-15,Wednesday,Morning,205,114,346,Urban Hub,North
DC_016,North Urban Hub DC_016,2026-04-15,Wednesday,Afternoon,307,169,548,Urban Hub,North
DC_016,North Urban Hub DC_016,2026-04-15,Wednesday,Evening,143,89,284,Urban Hub,North
DC_017,South Regional Center DC_017,2026-04-15,Wednesday,Morning,405,232,729,Regional Center,South
DC_017,South Regional Center DC_017,2026-04-15,Wednesday,Afternoon,509,344,1147,Regional Center,South
DC_017,South Regional Center DC_017,2026-04-15,Wednesday,Evening,270,204,658,Regional Center,South
DC_018,East Satellite Depot DC_018,2026-04-15,Wednesday,Morning,174,122,348,Satellite Depot,East
DC_018,East Satellite Depot DC_018,2026-04-15,Wednesday,Afternoon,271,149,485,Satellite Depot,East
DC_018,East Satellite Depot DC_018,2026-04-15,Wednesday,Evening,145,82,275,Satellite Depot,East
DC_019,West Urban Hub DC_019,2026-04-15,Wednesday,Morning,640,403,1183,Urban Hub,West
DC_019,West Urban Hub DC_019,2026-04-15,Wednesday,Afternoon,897,671,1811,Urban Hub,West
DC_019,West Urban Hub DC_019,2026-04-15,Wednesday,Evening,471,273,899,Urban Hub,West
DC_020,Central Regional Center DC_020,2026-04-15,Wednesday,Morning,310,184,598,Regional Center,Central
DC_020,Central Regional Center DC_020,2026-04-15,Wednesday,Afternoon,479,277,841,Regional Center,Central
DC_020,Central Regional Center DC_020,2026-04-15,Wednesday,Evening,249,177,466,Regional Center,Central
DC_021,North Satellite Depot DC_021,2026-04-15,Wednesday,Morning,1378,177,537,Satellite Depot,North
DC_021,North Satellite Depot DC_021,2026-04-15,Wednesday,Afternoon,2009,288,815,Satellite Depot,North
DC_021,North Satellite Depot DC_021,2026-04-15,Wednesday,Evening,1073,122,402,Satellite Depot,North
DC_022,South Urban Hub DC_022,2026-04-15,Wednesday,Morning,226,167,456,Urban Hub,South
DC_022,South Urban Hub DC_022,2026-04-15,Wednesday,Afternoon,307,188,591,Urban Hub,South
DC_022,South Urban Hub DC_022,2026-04-15,Wednesday,Evening,204,112,349,Urban Hub,South
DC_023,East Regional Center DC_023,2026-04-15,Wednesday,Morning,650,455,1318,Regional Center,East
DC_023,East Regional Center DC_023,2026-04-15,Wednesday,Afternoon,1341,632,1860,Regional Center,East
DC_023,East Regional Center DC_023,2026-04-15,Wednesday,Evening,601,324,1018,Regional Center,East
DC_024,West Satellite Depot DC_024,2026-04-15,Wednesday,Morning,353,164,519,Satellite Depot,West
DC_024,West Satellite Depot DC_024,2026-04-15,Wednesday,Afternoon,368,260,724,Satellite Depot,West
DC_024,West Satellite Depot DC_024,2026-04-15,Wednesday,Evening,238,137,435,Satellite Depot,West
DC_001,North Urban Hub DC_001,2026-04-16,Thursday,Morning,387,261,709,Urban Hub,North
DC_001,North Urban Hub DC_001,2026-04-16,Thursday,Afternoon,524,300,929,Urban Hub,North
DC_001,North Urban Hub DC_001,2026-04-16,Thursday,Evening,279,184,557,Urban Hub,North
DC_002,South Regional Center DC_002,2026-04-16,Thursday,Morning,167,97,306,Regional Center,South
DC_002,South Regional Center DC_002,2026-04-16,Thursday,Afternoon,229,174,510,Regional Center,South
DC_002,South Regional Center DC_002,2026-04-16,Thursday,Evening,140,89,274,Regional Center,South
DC_003,East Satellite Depot DC_003,2026-04-16,Thursday,Morning,290,257,764,Satellite Depot,East
DC_003,East Satellite Depot DC_003,2026-04-16,Thursday,Afternoon,422,376,1090,Satellite Depot,East
DC_003,East Satellite Depot DC_003,2026-04-16,Thursday,Evening,185,186,606,Satellite Depot,East
DC_004,West Urban Hub DC_004,2026-04-16,Thursday,Morning,608,422,1113,Urban Hub,West
DC_004,West Urban Hub DC_004,2026-04-16,Thursday,Afternoon,886,523,1728,Urban Hub,West
DC_004,West Urban Hub DC_004,2026-04-16,Thursday,Evening,455,346,943,Urban Hub,West
DC_005,Central Regional Center DC_005,2026-04-16,Thursday,Morning,82,47,165,Regional Center,Central
DC_005,Central Regional Center DC_005,2026-04-16,Thursday,Afternoon,153,112,286,Regional Center,Central
DC_005,Central Regional Center DC_005,2026-04-16,Thursday,Evening,67,42,128,Regional Center,Central
DC_006,North Satellite Depot DC_006,2026-04-16,Thursday,Morning,578,72,225,Satellite Depot,North
DC_006,North Satellite Depot DC_006,2026-04-16,Thursday,Afternoon,1016,117,399,Satellite Depot,North
DC_006,North Satellite Depot DC_006,2026-04-16,Thursday,Evening,538,61,206,Satellite Depot,North
DC_007,South Urban Hub DC_007,2026-04-16,Thursday,Morning,241,181,577,Urban Hub,South
DC_007,South Urban Hub DC_007,2026-04-16,Thursday,Afternoon,490,271,968,Urban Hub,South
DC_007,South Urban Hub DC_007,2026-04-16,Thursday,Evening,350,161,555,Urban Hub,South
DC_008,East Regional Center DC_008,2026-04-16,Thursday,Morning,1265,178,495,Regional Center,East
DC_008,East Regional Center DC_008,2026-04-16,Thursday,Afternoon,2192,255,796,Regional Center,East
DC_008,East Regional Center DC_008,2026-04-16,Thursday,Evening,902,115,415,Regional Center,East
DC_009,West Satellite Depot DC_009,2026-04-16,Thursday,Morning,342,215,646,Satellite Depot,West
DC_009,West Satellite Depot DC_009,2026-04-16,Thursday,Afternoon,578,351,1051,Satellite Depot,West
DC_009,West Satellite Depot DC_009,2026-04-16,Thursday,Evening,325,187,579,Satellite Depot,West
DC_010,Central Urban Hub DC_010,2026-04-16,Thursday,Morning,74,68,245,Urban Hub,Central
DC_010,Central Urban Hub DC_010,2026-04-16,Thursday,Afternoon,126,154,446,Urban Hub,Central
DC_010,Central Urban Hub DC_010,2026-04-16,Thursday,Evening,85,79,239,Urban Hub,Central
DC_011,North Regional Center DC_011,2026-04-16,Thursday,Morning,645,446,1224,Regional Center,North
DC_011,North Regional Center DC_011,2026-04-16,Thursday,Afternoon,951,480,1547,Regional Center,North
DC_011,North Regional Center DC_011,2026-04-16,Thursday,Evening,526,426,1119,Regional Center,North
DC_012,South Satellite Depot DC_012,2026-04-16,Thursday,Morning,587,443,1202,Satellite Depot,South
DC_012,South Satellite Depot DC_012,2026-04-16,Thursday,Afternoon,760,488,1580,Satellite Depot,South
DC_012,South Satellite Depot DC_012,2026-04-16,Thursday,Evening,405,314,805,Satellite Depot,South
DC_013,East Urban Hub DC_013,2026-04-16,Thursday,Morning,320,215,667,Urban Hub,East
DC_013,East Urban Hub DC_013,2026-04-16,Thursday,Afternoon,480,293,979,Urban Hub,East
DC_013,East Urban Hub DC_013,2026-04-16,Thursday,Evening,307,186,626,Urban Hub,East
DC_014,West Regional Center DC_014,2026-04-16,Thursday,Morning,744,459,1434,Regional Center,West
DC_014,West Regional Center DC_014,2026-04-16,Thursday,Afternoon,1202,697,1993,Regional Center,West
DC_014,West Regional Center DC_014,2026-04-16,Thursday,Evening,574,319,1103,Regional Center,West
DC_015,Central Satellite Depot DC_015,2026-04-16,Thursday,Morning,2068,261,879,Satellite Depot,Central
DC_015,Central Satellite Depot DC_015,2026-04-16,Thursday,Afternoon,3169,427,1299,Satellite Depot,Central
DC_015,Central Satellite Depot DC_015,2026-04-16,Thursday,Evening,1976,290,813,Satellite Depot,Central
DC_016,North Urban Hub DC_016,2026-04-16,Thursday,Morning,153,109,334,Urban Hub,North
DC_016,North Urban Hub DC_016,2026-04-16,Thursday,Afternoon,259,180,512,Urban Hub,North
DC_016,North Urban Hub DC_016,2026-04-16,Thursday,Evening,176,97,286,Urban Hub,North
DC_017,South Regional Center DC_017,2026-04-16,Thursday,Morning,462,297,898,Regional Center,South
DC_017,South Regional Center DC_017,2026-04-16,Thursday,Afternoon,688,414,1285,Regional Center,South
DC_017,South Regional Center DC_017,2026-04-16,Thursday,Evening,415,233,726,Regional Center,South
DC_018,East Satellite Depot DC_018,2026-04-16,Thursday,Morning,189,105,301,Satellite Depot,East
DC_018,East Satellite Depot DC_018,2026-04-16,Thursday,Afternoon,268,188,522,Satellite Depot,East
DC_018,East Satellite Depot DC_018,2026-04-16,Thursday,Evening,121,65,226,Satellite Depot,East
DC_019,West Urban Hub DC_019,2026-04-16,Thursday,Morning,475,315,1005,Urban Hub,West
DC_019,West Urban Hub DC_019,2026-04-16,Thursday,Afternoon,970,476,1587,Urban Hub,West
DC_019,West Urban Hub DC_019,2026-04-16,Thursday,Evening,406,286,827,Urban Hub,West
DC_020,Central Regional Center DC_020,2026-04-16,Thursday,Morning,329,209,639,Regional Center,Central
DC_020,Central Regional Center DC_020,2026-04-16,Thursday,Afternoon,533,332,976,Regional Center,Central
DC_020,Central Regional Center DC_020,2026-04-16,Thursday,Evening,286,204,593,Regional Center,Central
DC_021,North Satellite Depot DC_021,2026-04-16,Thursday,Morning,1485,191,534,Satellite Depot,North
DC_021,North Satellite Depot DC_021,2026-04-16,Thursday,Afternoon,2564,249,830,Satellite Depot,North
DC_021,North Satellite Depot DC_021,2026-04-16,Thursday,Evening,1099,130,417,Satellite Depot,North
DC_022,South Urban Hub DC_022,2026-04-16,Thursday,Morning,224,118,387,Urban Hub,South
DC_022,South Urban Hub DC_022,2026-04-16,Thursday,Afternoon,339,183,560,Urban Hub,South
DC_022,South Urban Hub DC_022,2026-04-16,Thursday,Evening,157,104,343,Urban Hub,South
DC_023,East Regional Center DC_023,2026-04-16,Thursday,Morning,662,394,1304,Regional Center,East
DC_023,East Regional Center DC_023,2026-04-16,Thursday,Afternoon,1131,717,2287,Regional Center,East
DC_023,East Regional Center DC_023,2026-04-16,Thursday,Evening,675,455,1194,Regional Center,East
DC_024,West Satellite Depot DC_024,2026-04-16,Thursday,Morning,316,187,605,Satellite Depot,West
DC_024,West Satellite Depot DC_024,2026-04-16,Thursday,Afternoon,395,218,789,Satellite Depot,West
DC_024,West Satellite Depot DC_024,2026-04-16,Thursday,Evening,264,155,494,Satellite Depot,West
DC_001,North Urban Hub DC_001,2026-04-17,Friday,Morning,545,293,923,Urban Hub,North
DC_001,North Urban Hub DC_001,2026-04-17,Friday,Afternoon,626,361,1114,Urban Hub,North
DC_001,North Urban Hub DC_001,2026-04-17,Friday,Evening,332,228,733,Urban Hub,North
DC_002,South Regional Center DC_002,2026-04-17,Friday,Morning,155,121,361,Regional Center,South
DC_002,South Regional Center DC_002,2026-04-17,Friday,Afternoon,343,155,533,Regional Center,South
DC_002,South Regional Center DC_002,2026-04-17,Friday,Evening,144,122,335,Regional Center,South
DC_003,East Satellite Depot DC_003,2026-04-17,Friday,Morning,320,303,999,Satellite Depot,East
DC_003,East Satellite Depot DC_003,2026-04-17,Friday,Afternoon,329,353,1165,Satellite Depot,East
DC_003,East Satellite Depot DC_003,2026-04-17,Friday,Evening,226,256,744,Satellite Depot,East
DC_004,West Urban Hub DC_004,2026-04-17,Friday,Morning,717,488,1288,Urban Hub,West
DC_004,West Urban Hub DC_004,2026-04-17,Friday,Afternoon,1033,740,2165,Urban Hub,West
DC_004,West Urban Hub DC_004,2026-04-17,Friday,Evening,632,363,1156,Urban Hub,West
DC_005,Central Regional Center DC_005,2026-04-17,Friday,Morning,114,58,196,Regional Center,Central
DC_005,Central Regional Center DC_005,2026-04-17,Friday,Afternoon,137,99,308,Regional Center,Central
DC_005,Central Regional Center DC_005,2026-04-17,Friday,Evening,76,49,159,Regional Center,Central
DC_006,North Satellite Depot DC_006,2026-04-17,Friday,Morning,684,101,295,Satellite Depot,North
DC_006,North Satellite Depot DC_006,2026-04-17,Friday,Afternoon,1088,149,415,Satellite Depot,North
DC_006,North Satellite Depot DC_006,2026-04-17,Friday,Evening,520,72,228,Satellite Depot,North
DC_007,South Urban Hub DC_007,2026-04-17,Friday,Morning,395,180,631,Urban Hub,South
DC_007,South Urban Hub DC_007,2026-04-17,Friday,Afternoon,598,347,1053,Urban Hub,South
DC_007,South Urban Hub DC_007,2026-04-17,Friday,Evening,243,173,520,Urban Hub,South
DC_008,East Regional Center DC_008,2026-04-17,Friday,Morning,1336,151,520,Regional Center,East
DC_008,East Regional Center DC_008,2026-04-17,Friday,Afternoon,1712,219,718,Regional Center,East
DC_008,East Regional Center DC_008,2026-04-17,Friday,Evening,1025,135,410,Regional Center,East
DC_009,West Satellite Depot DC_009,2026-04-17,Friday,Morning,488,269,836,Satellite Depot,West
DC_009,West Satellite Depot DC_009,2026-04-17,Friday,Afternoon,558,364,1088,Satellite Depot,West
DC_009,West Satellite Depot DC_009,2026-04-17,Friday,Evening,335,229,619,Satellite Depot,West
DC_010,Central Urban Hub DC_010,2026-04-17,Friday,Morning,114,118,316,Urban Hub,Central
DC_010,Central Urban Hub DC_010,2026-04-17,Friday,Afternoon,147,148,477,Urban Hub,Central
DC_010,Central Urban Hub DC_010,2026-04-17,Friday,Evening,109,100,275,Urban Hub,Central
DC_011,North Regional Center DC_011,2026-04-17,Friday,Morning,890,462,1502,Regional Center,North
DC_011,North Regional Center DC_011,2026-04-17,Friday,Afternoon,971,625,1839,Regional Center,North
DC_011,North Regional Center DC_011,2026-04-17,Friday,Evening,593,378,1130,Regional Center,North
DC_012,South Satellite Depot DC_012,2026-04-17,Friday,Morning,577,398,1113,Satellite Depot,South
DC_012,South Satellite Depot DC_012,2026-04-17,Friday,Afternoon,800,548,1884,Satellite Depot,South
DC_012,South Satellite Depot DC_012,2026-04-17,Friday,Evening,574,409,1070,Satellite Depot,South
DC_013,East Urban Hub DC_013,2026-04-17,Friday,Morning,324,236,684,Urban Hub,East
DC_013,East Urban Hub DC_013,2026-04-17,Friday,Afternoon,586,382,1083,Urban Hub,East
DC_013,East Urban Hub DC_013,2026-04-17,Friday,Evening,307,200,575,Urban Hub,East
DC_014,West Regional Center DC_014,2026-04-17,Friday,Morning,826,444,1434,Regional Center,West
DC_014,West Regional Center DC_014,2026-04-17,Friday,Afternoon,1215,691,2244,Regional Center,West
DC_014,West Regional Center DC_014,2026-04-17,Friday,Evening,687,390,1256,Regional Center,West
DC_015,Central Satellite Depot DC_015,2026-04-17,Friday,Morning,2738,335,1046,Satellite Depot,Central
DC_015,Central Satellite Depot DC_015,2026-04-17,Friday,Afternoon,3930,424,1396,Satellite Depot,Central
DC_015,Central Satellite Depot DC_015,2026-04-17,Friday,Evening,2118,270,857,Satellite Depot,Central
DC_016,North Urban Hub DC_016,2026-04-17,Friday,Morning,186,112,374,Urban Hub,North
DC_016,North Urban Hub DC_016,2026-04-17,Friday,Afternoon,322,174,599,Urban Hub,North
DC_016,North Urban Hub DC_016,2026-04-17,Friday,Evening,158,100,316,Urban Hub,North
DC_017,South Regional Center DC_017,2026-04-17,Friday,Morning,544,290,949,Regional Center,South
DC_017,South Regional Center DC_017,2026-04-17,Friday,Afternoon,947,550,1714,Regional Center,South
DC_017,South Regional Center DC_017,2026-04-17,Friday,Evening,418,215,748,Regional Center,South
DC_018,East Satellite Depot DC_018,2026-04-17,Friday,Morning,184,122,330,Satellite Depot,East
DC_018,East Satellite Depot DC_018,2026-04-17,Friday,Afternoon,314,151,492,Satellite Depot,East
DC_018,East Satellite Depot DC_018,2026-04-17,Friday,Evening,196,133,356,Satellite Depot,East
DC_019,West Urban Hub DC_019,2026-04-17,Friday,Morning,707,361,1235,Urban Hub,West
DC_019,West Urban Hub DC_019,2026-04-17,Friday,Afternoon,958,553,1689,Urban Hub,West
DC_019,West Urban Hub DC_019,2026-04-17,Friday,Evening,554,342,1018,Urban Hub,West
DC_020,Central Regional Center DC_020,2026-04-17,Friday,Morning,424,218,698,Regional Center,Central
DC_020,Central Regional Center DC_020,2026-04-17,Friday,Afternoon,507,277,912,Regional Center,Central
DC_020,Central Regional Center DC_020,2026-04-17,Friday,Evening,305,196,605,Regional Center,Central
DC_021,North Satellite Depot DC_021,2026-04-17,Friday,Morning,1495,197,631,Satellite Depot,North
DC_021,North Satellite Depot DC_021,2026-04-17,Friday,Afternoon,2238,311,930,Satellite Depot,North
DC_021,North Satellite Depot DC_021,2026-04-17,Friday,Evening,1065,133,429,Satellite Depot,North
DC_022,South Urban Hub DC_022,2026-04-17,Friday,Morning,266,158,455,Urban Hub,South
DC_022,South Urban Hub DC_022,2026-04-17,Friday,Afternoon,349,247,650,Urban Hub,South
DC_022,South Urban Hub DC_022,2026-04-17,Friday,Evening,233,125,359,Urban Hub,South
DC_023,East Regional Center DC_023,2026-04-17,Friday,Morning,813,643,1797,Regional Center,East
DC_023,East Regional Center DC_023,2026-04-17,Friday,Afternoon,1255,668,2368,Regional Center,East
DC_023,East Regional Center DC_023,2026-04-17,Friday,Evening,724,372,1298,Regional Center,East
DC_024,West Satellite Depot DC_024,2026-04-17,Friday,Morning,320,235,643,Satellite Depot,West
DC_024,West Satellite Depot DC_024,2026-04-17,Friday,Afternoon,622,346,980,Satellite Depot,West
DC_024,West Satellite Depot DC_024,2026-04-17,Friday,Evening,315,195,589,Satellite Depot,West
DC_001,North Urban Hub DC_001,2026-04-18,Saturday,Morning,457,264,840,Urban Hub,North
DC_001,North Urban Hub DC_001,2026-04-18,Saturday,Afternoon,1031,500,1445,Urban Hub,North
DC_001,North Urban Hub DC_001,2026-04-18,Saturday,Evening,405,235,754,Urban Hub,North
DC_002,South Regional Center DC_002,2026-04-18,Saturday,Morning,232,143,423,Regional Center,South
DC_002,South Regional Center DC_002,2026-04-18,Saturday,Afternoon,292,209,609,Regional Center,South
DC_002,South Regional Center DC_002,2026-04-18,Saturday,Evening,180,98,344,Regional Center,South
DC_003,East Satellite Depot DC_003,2026-04-18,Saturday,Morning,287,285,972,Satellite Depot,East
DC_003,East Satellite Depot DC_003,2026-04-18,Saturday,Afternoon,489,492,1485,Satellite Depot,East
DC_003,East Satellite Depot DC_003,2026-04-18,Saturday,Evening,242,257,812,Satellite Depot,East
DC_004,West Urban Hub DC_004,2026-04-18,Saturday,Morning,914,535,1530,Urban Hub,West
DC_004,West Urban Hub DC_004,2026-04-18,Saturday,Afternoon,1429,908,2639,Urban Hub,West
DC_004,West Urban Hub DC_004,2026-04-18,Saturday,Evening,723,430,1395,Urban Hub,West
DC_005,Central Regional Center DC_005,2026-04-18,Saturday,Morning,125,74,227,Regional Center,Central
DC_005,Central Regional Center DC_005,2026-04-18,Saturday,Afternoon,164,96,306,Regional Center,Central
DC_005,Central Regional Center DC_005,2026-04-18,Saturday,Evening,116,87,219,Regional Center,Central
DC_006,North Satellite Depot DC_006,2026-04-18,Saturday,Morning,636,94,312,Satellite Depot,North
DC_006,North Satellite Depot DC_006,2026-04-18,Saturday,Afternoon,1076,151,441,Satellite Depot,North
DC_006,North Satellite Depot DC_006,2026-04-18,Saturday,Evening,624,75,234,Satellite Depot,North
DC_007,South Urban Hub DC_007,2026-04-18,Saturday,Morning,405,218,677,Urban Hub,South
DC_007,South Urban Hub DC_007,2026-04-18,Saturday,Afternoon,592,413,1155,Urban Hub,South
DC_007,South Urban Hub DC_007,2026-04-18,Saturday,Evening,422,200,701,Urban Hub,South
DC_008,East Regional Center DC_008,2026-04-18,Saturday,Morning,1319,143,457,Regional Center,East
DC_008,East Regional Center DC_008,2026-04-18,Saturday,Afternoon,2256,278,901,Regional Center,East
DC_008,East Regional Center DC_008,2026-04-18,Saturday,Evening,1267,149,442,Regional Center,East
DC_009,West Satellite Depot DC_009,2026-04-18,Saturday,Morning,442,227,728,Satellite Depot,West
DC_009,West Satellite Depot DC_009,2026-04-18,Saturday,Afternoon,568,397,1100,Satellite Depot,West
DC_009,West Satellite Depot DC_009,2026-04-18,Saturday,Evening,384,199,688,Satellite Depot,West
DC_010,Central Urban Hub DC_010,2026-04-18,Saturday,Morning,104,124,361,Urban Hub,Central
DC_010,Central Urban Hub DC_010,2026-04-18,Saturday,Afternoon,188,176,527,Urban Hub,Central
DC_010,Central Urban Hub DC_010,2026-04-18,Saturday,Evening,99,102,285,Urban Hub,Central
DC_011,North Regional Center DC_011,2026-04-18,Saturday,Morning,881,451,1280,Regional Center,North
DC_011,North Regional Center DC_011,2026-04-18,Saturday,Afternoon,1431,824,2273,Regional Center,North
DC_011,North Regional Center DC_011,2026-04-18,Saturday,Evening,780,432,1375,Regional Center,North
DC_012,South Satellite Depot DC_012,2026-04-18,Saturday,Morning,710,522,1420,Satellite Depot,South
DC_012,South Satellite Depot DC_012,2026-04-18,Saturday,Afternoon,1255,536,1989,Satellite Depot,South
DC_012,South Satellite Depot DC_012,2026-04-18,Saturday,Evening,582,346,982,Satellite Depot,South
DC_013,East Urban Hub DC_013,2026-04-18,Saturday,Morning,352,202,749,Urban Hub,East
DC_013,East Urban Hub DC_013,2026-04-18,Saturday,Afternoon,749,483,1227,Urban Hub,East
DC_013,East Urban Hub DC_013,2026-04-18,Saturday,Evening,382,237,695,Urban Hub,East
DC_014,West Regional Center DC_014,2026-04-18,Saturday,Morning,885,542,1725,Regional Center,West
DC_014,West Regional Center DC_014,2026-04-18,Saturday,Afternoon,1477,759,2479,Regional Center,West
DC_014,West Regional Center DC_014,2026-04-18,Saturday,Evening,693,429,1414,Regional Center,West
DC_015,Central Satellite Depot DC_015,2026-04-18,Saturday,Morning,2932,336,979,Satellite Depot,Central
DC_015,Central Satellite Depot DC_015,2026-04-18,Saturday,Afternoon,3646,476,1516,Satellite Depot,Central
DC_015,Central Satellite Depot DC_015,2026-04-18,Saturday,Evening,2488,318,1001,Satellite Depot,Central
DC_016,North Urban Hub DC_016,2026-04-18,Saturday,Morning,234,147,459,Urban Hub,North
DC_016,North Urban Hub DC_016,2026-04-18,Saturday,Afternoon,370,232,703,Urban Hub,North
DC_016,North Urban Hub DC_016,2026-04-18,Saturday,Evening,162,96,326,Urban Hub,North
DC_017,South Regional Center DC_017,2026-04-18,Saturday,Morning,487,396,1031,Regional Center,South
DC_017,South Regional Center DC_017,2026-04-18,Saturday,Afternoon,826,530,1546,Regional Center,South
DC_017,South Regional Center DC_017,2026-04-18,Saturday,Evening,550,343,1027,Regional Center,South
DC_018,East Satellite Depot DC_018,2026-04-18,Saturday,Morning,260,135,394,Satellite Depot,East
DC_018,East Satellite Depot DC_018,2026-04-18,Saturday,Afternoon,360,220,636,Satellite Depot,East
DC_018,East Satellite Depot DC_018,2026-04-18,Saturday,Evening,170,112,362,Satellite Depot,East
DC_019,West Urban Hub DC_019,2026-04-18,Saturday,Morning,681,431,1249,Urban Hub,West
DC_019,West Urban Hub DC_019,2026-04-18,Saturday,Afternoon,1060,608,1790,Urban Hub,West
DC_019,West Urban Hub DC_019,2026-04-18,Saturday,Evening,622,314,991,Urban Hub,West
DC_020,Central Regional Center DC_020,2026-04-18,Saturday,Morning,367,274,804,Regional Center,Central
DC_020,Central Regional Center DC_020,2026-04-18,Saturday,Afternoon,626,399,1211,Regional Center,Central
DC_020,Central Regional Center DC_020,2026-04-18,Saturday,Evening,345,219,696,Regional Center,Central
DC_021,North Satellite Depot DC_021,2026-04-18,Saturday,Morning,1701,231,636,Satellite Depot,North
DC_021,North Satellite Depot DC_021,2026-04-18,Saturday,Afternoon,2503,323,912,Satellite Depot,North
DC_021,North Satellite Depot DC_021,2026-04-18,Saturday,Evening,1296,195,560,Satellite Depot,North
DC_022,South Urban Hub DC_022,2026-04-18,Saturday,Morning,285,159,481,Urban Hub,South
DC_022,South Urban Hub DC_022,2026-04-18,Saturday,Afternoon,335,228,667,Urban Hub,South
DC_022,South Urban Hub DC_022,2026-04-18,Saturday,Evening,231,144,424,Urban Hub,South
DC_023,East Regional Center DC_023,2026-04-18,Saturday,Morning,843,488,1623,Regional Center,East
DC_023,East Regional Center DC_023,2026-04-18,Saturday,Afternoon,1209,800,2765,Regional Center,East
DC_023,East Regional Center DC_023,2026-04-18,Saturday,Evening,805,456,1466,Regional Center,East
DC_024,West Satellite Depot DC_024,2026-04-18,Saturday,Morning,329,215,688,Satellite Depot,West
DC_024,West Satellite Depot DC_024,2026-04-18,Saturday,Afternoon,563,320,1128,Satellite Depot,West
DC_024,West Satellite Depot DC_024,2026-04-18,Saturday,Evening,335,179,623,Satellite Depot,West
DC_001,North Urban Hub DC_001,2026-04-19,Sunday,Morning,588,345,1070,Urban Hub,North
DC_001,North Urban Hub DC_001,2026-04-19,Sunday,Afternoon,778,548,1513,Urban Hub,North
DC_001,North Urban Hub DC_001,2026-04-19,Sunday,Evening,422,254,726,Urban Hub,North
DC_002,South Regional Center DC_002,2026-04-19,Sunday,Morning,175,114,349,Regional Center,South
DC_002,South Regional Center DC_002,2026-04-19,Sunday,Afternoon,338,188,560,Regional Center,South
DC_002,South Regional Center DC_002,2026-04-19,Sunday,Evening,161,110,321,Regional Center,South
DC_003,East Satellite Depot DC_003,2026-04-19,Sunday,Morning,0,0,0,Satellite Depot,East
DC_003,East Satellite Depot DC_003,2026-04-19,Sunday,Afternoon,0,0,0,Satellite Depot,East
DC_003,East Satellite Depot DC_003,2026-04-19,Sunday,Evening,0,0,0,Satellite Depot,East
DC_004,West Urban Hub DC_004,2026-04-19,Sunday,Morning,703,481,1316,Urban Hub,West
DC_004,West Urban Hub DC_004,2026-04-19,Sunday,Afternoon,996,603,1845,Urban Hub,West
DC_004,West Urban Hub DC_004,2026-04-19,Sunday,Evening,574,340,1060,Urban Hub,West
DC_005,Central Regional Center DC_005,2026-04-19,Sunday,Morning,117,68,218,Regional Center,Central
DC_005,Central Regional Center DC_005,2026-04-19,Sunday,Afternoon,147,91,292,Regional Center,Central
DC_005,Central Regional Center DC_005,2026-04-19,Sunday,Evening,90,56,181,Regional Center,Central
DC_006,North Satellite Depot DC_006,2026-04-19,Sunday,Morning,0,0,0,Satellite Depot,North
DC_006,North Satellite Depot DC_006,2026-04-19,Sunday,Afternoon,0,0,0,Satellite Depot,North
DC_006,North Satellite Depot DC_006,2026-04-19,Sunday,Evening,0,0,0,Satellite Depot,North
DC_007,South Urban Hub DC_007,2026-04-19,Sunday,Morning,529,297,915,Urban Hub,South
DC_007,South Urban Hub DC_007,2026-04-19,Sunday,Afternoon,893,433,1318,Urban Hub,South
DC_007,South Urban Hub DC_007,2026-04-19,Sunday,Evening,394,211,729,Urban Hub,South
DC_008,East Regional Center DC_008,2026-04-19,Sunday,Morning,1510,220,538,Regional Center,East
DC_008,East Regional Center DC_008,2026-04-19,Sunday,Afternoon,2308,289,860,Regional Center,East
DC_008,East Regional Center DC_008,2026-04-19,Sunday,Evening,1289,173,541,Regional Center,East
DC_009,West Satellite Depot DC_009,2026-04-19,Sunday,Morning,0,0,0,Satellite Depot,West
DC_009,West Satellite Depot DC_009,2026-04-19,Sunday,Afternoon,0,0,0,Satellite Depot,West
DC_009,West Satellite Depot DC_009,2026-04-19,Sunday,Evening,0,0,0,Satellite Depot,West
DC_010,Central Urban Hub DC_010,2026-04-19,Sunday,Morning,87,106,329,Urban Hub,Central
DC_010,Central Urban Hub DC_010,2026-04-19,Sunday,Afternoon,160,136,439,Urban Hub,Central
DC_010,Central Urban Hub DC_010,2026-04-19,Sunday,Evening,68,67,222,Urban Hub,Central
DC_011,North Regional Center DC_011,2026-04-19,Sunday,Morning,721,409,1325,Regional Center,North
DC_011,North Regional Center DC_011,2026-04-19,Sunday,Afternoon,1121,546,1947,Regional Center,North
DC_011,North Regional Center DC_011,2026-04-19,Sunday,Evening,513,416,1037,Regional Center,North
DC_012,South Satellite Depot DC_012,2026-04-19,Sunday,Morning,0,0,0,Satellite Depot,South
DC_012,South Satellite Depot DC_012,2026-04-19,Sunday,Afternoon,0,0,0,Satellite Depot,South
DC_012,South Satellite Depot DC_012,2026-04-19,Sunday,Evening,0,0,0,Satellite Depot,South
DC_013,East Urban Hub DC_013,2026-04-19,Sunday,Morning,455,267,788,Urban Hub,East
DC_013,East Urban Hub DC_013,2026-04-19,Sunday,Afternoon,600,422,1234,Urban Hub,East
DC_013,East Urban Hub DC_013,2026-04-19,Sunday,Evening,336,180,592,Urban Hub,East
DC_014,West Regional Center DC_014,2026-04-19,Sunday,Morning,712,421,1384,Regional Center,West
DC_014,West Regional Center DC_014,2026-04-19,Sunday,Afternoon,1086,741,2240,Regional Center,West
DC_014,West Regional Center DC_014,2026-04-19,Sunday,Evening,724,367,1232,Regional Center,West
DC_015,Central Satellite Depot DC_015,2026-04-19,Sunday,Morning,0,0,0,Satellite Depot,Central
DC_015,Central Satellite Depot DC_015,2026-04-19,Sunday,Afternoon,0,0,0,Satellite Depot,Central
DC_015,Central Satellite Depot DC_015,2026-04-19,Sunday,Evening,0,0,0,Satellite Depot,Central
DC_016,North Urban Hub DC_016,2026-04-19,Sunday,Morning,279,149,474,Urban Hub,North
DC_016,North Urban Hub DC_016,2026-04-19,Sunday,Afternoon,276,218,691,Urban Hub,North
DC_016,North Urban Hub DC_016,2026-04-19,Sunday,Evening,176,143,377,Urban Hub,North
DC_017,South Regional Center DC_017,2026-04-19,Sunday,Morning,413,301,926,Regional Center,South
DC_017,South Regional Center DC_017,2026-04-19,Sunday,Afternoon,657,343,1187,Regional Center,South
DC_017,South Regional Center DC_017,2026-04-19,Sunday,Evening,457,269,789,Regional Center,South
DC_018,East Satellite Depot DC_018,2026-04-19,Sunday,Morning,0,0,0,Satellite Depot,East
DC_018,East Satellite Depot DC_018,2026-04-19,Sunday,Afternoon,0,0,0,Satellite Depot,East
DC_018,East Satellite Depot DC_018,2026-04-19,Sunday,Evening,0,0,0,Satellite Depot,East
DC_019,West Urban Hub DC_019,2026-04-19,Sunday,Morning,652,466,1289,Urban Hub,West
DC_019,West Urban Hub DC_019,2026-04-19,Sunday,Afternoon,1098,754,2124,Urban Hub,West
DC_019,West Urban Hub DC_019,2026-04-19,Sunday,Evening,593,342,1103,Urban Hub,West
DC_020,Central Regional Center DC_020,2026-04-19,Sunday,Morning,382,243,759,Regional Center,Central
DC_020,Central Regional Center DC_020,2026-04-19,Sunday,Afternoon,586,332,987,Regional Center,Central
DC_020,Central Regional Center DC_020,2026-04-19,Sunday,Evening,310,234,602,Regional Center,Central
DC_021,North Satellite Depot DC_021,2026-04-19,Sunday,Morning,0,0,0,Satellite Depot,North
DC_021,North Satellite Depot DC_021,2026-04-19,Sunday,Afternoon,0,0,0,Satellite Depot,North
DC_021,North Satellite Depot DC_021,2026-04-19,Sunday,Evening,0,0,0,Satellite Depot,North
DC_022,South Urban Hub DC_022,2026-04-19,Sunday,Morning,276,179,539,Urban Hub,South
DC_022,South Urban Hub DC_022,2026-04-19,Sunday,Afternoon,327,221,739,Urban Hub,South
DC_022,South Urban Hub DC_022,2026-04-19,Sunday,Evening,234,163,465,Urban Hub,South
DC_023,East Regional Center DC_023,2026-04-19,Sunday,Morning,1022,556,1764,Regional Center,East
DC_023,East Regional Center DC_023,2026-04-19,Sunday,Afternoon,1383,656,2086,Regional Center,East
DC_023,East Regional Center DC_023,2026-04-19,Sunday,Evening,822,386,1247,Regional Center,East
DC_024,West Satellite Depot DC_024,2026-04-19,Sunday,Morning,0,0,0,Satellite Depot,West
DC_024,West Satellite Depot DC_024,2026-04-19,Sunday,Afternoon,0,0,0,Satellite Depot,West
DC_024,West Satellite Depot DC_024,2026-04-19,Sunday,Evening,0,0,0,Satellite Depot,West
DC_001,North Urban Hub DC_001,2026-04-20,Monday,Morning,455,270,857,Urban Hub,North
DC_001,North Urban Hub DC_001,2026-04-20,Monday,Afternoon,744,450,1381,Urban Hub,North
DC_001,North Urban Hub DC_001,2026-04-20,Monday,Evening,389,253,815,Urban Hub,North
DC_002,South Regional Center DC_002,2026-04-20,Monday,Morning,180,93,325,Regional Center,South
DC_002,South Regional Center DC_002,2026-04-20,Monday,Afternoon,181,160,447,Regional Center,South
DC_002,South Regional Center DC_002,2026-04-20,Monday,Evening,115,70,225,Regional Center,South
DC_003,East Satellite Depot DC_003,2026-04-20,Monday,Morning,274,239,794,Satellite Depot,East
DC_003,East Satellite Depot DC_003,2026-04-20,Monday,Afternoon,340,394,1126,Satellite Depot,East
DC_003,East Satellite Depot DC_003,2026-04-20,Monday,Evening,184,196,638,Satellite Depot,East
DC_004,West Urban Hub DC_004,2026-04-20,Monday,Morning,548,342,1053,Urban Hub,West
DC_004,West Urban Hub DC_004,2026-04-20,Monday,Afternoon,867,566,1634,Urban Hub,West
DC_004,West Urban Hub DC_004,2026-04-20,Monday,Evening,454,251,791,Urban Hub,West
DC_005,Central Regional Center DC_005,2026-04-20,Monday,Morning,82,49,158,Regional Center,Central
DC_005,Central Regional Center DC_005,2026-04-20,Monday,Afternoon,105,74,225,Regional Center,Central
DC_005,Central Regional Center DC_005,2026-04-20,Monday,Evening,65,48,127,Regional Center,Central
DC_006,North Satellite Depot DC_006,2026-04-20,Monday,Morning,685,109,290,Satellite Depot,North
DC_006,North Satellite Depot DC_006,2026-04-20,Monday,Afternoon,1141,168,507,Satellite Depot,North
DC_006,North Satellite Depot DC_006,2026-04-20,Monday,Evening,616,89,264,Satellite Depot,North
DC_007,South Urban Hub DC_007,2026-04-20,Monday,Morning,478,282,840,Urban Hub,South
DC_007,South Urban Hub DC_007,2026-04-20,Monday,Afternoon,568,325,1103,Urban Hub,South
DC_007,South Urban Hub DC_007,2026-04-20,Monday,Evening,391,228,645,Urban Hub,South
DC_008,East Regional Center DC_008,2026-04-20,Monday,Morning,1499,214,684,Regional Center,East
DC_008,East Regional Center DC_008,2026-04-20,Monday,Afternoon,2317,317,964,Regional Center,East
DC_008,East Regional Center DC_008,2026-04-20,Monday,Evening,1525,155,536,Regional Center,East
DC_009,West Satellite Depot DC_009,2026-04-20,Monday,Morning,219,148,443,Satellite Depot,West
DC_009,West Satellite Depot DC_009,2026-04-20,Monday,Afternoon,369,276,807,Satellite Depot,West
DC_009,West Satellite Depot DC_009,2026-04-20,Monday,Evening,236,137,438,Satellite Depot,West
DC_010,Central Urban Hub DC_010,2026-04-20,Monday,Morning,89,81,234,Urban Hub,Central
DC_010,Central Urban Hub DC_010,2026-04-20,Monday,Afternoon,128,124,400,Urban Hub,Central
DC_010,Central Urban Hub DC_010,2026-04-20,Monday,Evening,68,56,197,Urban Hub,Central
DC_011,North Regional Center DC_011,2026-04-20,Monday,Morning,545,291,981,Regional Center,North
DC_011,North Regional Center DC_011,2026-04-20,Monday,Afternoon,795,453,1407,Regional Center,North
DC_011,North Regional Center DC_011,2026-04-20,Monday,Evening,431,229,830,Regional Center,North
DC_012,South Satellite Depot DC_012,2026-04-20,Monday,Morning,662,301,957,Satellite Depot,South
DC_012,South Satellite Depot DC_012,2026-04-20,Monday,Afternoon,743,443,1402,Satellite Depot,South
DC_012,South Satellite Depot DC_012,2026-04-20,Monday,Evening,415,238,775,Satellite Depot,South
DC_013,East Urban Hub DC_013,2026-04-20,Monday,Morning,329,146,561,Urban Hub,East
DC_013,East Urban Hub DC_013,2026-04-20,Monday,Afternoon,437,304,830,Urban Hub,East
DC_013,East Urban Hub DC_013,2026-04-20,Monday,Evening,289,165,494,Urban Hub,East
DC_014,West Regional Center DC_014,2026-04-20,Monday,Morning,645,391,1267,Regional Center,West
DC_014,West Regional Center DC_014,2026-04-20,Monday,Afternoon,680,537,1506,Regional Center,West
DC_014,West Regional Center DC_014,2026-04-20,Monday,Evening,530,337,1094,Regional Center,West
DC_015,Central Satellite Depot DC_015,2026-04-20,Monday,Morning,1805,238,710,Satellite Depot,Central
DC_015,Central Satellite Depot DC_015,2026-04-20,Monday,Afternoon,3029,442,1145,Satellite Depot,Central
DC_015,Central Satellite Depot DC_015,2026-04-20,Monday,Evening,1799,232,692,Satellite Depot,Central
DC_016,North Urban Hub DC_016,2026-04-20,Monday,Morning,203,137,395,Urban Hub,North
DC_016,North Urban Hub DC_016,2026-04-20,Monday,Afternoon,260,157,508,Urban Hub,North
DC_016,North Urban Hub DC_016,2026-04-20,Monday,Evening,203,109,339,Urban Hub,North
DC_017,South Regional Center DC_017,2026-04-20,Monday,Morning,373,217,631,Regional Center,South
DC_017,South Regional Center DC_017,2026-04-20,Monday,Afternoon,631,383,1144,Regional Center,South
DC_017,South Regional Center DC_017,2026-04-20,Monday,Evening,354,216,688,Regional Center,South
DC_018,East Satellite Depot DC_018,2026-04-20,Monday,Morning,212,147,376,Satellite Depot,East
DC_018,East Satellite Depot DC_018,2026-04-20,Monday,Afternoon,320,205,627,Satellite Depot,East
DC_018,East Satellite Depot DC_018,2026-04-20,Monday,Evening,159,118,319,Satellite Depot,East
DC_019,West Urban Hub DC_019,2026-04-20,Monday,Morning,729,344,1219,Urban Hub,West
DC_019,West Urban Hub DC_019,2026-04-20,Monday,Afternoon,1389,755,2054,Urban Hub,West
DC_019,West Urban Hub DC_019,2026-04-20,Monday,Evening,588,381,1055,Urban Hub,West
DC_020,Central Regional Center DC_020,2026-04-20,Monday,Morning,325,195,629,Regional Center,Central
DC_020,Central Regional Center DC_020,2026-04-20,Monday,Afternoon,384,257,771,Regional Center,Central
DC_020,Central Regional Center DC_020,2026-04-20,Monday,Evening,223,165,443,Regional Center,Central
DC_021,North Satellite Depot DC_021,2026-04-20,Monday,Morning,1833,211,723,Satellite Depot,North
DC_021,North Satellite Depot DC_021,2026-04-20,Monday,Afternoon,2491,313,879,Satellite Depot,North
DC_021,North Satellite Depot DC_021,2026-04-20,Monday,Evening,1397,183,545,Satellite Depot,North
DC_022,South Urban Hub DC_022,2026-04-20,Monday,Morning,259,138,427,Urban Hub,South
DC_022,South Urban Hub DC_022,2026-04-20,Monday,Afternoon,382,192,671,Urban Hub,South
DC_022,South Urban Hub DC_022,2026-04-20,Monday,Evening,182,130,384,Urban Hub,South
DC_023,East Regional Center DC_023,2026-04-20,Monday,Morning,679,474,1269,Regional Center,East
DC_023,East Regional Center DC_023,2026-04-20,Monday,Afternoon,1122,633,2080,Regional Center,East
DC_023,East Regional Center DC_023,2026-04-20,Monday,Evening,527,338,975,Regional Center,East
DC_024,West Satellite Depot DC_024,2026-04-20,Monday,Morning,289,175,559,Satellite Depot,West
DC_024,West Satellite Depot DC_024,2026-04-20,Monday,Afternoon,405,257,845,Satellite Depot,West
DC_024,West Satellite Depot DC_024,2026-04-20,Monday,Evening,214,132,375,Satellite Depot,West
DC_001,North Urban Hub DC_001,2026-04-21,Tuesday,Morning,380,263,725,Urban Hub,North
DC_001,North Urban Hub DC_001,2026-04-21,Tuesday,Afternoon,630,328,1012,Urban Hub,North
DC_001,North Urban Hub DC_001,2026-04-21,Tuesday,Evening,251,155,495,Urban Hub,North
DC_002,South Regional Center DC_002,2026-04-21,Tuesday,Morning,172,117,349,Regional Center,South
DC_002,South Regional Center DC_002,2026-04-21,Tuesday,Afternoon,298,169,484,Regional Center,South
DC_002,South Regional Center DC_002,2026-04-21,Tuesday,Evening,174,84,259,Regional Center,South
DC_003,East Satellite Depot DC_003,2026-04-21,Tuesday,Morning,213,236,667,Satellite Depot,East
DC_003,East Satellite Depot DC_003,2026-04-21,Tuesday,Afternoon,363,327,1127,Satellite Depot,East
DC_003,East Satellite Depot DC_003,2026-04-21,Tuesday,Evening,211,199,605,Satellite Depot,East
DC_004,West Urban Hub DC_004,2026-04-21,Tuesday,Morning,501,301,979,Urban Hub,West
DC_004,West Urban Hub DC_004,2026-04-21,Tuesday,Afternoon,1116,649,1970,Urban Hub,West
DC_004,West Urban Hub DC_004,2026-04-21,Tuesday,Evening,455,273,872,Urban Hub,West
DC_005,Central Regional Center DC_005,2026-04-21,Tuesday,Morning,80,57,167,Regional Center,Central
DC_005,Central Regional Center DC_005,2026-04-21,Tuesday,Afternoon,137,87,271,Regional Center,Central
DC_005,Central Regional Center DC_005,2026-04-21,Tuesday,Evening,59,47,136,Regional Center,Central
DC_006,North Satellite Depot DC_006,2026-04-21,Tuesday,Morning,687,70,247,Satellite Depot,North
DC_006,North Satellite Depot DC_006,2026-04-21,Tuesday,Afternoon,1070,120,387,Satellite Depot,North
DC_006,North Satellite Depot DC_006,2026-04-21,Tuesday,Evening,557,62,205,Satellite Depot,North
DC_007,South Urban Hub DC_007,2026-04-21,Tuesday,Morning,328,204,630,Urban Hub,South
DC_007,South Urban Hub DC_007,2026-04-21,Tuesday,Afternoon,494,304,948,Urban Hub,South
DC_007,South Urban Hub DC_007,2026-04-21,Tuesday,Evening,221,170,483,Urban Hub,South
DC_008,East Regional Center DC_008,2026-04-21,Tuesday,Morning,1621,172,609,Regional Center,East
DC_008,East Regional Center DC_008,2026-04-21,Tuesday,Afternoon,2276,287,819,Regional Center,East
DC_008,East Regional Center DC_008,2026-04-21,Tuesday,Evening,1498,169,503,Regional Center,East
DC_009,West Satellite Depot DC_009,2026-04-21,Tuesday,Morning,253,164,487,Satellite Depot,West
DC_009,West Satellite Depot DC_009,2026-04-21,Tuesday,Afternoon,375,280,778,Satellite Depot,West
DC_009,West Satellite Depot DC_009,2026-04-21,Tuesday,Evening,298,149,522,Satellite Depot,West
DC_010,Central Urban Hub DC_010,2026-04-21,Tuesday,Morning,97,95,271,Urban Hub,Central
DC_010,Central Urban Hub DC_010,2026-04-21,Tuesday,Afternoon,133,131,402,Urban Hub,Central
DC_010,Central Urban Hub DC_010,2026-04-21,Tuesday,Evening,82,76,236,Urban Hub,Central
DC_011,North Regional Center DC_011,2026-04-21,Tuesday,Morning,560,371,1134,Regional Center,North
DC_011,North Regional Center DC_011,2026-04-21,Tuesday,Afternoon,988,545,1544,Regional Center,North
DC_011,North Regional Center DC_011,2026-04-21,Tuesday,Evening,486,289,901,Regional Center,North
DC_012,South Satellite Depot DC_012,2026-04-21,Tuesday,Morning,643,351,1069,Satellite Depot,South
DC_012,South Satellite Depot DC_012,2026-04-21,Tuesday,Afternoon,858,434,1502,Satellite Depot,South
DC_012,South Satellite Depot DC_012,2026-04-21,Tuesday,Evening,457,249,882,Satellite Depot,South
DC_013,East Urban Hub DC_013,2026-04-21,Tuesday,Morning,291,171,547,Urban Hub,East
DC_013,East Urban Hub DC_013,2026-04-21,Tuesday,Afternoon,447,306,864,Urban Hub,East
DC_013,East Urban Hub DC_013,2026-04-21,Tuesday,Evening,264,172,546,Urban Hub,East
DC_014,West Regional Center DC_014,2026-04-21,Tuesday,Morning,619,325,1055,Regional Center,West
DC_014,West Regional Center DC_014,2026-04-21,Tuesday,Afternoon,1339,545,1860,Regional Center,West
DC_014,West Regional Center DC_014,2026-04-21,Tuesday,Evening,603,311,1043,Regional Center,West
DC_015,Central Satellite Depot DC_015,2026-04-21,Tuesday,Morning,2109,239,763,Satellite Depot,Central
DC_015,Central Satellite Depot DC_015,2026-04-21,Tuesday,Afternoon,3082,433,1382,Satellite Depot,Central
DC_015,Central Satellite Depot DC_015,2026-04-21,Tuesday,Evening,1670,250,697,Satellite Depot,Central
DC_016,North Urban Hub DC_016,2026-04-21,Tuesday,Morning,194,106,338,Urban Hub,North
DC_016,North Urban Hub DC_016,2026-04-21,Tuesday,Afternoon,240,151,474,Urban Hub,North
DC_016,North Urban Hub DC_016,2026-04-21,Tuesday,Evening,106,62,202,Urban Hub,North
DC_017,South Regional Center DC_017,2026-04-21,Tuesday,Morning,421,223,783,Regional Center,South
DC_017,South Regional Center DC_017,2026-04-21,Tuesday,Afternoon,594,346,1163,Regional Center,South
DC_017,South Regional Center DC_017,2026-04-21,Tuesday,Evening,378,260,648,Regional Center,South
DC_018,East Satellite Depot DC_018,2026-04-21,Tuesday,Morning,144,96,290,Satellite Depot,East
DC_018,East Satellite Depot DC_018,2026-04-21,Tuesday,Afternoon,252,141,481,Satellite Depot,East
DC_018,East Satellite Depot DC_018,2026-04-21,Tuesday,Evening,125,76,245,Satellite Depot,East
DC_019,West Urban Hub DC_019,2026-04-21,Tuesday,Morning,711,373,1114,Urban Hub,West
DC_019,West Urban Hub DC_019,2026-04-21,Tuesday,Afternoon,738,504,1594,Urban Hub,West
DC_019,West Urban Hub DC_019,2026-04-21,Tuesday,Evening,402,244,810,Urban Hub,West
DC_020,Central Regional Center DC_020,2026-04-21,Tuesday,Morning,289,165,559,Regional Center,Central
DC_020,Central Regional Center DC_020,2026-04-21,Tuesday,Afternoon,494,320,995,Regional Center,Central
DC_020,Central Regional Center DC_020,2026-04-21,Tuesday,Evening,241,156,478,Regional Center,Central
DC_021,North Satellite Depot DC_021,2026-04-21,Tuesday,Morning,1455,148,506,Satellite Depot,North
DC_021,North Satellite Depot DC_021,2026-04-21,Tuesday,Afternoon,1830,217,679,Satellite Depot,North
DC_021,North Satellite Depot DC_021,2026-04-21,Tuesday,Evening,1296,164,482,Satellite Depot,North
DC_022,South Urban Hub DC_022,2026-04-21,Tuesday,Morning,158,144,345,Urban Hub,South
DC_022,South Urban Hub DC_022,2026-04-21,Tuesday,Afternoon,210,153,498,Urban Hub,South
DC_022,South Urban Hub DC_022,2026-04-21,Tuesday,Evening,147,88,274,Urban Hub,South
DC_023,East Regional Center DC_023,2026-04-21,Tuesday,Morning,635,440,1406,Regional Center,East
DC_023,East Regional Center DC_023,2026-04-21,Tuesday,Afternoon,935,646,1890,Regional Center,East
DC_023,East Regional Center DC_023,2026-04-21,Tuesday,Evening,646,372,1007,Regional Center,East
DC_024,West Satellite Depot DC_024,2026-04-21,Tuesday,Morning,300,157,500,Satellite Depot,West
DC_024,West Satellite Depot DC_024,2026-04-21,Tuesday,Afternoon,558,257,730,Satellite Depot,West
DC_024,West Satellite Depot DC_024,2026-04-21,Tuesday,Evening,244,124,432,Satellite Depot,West
DC_001,North Urban Hub DC_001,2026-04-22,Wednesday,Morning,338,223,690,Urban Hub,North
DC_001,North Urban Hub DC_001,2026-04-22,Wednesday,Afternoon,628,351,1084,Urban Hub,North
DC_001,North Urban Hub DC_001,2026-04-22,Wednesday,Evening,297,187,567,Urban Hub,North
DC_002,South Regional Center DC_002,2026-04-22,Wednesday,Morning,143,92,293,Regional Center,South
DC_002,South Regional Center DC_002,2026-04-22,Wednesday,Afternoon,241,149,459,Regional Center,South
DC_002,South Regional Center DC_002,2026-04-22,Wednesday,Evening,130,84,246,Regional Center,South
DC_003,East Satellite Depot DC_003,2026-04-22,Wednesday,Morning,270,234,706,Satellite Depot,East
DC_003,East Satellite Depot DC_003,2026-04-22,Wednesday,Afternoon,413,320,1194,Satellite Depot,East
DC_003,East Satellite Depot DC_003,2026-04-22,Wednesday,Evening,195,206,681,Satellite Depot,East
DC_004,West Urban Hub DC_004,2026-04-22,Wednesday,Morning,761,537,1321,Urban Hub,West
DC_004,West Urban Hub DC_004,2026-04-22,Wednesday,Afternoon,840,530,1664,Urban Hub,West
DC_004,West Urban Hub DC_004,2026-04-22,Wednesday,Evening,462,307,980,Urban Hub,West
DC_005,Central Regional Center DC_005,2026-04-22,Wednesday,Morning,109,66,187,Regional Center,Central
DC_005,Central Regional Center DC_005,2026-04-22,Wednesday,Afternoon,157,101,297,Regional Center,Central
DC_005,Central Regional Center DC_005,2026-04-22,Wednesday,Evening,79,48,139,Regional Center,Central
DC_006,North Satellite Depot DC_006,2026-04-22,Wednesday,Morning,691,75,229,Satellite Depot,North
DC_006,North Satellite Depot DC_006,2026-04-22,Wednesday,Afternoon,850,115,365,Satellite Depot,North
DC_006,North Satellite Depot DC_006,2026-04-22,Wednesday,Evening,604,71,217,Satellite Depot,North
DC_007,South Urban Hub DC_007,2026-04-22,Wednesday,Morning,331,216,665,Urban Hub,South
DC_007,South Urban Hub DC_007,2026-04-22,Wednesday,Afternoon,560,319,1054,Urban Hub,South
DC_007,South Urban Hub DC_007,2026-04-22,Wednesday,Evening,334,163,518,Urban Hub,South
DC_008,East Regional Center DC_008,2026-04-22,Wednesday,Morning,1184,151,484,Regional Center,East
DC_008,East Regional Center DC_008,2026-04-22,Wednesday,Afternoon,1868,206,667,Regional Center,East
DC_008,East Regional Center DC_008,2026-04-22,Wednesday,Evening,1076,117,394,Regional Center,East
DC_009,West Satellite Depot DC_009,2026-04-22,Wednesday,Morning,324,163,574,Satellite Depot,West
DC_009,West Satellite Depot DC_009,2026-04-22,Wednesday,Afternoon,546,312,990,Satellite Depot,West
DC_009,West Satellite Depot DC_009,2026-04-22,Wednesday,Evening,378,181,521,Satellite Depot,West
DC_010,Central Urban Hub DC_010,2026-04-22,Wednesday,Morning,89,84,266,Urban Hub,Central
DC_010,Central Urban Hub DC_010,2026-04-22,Wednesday,Afternoon,146,155,439,Urban Hub,Central
DC_010,Central Urban Hub DC_010,2026-04-22,Wednesday,Evening,77,76,231,Urban Hub,Central
DC_011,North Regional Center DC_011,2026-04-22,Wednesday,Morning,472,425,1080,Regional Center,North
DC_011,North Regional Center DC_011,2026-04-22,Wednesday,Afternoon,855,553,1606,Regional Center,North
DC_011,North Regional Center DC_011,2026-04-22,Wednesday,Evening,487,320,987,Regional Center,North
DC_012,South Satellite Depot DC_012,2026-04-22,Wednesday,Morning,545,329,1012,Satellite Depot,South
DC_012,South Satellite Depot DC_012,2026-04-22,Wednesday,Afternoon,836,488,1542,Satellite Depot,South
DC_012,South Satellite Depot DC_012,2026-04-22,Wednesday,Evening,552,322,914,Satellite Depot,South
DC_013,East Urban Hub DC_013,2026-04-22,Wednesday,Morning,275,177,560,Urban Hub,East
DC_013,East Urban Hub DC_013,2026-04-22,Wednesday,Afternoon,628,287,1017,Urban Hub,East
DC_013,East Urban Hub DC_013,2026-04-22,Wednesday,Evening,270,156,516,Urban Hub,East
DC_014,West Regional Center DC_014,2026-04-22,Wednesday,Morning,672,380,1196,Regional Center,West
DC_014,West Regional Center DC_014,2026-04-22,Wednesday,Afternoon,1238,683,2393,Regional Center,West
DC_014,West Regional Center DC_014,2026-04-22,Wednesday,Evening,610,416,1186,Regional Center,West
DC_015,Central Satellite Depot DC_015,2026-04-22,Wednesday,Morning,2769,262,917,Satellite Depot,Central
DC_015,Central Satellite Depot DC_015,2026-04-22,Wednesday,Afternoon,4473,427,1289,Satellite Depot,Central
DC_015,Central Satellite Depot DC_015,2026-04-22,Wednesday,Evening,1959,226,742,Satellite Depot,Central
DC_016,North Urban Hub DC_016,2026-04-22,Wednesday,Morning,193,103,317,Urban Hub,North
DC_016,North Urban Hub DC_016,2026-04-22,Wednesday,Afternoon,282,150,512,Urban Hub,North
DC_016,North Urban Hub DC_016,2026-04-22,Wednesday,Evening,137,85,264,Urban Hub,North
DC_017,South Regional Center DC_017,2026-04-22,Wednesday,Morning,424,224,694,Regional Center,South
DC_017,South Regional Center DC_017,2026-04-22,Wednesday,Afternoon,695,516,1378,Regional Center,South
DC_017,South Regional Center DC_017,2026-04-22,Wednesday,Evening,247,161,496,Regional Center,South
DC_018,East Satellite Depot DC_018,2026-04-22,Wednesday,Morning,203,109,348,Satellite Depot,East
DC_018,East Satellite Depot DC_018,2026-04-22,Wednesday,Afternoon,284,171,511,Satellite Depot,East
DC_018,East Satellite Depot DC_018,2026-04-22,Wednesday,Evening,135,86,266,Satellite Depot,East
DC_019,West Urban Hub DC_019,2026-04-22,Wednesday,Morning,633,410,1135,Urban Hub,West
DC_019,West Urban Hub DC_019,2026-04-22,Wednesday,Afternoon,1034,619,1830,Urban Hub,West
DC_019,West Urban Hub DC_019,2026-04-22,Wednesday,Evening,462,291,873,Urban Hub,West
DC_020,Central Regional Center DC_020,2026-04-22,Wednesday,Morning,322,192,603,Regional Center,Central
DC_020,Central Regional Center DC_020,2026-04-22,Wednesday,Afternoon,331,240,735,Regional Center,Central
DC_020,Central Regional Center DC_020,2026-04-22,Wednesday,Evening,324,177,527,Regional Center,Central
DC_021,North Satellite Depot DC_021,2026-04-22,Wednesday,Morning,1128,169,499,Satellite Depot,North
DC_021,North Satellite Depot DC_021,2026-04-22,Wednesday,Afternoon,2312,281,839,Satellite Depot,North
DC_021,North Satellite Depot DC_021,2026-04-22,Wednesday,Evening,990,164,431,Satellite Depot,North
DC_022,South Urban Hub DC_022,2026-04-22,Wednesday,Morning,224,121,342,Urban Hub,South
DC_022,South Urban Hub DC_022,2026-04-22,Wednesday,Afternoon,338,184,536,Urban Hub,South
DC_022,South Urban Hub DC_022,2026-04-22,Wednesday,Evening,158,79,267,Urban Hub,South
DC_023,East Regional Center DC_023,2026-04-22,Wednesday,Morning,746,501,1426,Regional Center,East
DC_023,East Regional Center DC_023,2026-04-22,Wednesday,Afternoon,1087,588,1818,Regional Center,East
DC_023,East Regional Center DC_023,2026-04-22,Wednesday,Evening,603,378,1231,Regional Center,East
DC_024,West Satellite Depot DC_024,2026-04-22,Wednesday,Morning,282,176,531,Satellite Depot,West
DC_024,West Satellite Depot DC_024,2026-04-22,Wednesday,Afternoon,370,313,833,Satellite Depot,West
DC_024,West Satellite Depot DC_024,2026-04-22,Wednesday,Evening,220,169,462,Satellite Depot,West
DC_001,North Urban Hub DC_001,2026-04-23,Thursday,Morning,405,237,722,Urban Hub,North
DC_001,North Urban Hub DC_001,2026-04-23,Thursday,Afternoon,501,305,995,Urban Hub,North
DC_001,North Urban Hub DC_001,2026-04-23,Thursday,Evening,383,211,660,Urban Hub,North
DC_002,South Regional Center DC_002,2026-04-23,Thursday,Morning,182,91,331,Regional Center,South
DC_002,South Regional Center DC_002,2026-04-23,Thursday,Afternoon,324,171,539,Regional Center,South
DC_002,South Regional Center DC_002,2026-04-23,Thursday,Evening,160,93,265,Regional Center,South
DC_003,East Satellite Depot DC_003,2026-04-23,Thursday,Morning,244,254,825,Satellite Depot,East
DC_003,East Satellite Depot DC_003,2026-04-23,Thursday,Afternoon,483,451,1338,Satellite Depot,East
DC_003,East Satellite Depot DC_003,2026-04-23,Thursday,Evening,250,240,728,Satellite Depot,East
DC_004,West Urban Hub DC_004,2026-04-23,Thursday,Morning,737,424,1338,Urban Hub,West
DC_004,West Urban Hub DC_004,2026-04-23,Thursday,Afternoon,1183,644,2185,Urban Hub,West
DC_004,West Urban Hub DC_004,2026-04-23,Thursday,Evening,698,398,1125,Urban Hub,West
DC_005,Central Regional Center DC_005,2026-04-23,Thursday,Morning,107,60,184,Regional Center,Central
DC_005,Central Regional Center DC_005,2026-04-23,Thursday,Afternoon,147,98,310,Regional Center,Central
DC_005,Central Regional Center DC_005,2026-04-23,Thursday,Evening,106,51,159,Regional Center,Central
DC_006,North Satellite Depot DC_006,2026-04-23,Thursday,Morning,680,74,268,Satellite Depot,North
DC_006,North Satellite Depot DC_006,2026-04-23,Thursday,Afternoon,1059,154,441,Satellite Depot,North
DC_006,North Satellite Depot DC_006,2026-04-23,Thursday,Evening,557,74,214,Satellite Depot,North
DC_007,South Urban Hub DC_007,2026-04-23,Thursday,Morning,363,249,705,Urban Hub,South
DC_007,South Urban Hub DC_007,2026-04-23,Thursday,Afternoon,587,418,1115,Urban Hub,South
DC_007,South Urban Hub DC_007,2026-04-23,Thursday,Evening,292,168,563,Urban Hub,South
DC_008,East Regional Center DC_008,2026-04-23,Thursday,Morning,1126,150,471,Regional Center,East
DC_008,East Regional Center DC_008,2026-04-23,Thursday,Afternoon,1944,192,650,Regional Center,East
DC_008,East Regional Center DC_008,2026-04-23,Thursday,Evening,1107,127,442,Regional Center,East
DC_009,West Satellite Depot DC_009,2026-04-23,Thursday,Morning,375,262,752,Satellite Depot,West
DC_009,West Satellite Depot DC_009,2026-04-23,Thursday,Afternoon,599,394,1184,Satellite Depot,West
DC_009,West Satellite Depot DC_009,2026-04-23,Thursday,Evening,284,204,547,Satellite Depot,West
DC_010,Central Urban Hub DC_010,2026-04-23,Thursday,Morning,113,100,318,Urban Hub,Central
DC_010,Central Urban Hub DC_010,2026-04-23,Thursday,Afternoon,144,149,435,Urban Hub,Central
DC_010,Central Urban Hub DC_010,2026-04-23,Thursday,Evening,68,72,249,Urban Hub,Central
DC_011,North Regional Center DC_011,2026-04-23,Thursday,Morning,681,386,1277,Regional Center,North
DC_011,North Regional Center DC_011,2026-04-23,Thursday,Afternoon,1175,659,2031,Regional Center,North
DC_011,North Regional Center DC_011,2026-04-23,Thursday,Evening,424,244,884,Regional Center,North
DC_012,South Satellite Depot DC_012,2026-04-23,Thursday,Morning,784,360,1170,Satellite Depot,South
DC_012,South Satellite Depot DC_012,2026-04-23,Thursday,Afternoon,920,497,1617,Satellite Depot,South
DC_012,South Satellite Depot DC_012,2026-04-23,Thursday,Evening,552,336,988,Satellite Depot,South
DC_013,East Urban Hub DC_013,2026-04-23,Thursday,Morning,410,262,739,Urban Hub,East
DC_013,East Urban Hub DC_013,2026-04-23,Thursday,Afternoon,551,350,1069,Urban Hub,East
DC_013,East Urban Hub DC_013,2026-04-23,Thursday,Evening,263,224,541,Urban Hub,East
DC_014,West Regional Center DC_014,2026-04-23,Thursday,Morning,797,448,1407,Regional Center,West
DC_014,West Regional Center DC_014,2026-04-23,Thursday,Afternoon,1097,783,2287,Regional Center,West
DC_014,West Regional Center DC_014,2026-04-23,Thursday,Evening,665,476,1273,Regional Center,West
DC_015,Central Satellite Depot DC_015,2026-04-23,Thursday,Morning,3282,342,1095,Satellite Depot,Central
DC_015,Central Satellite Depot DC_015,2026-04-23,Thursday,Afternoon,3694,494,1470,Satellite Depot,Central
DC_015,Central Satellite Depot DC_015,2026-04-23,Thursday,Evening,2566,274,844,Satellite Depot,Central
DC_016,North Urban Hub DC_016,2026-04-23,Thursday,Morning,194,106,341,Urban Hub,North
DC_016,North Urban Hub DC_016,2026-04-23,Thursday,Afternoon,320,177,582,Urban Hub,North
DC_016,North Urban Hub DC_016,2026-04-23,Thursday,Evening,174,98,299,Urban Hub,North
DC_017,South Regional Center DC_017,2026-04-23,Thursday,Morning,496,271,870,Regional Center,South
DC_017,South Regional Center DC_017,2026-04-23,Thursday,Afternoon,857,507,1362,Regional Center,South
DC_017,South Regional Center DC_017,2026-04-23,Thursday,Evening,444,242,768,Regional Center,South
DC_018,East Satellite Depot DC_018,2026-04-23,Thursday,Morning,216,129,356,Satellite Depot,East
DC_018,East Satellite Depot DC_018,2026-04-23,Thursday,Afternoon,293,190,569,Satellite Depot,East
DC_018,East Satellite Depot DC_018,2026-04-23,Thursday,Evening,144,92,258,Satellite Depot,East
DC_019,West Urban Hub DC_019,2026-04-23,Thursday,Morning,681,351,1183,Urban Hub,West
DC_019,West Urban Hub DC_019,2026-04-23,Thursday,Afternoon,950,536,1604,Urban Hub,West
DC_019,West Urban Hub DC_019,2026-04-23,Thursday,Evening,392,238,727,Urban Hub,West
DC_020,Central Regional Center DC_020,2026-04-23,Thursday,Morning,471,213,724,Regional Center,Central
DC_020,Central Regional Center DC_020,2026-04-23,Thursday,Afternoon,515,351,1085,Regional Center,Central
DC_020,Central Regional Center DC_020,2026-04-23,Thursday,Evening,380,187,611,Regional Center,Central
DC_021,North Satellite Depot DC_021,2026-04-23,Thursday,Morning,1595,184,519,Satellite Depot,North
DC_021,North Satellite Depot DC_021,2026-04-23,Thursday,Afternoon,2329,260,831,Satellite Depot,North
DC_021,North Satellite Depot DC_021,2026-04-23,Thursday,Evening,1282,115,394,Satellite Depot,North
DC_022,South Urban Hub DC_022,2026-04-23,Thursday,Morning,255,139,430,Urban Hub,South
DC_022,South Urban Hub DC_022,2026-04-23,Thursday,Afternoon,333,207,650,Urban Hub,South
DC_022,South Urban Hub DC_022,2026-04-23,Thursday,Evening,208,117,363,Urban Hub,South
DC_023,East Regional Center DC_023,2026-04-23,Thursday,Morning,847,516,1550,Regional Center,East
DC_023,East Regional Center DC_023,2026-04-23,Thursday,Afternoon,1242,825,2342,Regional Center,East
DC_023,East Regional Center DC_023,2026-04-23,Thursday,Evening,809,452,1376,Regional Center,East
DC_024,West Satellite Depot DC_024,2026-04-23,Thursday,Morning,319,241,619,Satellite Depot,West
DC_024,West Satellite Depot DC_024,2026-04-23,Thursday,Afternoon,580,299,1019,Satellite Depot,West
DC_024,West Satellite Depot DC_024,2026-04-23,Thursday,Evening,272,142,508,Satellite Depot,West
DC_001,North Urban Hub DC_001,2026-04-24,Friday,Morning,397,269,836,Urban Hub,North
DC_001,North Urban Hub DC_001,2026-04-24,Friday,Afternoon,700,400,1325,Urban Hub,North
DC_001,North Urban Hub DC_001,2026-04-24,Friday,Evening,396,229,673,Urban Hub,North
DC_002,South Regional Center DC_002,2026-04-24,Friday,Morning,204,114,375,Regional Center,South
DC_002,South Regional Center DC_002,2026-04-24,Friday,Afternoon,362,211,616,Regional Center,South
DC_002,South Regional Center DC_002,2026-04-24,Friday,Evening,122,86,274,Regional Center,South
DC_003,East Satellite Depot DC_003,2026-04-24,Friday,Morning,344,299,928,Satellite Depot,East
DC_003,East Satellite Depot DC_003,2026-04-24,Friday,Afternoon,461,414,1394,Satellite Depot,East
DC_003,East Satellite Depot DC_003,2026-04-24,Friday,Evening,313,310,881,Satellite Depot,East
DC_004,West Urban Hub DC_004,2026-04-24,Friday,Morning,577,373,1252,Urban Hub,West
DC_004,West Urban Hub DC_004,2026-04-24,Friday,Afternoon,1060,690,1999,Urban Hub,West
DC_004,West Urban Hub DC_004,2026-04-24,Friday,Evening,664,396,1202,Urban Hub,West
DC_005,Central Regional Center DC_005,2026-04-24,Friday,Morning,117,71,216,Regional Center,Central
DC_005,Central Regional Center DC_005,2026-04-24,Friday,Afternoon,153,88,309,Regional Center,Central
DC_005,Central Regional Center DC_005,2026-04-24,Friday,Evening,89,59,179,Regional Center,Central
DC_006,North Satellite Depot DC_006,2026-04-24,Friday,Morning,689,90,284,Satellite Depot,North
DC_006,North Satellite Depot DC_006,2026-04-24,Friday,Afternoon,1066,130,400,Satellite Depot,North
DC_006,North Satellite Depot DC_006,2026-04-24,Friday,Evening,543,75,240,Satellite Depot,North
DC_007,South Urban Hub DC_007,2026-04-24,Friday,Morning,439,271,846,Urban Hub,South
DC_007,South Urban Hub DC_007,2026-04-24,Friday,Afternoon,562,341,1057,Urban Hub,South
DC_007,South Urban Hub DC_007,2026-04-24,Friday,Evening,318,187,565,Urban Hub,South
DC_008,East Regional Center DC_008,2026-04-24,Friday,Morning,1297,178,525,Regional Center,East
DC_008,East Regional Center DC_008,2026-04-24,Friday,Afternoon,2077,332,791,Regional Center,East
DC_008,East Regional Center DC_008,2026-04-24,Friday,Evening,951,152,407,Regional Center,East
DC_009,West Satellite Depot DC_009,2026-04-24,Friday,Morning,337,251,729,Satellite Depot,West
DC_009,West Satellite Depot DC_009,2026-04-24,Friday,Afternoon,661,309,1085,Satellite Depot,West
DC_009,West Satellite Depot DC_009,2026-04-24,Friday,Evening,317,174,598,Satellite Depot,West
DC_010,Central Urban Hub DC_010,2026-04-24,Friday,Morning,117,113,332,Urban Hub,Central
DC_010,Central Urban Hub DC_010,2026-04-24,Friday,Afternoon,169,191,492,Urban Hub,Central
DC_010,Central Urban Hub DC_010,2026-04-24,Friday,Evening,98,74,260,Urban Hub,Central
DC_011,North Regional Center DC_011,2026-04-24,Friday,Morning,766,449,1313,Regional Center,North
DC_011,North Regional Center DC_011,2026-04-24,Friday,Afternoon,982,491,1648,Regional Center,North
DC_011,North Regional Center DC_011,2026-04-24,Friday,Evening,632,413,1271,Regional Center,North
DC_012,South Satellite Depot DC_012,2026-04-24,Friday,Morning,686,324,1170,Satellite Depot,South
DC_012,South Satellite Depot DC_012,2026-04-24,Friday,Afternoon,791,519,1790,Satellite Depot,South
DC_012,South Satellite Depot DC_012,2026-04-24,Friday,Evening,494,296,869,Satellite Depot,South
DC_013,East Urban Hub DC_013,2026-04-24,Friday,Morning,406,197,758,Urban Hub,East
DC_013,East Urban Hub DC_013,2026-04-24,Friday,Afternoon,545,321,1046,Urban Hub,East
DC_013,East Urban Hub DC_013,2026-04-24,Friday,Evening,335,224,636,Urban Hub,East
DC_014,West Regional Center DC_014,2026-04-24,Friday,Morning,778,482,1534,Regional Center,West
DC_014,West Regional Center DC_014,2026-04-24,Friday,Afternoon,1117,715,2385,Regional Center,West
DC_014,West Regional Center DC_014,2026-04-24,Friday,Evening,765,432,1274,Regional Center,West
DC_015,Central Satellite Depot DC_015,2026-04-24,Friday,Morning,2451,326,973,Satellite Depot,Central
DC_015,Central Satellite Depot DC_015,2026-04-24,Friday,Afternoon,4008,511,1374,Satellite Depot,Central
DC_015,Central Satellite Depot DC_015,2026-04-24,Friday,Evening,2436,284,810,Satellite Depot,Central
DC_016,North Urban Hub DC_016,2026-04-24,Friday,Morning,237,122,388,Urban Hub,North
DC_016,North Urban Hub DC_016,2026-04-24,Friday,Afternoon,358,213,637,Urban Hub,North
DC_016,North Urban Hub DC_016,2026-04-24,Friday,Evening,199,120,349,Urban Hub,North
DC_017,South Regional Center DC_017,2026-04-24,Friday,Morning,499,313,1018,Regional Center,South
DC_017,South Regional Center DC_017,2026-04-24,Friday,Afternoon,985,435,1496,Regional Center,South
DC_017,South Regional Center DC_017,2026-04-24,Friday,Evening,387,250,798,Regional Center,South
DC_018,East Satellite Depot DC_018,2026-04-24,Friday,Morning,206,118,377,Satellite Depot,East
DC_018,East Satellite Depot DC_018,2026-04-24,Friday,Afternoon,270,203,550,Satellite Depot,East
DC_018,East Satellite Depot DC_018,2026-04-24,Friday,Evening,133,102,300,Satellite Depot,East
DC_019,West Urban Hub DC_019,2026-04-24,Friday,Morning,708,382,1217,Urban Hub,West
DC_019,West Urban Hub DC_019,2026-04-24,Friday,Afternoon,949,529,1752,Urban Hub,West
DC_019,West Urban Hub DC_019,2026-04-24,Friday,Evening,483,295,976,Urban Hub,West
DC_020,Central Regional Center DC_020,2026-04-24,Friday,Morning,403,196,767,Regional Center,Central
DC_020,Central Regional Center DC_020,2026-04-24,Friday,Afternoon,594,399,1151,Regional Center,Central
DC_020,Central Regional Center DC_020,2026-04-24,Friday,Evening,274,166,585,Regional Center,Central
DC_021,North Satellite Depot DC_021,2026-04-24,Friday,Morning,1668,250,695,Satellite Depot,North
DC_021,North Satellite Depot DC_021,2026-04-24,Friday,Afternoon,2842,355,969,Satellite Depot,North
DC_021,North Satellite Depot DC_021,2026-04-24,Friday,Evening,1297,159,528,Satellite Depot,North
DC_022,South Urban Hub DC_022,2026-04-24,Friday,Morning,237,164,468,Urban Hub,South
DC_022,South Urban Hub DC_022,2026-04-24,Friday,Afternoon,417,258,670,Urban Hub,South
DC_022,South Urban Hub DC_022,2026-04-24,Friday,Evening,228,120,398,Urban Hub,South
DC_023,East Regional Center DC_023,2026-04-24,Friday,Morning,997,542,1761,Regional Center,East
DC_023,East Regional Center DC_023,2026-04-24,Friday,Afternoon,1489,734,2298,Regional Center,East
DC_023,East Regional Center DC_023,2026-04-24,Friday,Evening,721,361,1297,Regional Center,East
DC_024,West Satellite Depot DC_024,2026-04-24,Friday,Morning,298,204,580,Satellite Depot,West
DC_024,West Satellite Depot DC_024,2026-04-24,Friday,Afternoon,550,333,1064,Satellite Depot,West
DC_024,West Satellite Depot DC_024,2026-04-24,Friday,Evening,293,153,509,Satellite Depot,West
DC_001,North Urban Hub DC_001,2026-04-25,Saturday,Morning,517,354,1017,Urban Hub,North
DC_001,North Urban Hub DC_001,2026-04-25,Saturday,Afternoon,592,439,1373,Urban Hub,North
DC_001,North Urban Hub DC_001,2026-04-25,Saturday,Evening,475,268,829,Urban Hub,North
DC_002,South Regional Center DC_002,2026-04-25,Saturday,Morning,206,138,402,Regional Center,South
DC_002,South Regional Center DC_002,2026-04-25,Saturday,Afternoon,261,158,537,Regional Center,South
DC_002,South Regional Center DC_002,2026-04-25,Saturday,Evening,162,114,358,Regional Center,South
DC_003,East Satellite Depot DC_003,2026-04-25,Saturday,Morning,256,274,897,Satellite Depot,East
DC_003,East Satellite Depot DC_003,2026-04-25,Saturday,Afternoon,455,394,1269,Satellite Depot,East
DC_003,East Satellite Depot DC_003,2026-04-25,Saturday,Evening,244,224,754,Satellite Depot,East
DC_004,West Urban Hub DC_004,2026-04-25,Saturday,Morning,694,562,1471,Urban Hub,West
DC_004,West Urban Hub DC_004,2026-04-25,Saturday,Afternoon,1059,781,2123,Urban Hub,West
DC_004,West Urban Hub DC_004,2026-04-25,Saturday,Evening,635,353,1095,Urban Hub,West
DC_005,Central Regional Center DC_005,2026-04-25,Saturday,Morning,107,83,239,Regional Center,Central
DC_005,Central Regional Center DC_005,2026-04-25,Saturday,Afternoon,167,104,331,Regional Center,Central
DC_005,Central Regional Center DC_005,2026-04-25,Saturday,Evening,94,52,182,Regional Center,Central
DC_006,North Satellite Depot DC_006,2026-04-25,Saturday,Morning,981,103,341,Satellite Depot,North
DC_006,North Satellite Depot DC_006,2026-04-25,Saturday,Afternoon,1262,149,504,Satellite Depot,North
DC_006,North Satellite Depot DC_006,2026-04-25,Saturday,Evening,671,85,265,Satellite Depot,North
DC_007,South Urban Hub DC_007,2026-04-25,Saturday,Morning,357,227,666,Urban Hub,South
DC_007,South Urban Hub DC_007,2026-04-25,Saturday,Afternoon,504,334,1078,Urban Hub,South
DC_007,South Urban Hub DC_007,2026-04-25,Saturday,Evening,372,208,660,Urban Hub,South
DC_008,East Regional Center DC_008,2026-04-25,Saturday,Morning,1728,199,616,Regional Center,East
DC_008,East Regional Center DC_008,2026-04-25,Saturday,Afternoon,2908,297,916,Regional Center,East
DC_008,East Regional Center DC_008,2026-04-25,Saturday,Evening,1201,154,459,Regional Center,East
DC_009,West Satellite Depot DC_009,2026-04-25,Saturday,Morning,338,249,753,Satellite Depot,West
DC_009,West Satellite Depot DC_009,2026-04-25,Saturday,Afternoon,510,386,1143,Satellite Depot,West
DC_009,West Satellite Depot DC_009,2026-04-25,Saturday,Evening,378,200,710,Satellite Depot,West
DC_010,Central Urban Hub DC_010,2026-04-25,Saturday,Morning,108,112,345,Urban Hub,Central
DC_010,Central Urban Hub DC_010,2026-04-25,Saturday,Afternoon,148,139,462,Urban Hub,Central
DC_010,Central Urban Hub DC_010,2026-04-25,Saturday,Evening,90,89,270,Urban Hub,Central
DC_011,North Regional Center DC_011,2026-04-25,Saturday,Morning,685,491,1439,Regional Center,North
DC_011,North Regional Center DC_011,2026-04-25,Saturday,Afternoon,972,544,1892,Regional Center,North
DC_011,North Regional Center DC_011,2026-04-25,Saturday,Evening,734,400,1213,Regional Center,North
DC_012,South Satellite Depot DC_012,2026-04-25,Saturday,Morning,631,330,1155,Satellite Depot,South
DC_012,South Satellite Depot DC_012,2026-04-25,Saturday,Afternoon,1047,573,1659,Satellite Depot,South
DC_012,South Satellite Depot DC_012,2026-04-25,Saturday,Evening,534,331,1064,Satellite Depot,South
DC_013,East Urban Hub DC_013,2026-04-25,Saturday,Morning,552,253,859,Urban Hub,East
DC_013,East Urban Hub DC_013,2026-04-25,Saturday,Afternoon,571,415,1149,Urban Hub,East
DC_013,East Urban Hub DC_013,2026-04-25,Saturday,Evening,341,193,655,Urban Hub,East
DC_014,West Regional Center DC_014,2026-04-25,Saturday,Morning,726,483,1367,Regional Center,West
DC_014,West Regional Center DC_014,2026-04-25,Saturday,Afternoon,1210,714,2444,Regional Center,West
DC_014,West Regional Center DC_014,2026-04-25,Saturday,Evening,610,363,1249,Regional Center,West
DC_015,Central Satellite Depot DC_015,2026-04-25,Saturday,Morning,2158,265,886,Satellite Depot,Central
DC_015,Central Satellite Depot DC_015,2026-04-25,Saturday,Afternoon,4379,449,1498,Satellite Depot,Central
DC_015,Central Satellite Depot DC_015,2026-04-25,Saturday,Evening,2018,249,768,Satellite Depot,Central
DC_016,North Urban Hub DC_016,2026-04-25,Saturday,Morning,250,151,442,Urban Hub,North
DC_016,North Urban Hub DC_016,2026-04-25,Saturday,Afternoon,307,172,632,Urban Hub,North
DC_016,North Urban Hub DC_016,2026-04-25,Saturday,Evening,158,108,306,Urban Hub,North
DC_017,South Regional Center DC_017,2026-04-25,Saturday,Morning,606,353,1034,Regional Center,South
DC_017,South Regional Center DC_017,2026-04-25,Saturday,Afternoon,733,430,1367,Regional Center,South
DC_017,South Regional Center DC_017,2026-04-25,Saturday,Evening,441,299,828,Regional Center,South
DC_018,East Satellite Depot DC_018,2026-04-25,Saturday,Morning,222,122,415,Satellite Depot,East
DC_018,East Satellite Depot DC_018,2026-04-25,Saturday,Afternoon,349,179,555,Satellite Depot,East
DC_018,East Satellite Depot DC_018,2026-04-25,Saturday,Evening,189,118,360,Satellite Depot,East
DC_019,West Urban Hub DC_019,2026-04-25,Saturday,Morning,547,423,1204,Urban Hub,West
DC_019,West Urban Hub DC_019,2026-04-25,Saturday,Afternoon,922,693,1828,Urban Hub,West
DC_019,West Urban Hub DC_019,2026-04-25,Saturday,Evening,596,357,1188,Urban Hub,West
DC_020,Central Regional Center DC_020,2026-04-25,Saturday,Morning,412,269,761,Regional Center,Central
DC_020,Central Regional Center DC_020,2026-04-25,Saturday,Afternoon,635,335,1081,Regional Center,Central
DC_020,Central Regional Center DC_020,2026-04-25,Saturday,Evening,301,202,646,Regional Center,Central
DC_021,North Satellite Depot DC_021,2026-04-25,Saturday,Morning,1849,234,696,Satellite Depot,North
DC_021,North Satellite Depot DC_021,2026-04-25,Saturday,Afternoon,2705,319,1009,Satellite Depot,North
DC_021,North Satellite Depot DC_021,2026-04-25,Saturday,Evening,1394,152,494,Satellite Depot,North
DC_022,South Urban Hub DC_022,2026-04-25,Saturday,Morning,296,154,503,Urban Hub,South
DC_022,South Urban Hub DC_022,2026-04-25,Saturday,Afternoon,358,195,674,Urban Hub,South
DC_022,South Urban Hub DC_022,2026-04-25,Saturday,Evening,206,116,417,Urban Hub,South
DC_023,East Regional Center DC_023,2026-04-25,Saturday,Morning,925,539,1572,Regional Center,East
DC_023,East Regional Center DC_023,2026-04-25,Saturday,Afternoon,1688,803,2448,Regional Center,East
DC_023,East Regional Center DC_023,2026-04-25,Saturday,Evening,657,416,1328,Regional Center,East
DC_024,West Satellite Depot DC_024,2026-04-25,Saturday,Morning,326,197,648,Satellite Depot,West
DC_024,West Satellite Depot DC_024,2026-04-25,Saturday,Afternoon,536,377,958,Satellite Depot,West
DC_024,West Satellite Depot DC_024,2026-04-25,Saturday,Evening,297,166,518,Satellite Depot,West
DC_001,North Urban Hub DC_001,2026-04-26,Sunday,Morning,475,304,848,Urban Hub,North
DC_001,North Urban Hub DC_001,2026-04-26,Sunday,Afternoon,713,436,1395,Urban Hub,North
DC_001,North Urban Hub DC_001,2026-04-26,Sunday,Evening,479,260,765,Urban Hub,North
DC_002,South Regional Center DC_002,2026-04-26,Sunday,Morning,182,106,329,Regional Center,South
DC_002,South Regional Center DC_002,2026-04-26,Sunday,Afternoon,281,199,568,Regional Center,South
DC_002,South Regional Center DC_002,2026-04-26,Sunday,Evening,150,103,299,Regional Center,South
DC_003,East Satellite Depot DC_003,2026-04-26,Sunday,Morning,0,0,0,Satellite Depot,East
DC_003,East Satellite Depot DC_003,2026-04-26,Sunday,Afternoon,0,0,0,Satellite Depot,East
DC_003,East Satellite Depot DC_003,2026-04-26,Sunday,Evening,0,0,0,Satellite Depot,East
DC_004,West Urban Hub DC_004,2026-04-26,Sunday,Morning,703,378,1229,Urban Hub,West
DC_004,West Urban Hub DC_004,2026-04-26,Sunday,Afternoon,965,578,1842,Urban Hub,West
DC_004,West Urban Hub DC_004,2026-04-26,Sunday,Evening,543,366,932,Urban Hub,West
DC_005,Central Regional Center DC_005,2026-04-26,Sunday,Morning,119,63,197,Regional Center,Central
DC_005,Central Regional Center DC_005,2026-04-26,Sunday,Afternoon,146,104,291,Regional Center,Central
DC_005,Central Regional Center DC_005,2026-04-26,Sunday,Evening,71,44,156,Regional Center,Central
DC_006,North Satellite Depot DC_006,2026-04-26,Sunday,Morning,0,0,0,Satellite Depot,North
DC_006,North Satellite Depot DC_006,2026-04-26,Sunday,Afternoon,0,0,0,Satellite Depot,North
DC_006,North Satellite Depot DC_006,2026-04-26,Sunday,Evening,0,0,0,Satellite Depot,North
DC_007,South Urban Hub DC_007,2026-04-26,Sunday,Morning,420,247,776,Urban Hub,South
DC_007,South Urban Hub DC_007,2026-04-26,Sunday,Afternoon,635,423,1251,Urban Hub,South
DC_007,South Urban Hub DC_007,2026-04-26,Sunday,Evening,280,163,608,Urban Hub,South
DC_008,East Regional Center DC_008,2026-04-26,Sunday,Morning,1824,212,616,Regional Center,East
DC_008,East Regional Center DC_008,2026-04-26,Sunday,Afternoon,2122,332,929,Regional Center,East
DC_008,East Regional Center DC_008,2026-04-26,Sunday,Evening,1243,148,491,Regional Center,East
DC_009,West Satellite Depot DC_009,2026-04-26,Sunday,Morning,0,0,0,Satellite Depot,West
DC_009,West Satellite Depot DC_009,2026-04-26,Sunday,Afternoon,0,0,0,Satellite Depot,West
DC_009,West Satellite Depot DC_009,2026-04-26,Sunday,Evening,0,0,0,Satellite Depot,West
DC_010,Central Urban Hub DC_010,2026-04-26,Sunday,Morning,97,82,276,Urban Hub,Central
DC_010,Central Urban Hub DC_010,2026-04-26,Sunday,Afternoon,137,128,445,Urban Hub,Central
DC_010,Central Urban Hub DC_010,2026-04-26,Sunday,Evening,75,70,220,Urban Hub,Central
DC_011,North Regional Center DC_011,2026-04-26,Sunday,Morning,560,370,1131,Regional Center,North
DC_011,North Regional Center DC_011,2026-04-26,Sunday,Afternoon,865,520,1636,Regional Center,North
DC_011,North Regional Center DC_011,2026-04-26,Sunday,Evening,544,330,1061,Regional Center,North
DC_012,South Satellite Depot DC_012,2026-04-26,Sunday,Morning,0,0,0,Satellite Depot,South
DC_012,South Satellite Depot DC_012,2026-04-26,Sunday,Afternoon,0,0,0,Satellite Depot,South
DC_012,South Satellite Depot DC_012,2026-04-26,Sunday,Evening,0,0,0,Satellite Depot,South
DC_013,East Urban Hub DC_013,2026-04-26,Sunday,Morning,388,242,773,Urban Hub,East
DC_013,East Urban Hub DC_013,2026-04-26,Sunday,Afternoon,630,341,1040,Urban Hub,East
DC_013,East Urban Hub DC_013,2026-04-26,Sunday,Evening,305,182,586,Urban Hub,East
DC_014,West Regional Center DC_014,2026-04-26,Sunday,Morning,852,510,1494,Regional Center,West
DC_014,West Regional Center DC_014,2026-04-26,Sunday,Afternoon,1154,776,2330,Regional Center,West
DC_014,West Regional Center DC_014,2026-04-26,Sunday,Evening,618,370,1150,Regional Center,West
DC_015,Central Satellite Depot DC_015,2026-04-26,Sunday,Morning,0,0,0,Satellite Depot,Central
DC_015,Central Satellite Depot DC_015,2026-04-26,Sunday,Afternoon,0,0,0,Satellite Depot,Central
DC_015,Central Satellite Depot DC_015,2026-04-26,Sunday,Evening,0,0,0,Satellite Depot,Central
DC_016,North Urban Hub DC_016,2026-04-26,Sunday,Morning,242,236,473,Urban Hub,North
DC_016,North Urban Hub DC_016,2026-04-26,Sunday,Afternoon,306,262,681,Urban Hub,North
DC_016,North Urban Hub DC_016,2026-04-26,Sunday,Evening,293,121,402,Urban Hub,North
DC_017,South Regional Center DC_017,2026-04-26,Sunday,Morning,585,264,849,Regional Center,South
DC_017,South Regional Center DC_017,2026-04-26,Sunday,Afternoon,716,429,1392,Regional Center,South
DC_017,South Regional Center DC_017,2026-04-26,Sunday,Evening,445,209,685,Regional Center,South
DC_018,East Satellite Depot DC_018,2026-04-26,Sunday,Morning,0,0,0,Satellite Depot,East
DC_018,East Satellite Depot DC_018,2026-04-26,Sunday,Afternoon,0,0,0,Satellite Depot,East
DC_018,East Satellite Depot DC_018,2026-04-26,Sunday,Evening,0,0,0,Satellite Depot,East
DC_019,West Urban Hub DC_019,2026-04-26,Sunday,Morning,685,487,1337,Urban Hub,West
DC_019,West Urban Hub DC_019,2026-04-26,Sunday,Afternoon,1068,716,2122,Urban Hub,West
DC_019,West Urban Hub DC_019,2026-04-26,Sunday,Evening,718,363,1095,Urban Hub,West
DC_020,Central Regional Center DC_020,2026-04-26,Sunday,Morning,339,203,648,Regional Center,Central
DC_020,Central Regional Center DC_020,2026-04-26,Sunday,Afternoon,541,312,990,Regional Center,Central
DC_020,Central Regional Center DC_020,2026-04-26,Sunday,Evening,313,183,583,Regional Center,Central
DC_021,North Satellite Depot DC_021,2026-04-26,Sunday,Morning,0,0,0,Satellite Depot,North
DC_021,North Satellite Depot DC_021,2026-04-26,Sunday,Afternoon,0,0,0,Satellite Depot,North
DC_021,North Satellite Depot DC_021,2026-04-26,Sunday,Evening,0,0,0,Satellite Depot,North
DC_022,South Urban Hub DC_022,2026-04-26,Sunday,Morning,259,159,472,Urban Hub,South
DC_022,South Urban Hub DC_022,2026-04-26,Sunday,Afternoon,323,199,630,Urban Hub,South
DC_022,South Urban Hub DC_022,2026-04-26,Sunday,Evening,241,120,430,Urban Hub,South
DC_023,East Regional Center DC_023,2026-04-26,Sunday,Morning,835,503,1435,Regional Center,East
DC_023,East Regional Center DC_023,2026-04-26,Sunday,Afternoon,887,556,1913,Regional Center,East
DC_023,East Regional Center DC_023,2026-04-26,Sunday,Evening,754,364,1293,Regional Center,East
DC_024,West Satellite Depot DC_024,2026-04-26,Sunday,Morning,0,0,0,Satellite Depot,West
DC_024,West Satellite Depot DC_024,2026-04-26,Sunday,Afternoon,0,0,0,Satellite Depot,West
DC_024,West Satellite Depot DC_024,2026-04-26,Sunday,Evening,0,0,0,Satellite Depot,West
DC_001,North Urban Hub DC_001,2026-04-27,Monday,Morning,447,299,789,Urban Hub,North
DC_001,North Urban Hub DC_001,2026-04-27,Monday,Afternoon,573,368,1196,Urban Hub,North
DC_001,North Urban Hub DC_001,2026-04-27,Monday,Evening,401,216,680,Urban Hub,North
DC_002,South Regional Center DC_002,2026-04-27,Monday,Morning,147,92,288,Regional Center,South
DC_002,South Regional Center DC_002,2026-04-27,Monday,Afternoon,184,161,374,Regional Center,South
DC_002,South Regional Center DC_002,2026-04-27,Monday,Evening,98,84,229,Regional Center,South
DC_003,East Satellite Depot DC_003,2026-04-27,Monday,Morning,203,211,629,Satellite Depot,East
DC_003,East Satellite Depot DC_003,2026-04-27,Monday,Afternoon,321,332,1041,Satellite Depot,East
DC_003,East Satellite Depot DC_003,2026-04-27,Monday,Evening,183,146,568,Satellite Depot,East
DC_004,West Urban Hub DC_004,2026-04-27,Monday,Morning,510,366,977,Urban Hub,West
DC_004,West Urban Hub DC_004,2026-04-27,Monday,Afternoon,664,501,1385,Urban Hub,West
DC_004,West Urban Hub DC_004,2026-04-27,Monday,Evening,353,193,666,Urban Hub,West
DC_005,Central Regional Center DC_005,2026-04-27,Monday,Morning,81,56,148,Regional Center,Central
DC_005,Central Regional Center DC_005,2026-04-27,Monday,Afternoon,115,86,229,Regional Center,Central
DC_005,Central Regional Center DC_005,2026-04-27,Monday,Evening,66,40,134,Regional Center,Central
DC_006,North Satellite Depot DC_006,2026-04-27,Monday,Morning,729,93,300,Satellite Depot,North
DC_006,North Satellite Depot DC_006,2026-04-27,Monday,Afternoon,1441,169,460,Satellite Depot,North
DC_006,North Satellite Depot DC_006,2026-04-27,Monday,Evening,588,70,225,Satellite Depot,North
DC_007,South Urban Hub DC_007,2026-04-27,Monday,Morning,358,220,746,Urban Hub,South
DC_007,South Urban Hub DC_007,2026-04-27,Monday,Afternoon,528,351,1014,Urban Hub,South
DC_007,South Urban Hub DC_007,2026-04-27,Monday,Evening,308,265,596,Urban Hub,South
DC_008,East Regional Center DC_008,2026-04-27,Monday,Morning,1788,248,731,Regional Center,East
DC_008,East Regional Center DC_008,2026-04-27,Monday,Afternoon,2833,339,1061,Regional Center,East
DC_008,East Regional Center DC_008,2026-04-27,Monday,Evening,1092,160,491,Regional Center,East
DC_009,West Satellite Depot DC_009,2026-04-27,Monday,Morning,250,162,524,Satellite Depot,West
DC_009,West Satellite Depot DC_009,2026-04-27,Monday,Afternoon,372,207,774,Satellite Depot,West
DC_009,West Satellite Depot DC_009,2026-04-27,Monday,Evening,233,141,443,Satellite Depot,West
DC_010,Central Urban Hub DC_010,2026-04-27,Monday,Morning,85,82,248,Urban Hub,Central
DC_010,Central Urban Hub DC_010,2026-04-27,Monday,Afternoon,108,100,296,Urban Hub,Central
DC_010,Central Urban Hub DC_010,2026-04-27,Monday,Evening,52,58,189,Urban Hub,Central
DC_011,North Regional Center DC_011,2026-04-27,Monday,Morning,492,250,860,Regional Center,North
DC_011,North Regional Center DC_011,2026-04-27,Monday,Afternoon,805,507,1517,Regional Center,North
DC_011,North Regional Center DC_011,2026-04-27,Monday,Evening,496,263,843,Regional Center,North
DC_012,South Satellite Depot DC_012,2026-04-27,Monday,Morning,536,353,1026,Satellite Depot,South
DC_012,South Satellite Depot DC_012,2026-04-27,Monday,Afternoon,750,489,1345,Satellite Depot,South
DC_012,South Satellite Depot DC_012,2026-04-27,Monday,Evening,367,253,764,Satellite Depot,South
DC_013,East Urban Hub DC_013,2026-04-27,Monday,Morning,311,173,530,Urban Hub,East
DC_013,East Urban Hub DC_013,2026-04-27,Monday,Afternoon,462,219,783,Urban Hub,East
DC_013,East Urban Hub DC_013,2026-04-27,Monday,Evening,238,142,473,Urban Hub,East
DC_014,West Regional Center DC_014,2026-04-27,Monday,Morning,642,365,1157,Regional Center,West
DC_014,West Regional Center DC_014,2026-04-27,Monday,Afternoon,817,502,1600,Regional Center,West
DC_014,West Regional Center DC_014,2026-04-27,Monday,Evening,538,281,880,Regional Center,West
DC_015,Central Satellite Depot DC_015,2026-04-27,Monday,Morning,2205,216,698,Satellite Depot,Central
DC_015,Central Satellite Depot DC_015,2026-04-27,Monday,Afternoon,2378,382,1147,Satellite Depot,Central
DC_015,Central Satellite Depot DC_015,2026-04-27,Monday,Evening,1636,180,566,Satellite Depot,Central
DC_016,North Urban Hub DC_016,2026-04-27,Monday,Morning,225,127,389,Urban Hub,North
DC_016,North Urban Hub DC_016,2026-04-27,Monday,Afternoon,236,166,483,Urban Hub,North
DC_016,North Urban Hub DC_016,2026-04-27,Monday,Evening,196,108,318,Urban Hub,North
DC_017,South Regional Center DC_017,2026-04-27,Monday,Morning,347,202,651,Regional Center,South
DC_017,South Regional Center DC_017,2026-04-27,Monday,Afternoon,553,333,1113,Regional Center,South
DC_017,South Regional Center DC_017,2026-04-27,Monday,Evening,312,200,619,Regional Center,South
DC_018,East Satellite Depot DC_018,2026-04-27,Monday,Morning,187,119,388,Satellite Depot,East
DC_018,East Satellite Depot DC_018,2026-04-27,Monday,Afternoon,275,157,475,Satellite Depot,East
DC_018,East Satellite Depot DC_018,2026-04-27,Monday,Evening,169,94,317,Satellite Depot,East
DC_019,West Urban Hub DC_019,2026-04-27,Monday,Morning,624,385,1308,Urban Hub,West
DC_019,West Urban Hub DC_019,2026-04-27,Monday,Afternoon,828,552,1628,Urban Hub,West
DC_019,West Urban Hub DC_019,2026-04-27,Monday,Evening,469,250,856,Urban Hub,West
DC_020,Central Regional Center DC_020,2026-04-27,Monday,Morning,234,167,526,Regional Center,Central
DC_020,Central Regional Center DC_020,2026-04-27,Monday,Afternoon,476,293,910,Regional Center,Central
DC_020,Central Regional Center DC_020,2026-04-27,Monday,Evening,182,128,379,Regional Center,Central
DC_021,North Satellite Depot DC_021,2026-04-27,Monday,Morning,1291,166,562,Satellite Depot,North
DC_021,North Satellite Depot DC_021,2026-04-27,Monday,Afternoon,2595,314,970,Satellite Depot,North
DC_021,North Satellite Depot DC_021,2026-04-27,Monday,Evening,1180,141,492,Satellite Depot,North
DC_022,South Urban Hub DC_022,2026-04-27,Monday,Morning,198,133,442,Urban Hub,South
DC_022,South Urban Hub DC_022,2026-04-27,Monday,Afternoon,312,179,632,Urban Hub,South
DC_022,South Urban Hub DC_022,2026-04-27,Monday,Evening,198,134,415,Urban Hub,South
DC_023,East Regional Center DC_023,2026-04-27,Monday,Morning,574,324,1139,Regional Center,East
DC_023,East Regional Center DC_023,2026-04-27,Monday,Afternoon,917,578,1800,Regional Center,East
DC_023,East Regional Center DC_023,2026-04-27,Monday,Evening,509,300,941,Regional Center,East
DC_024,West Satellite Depot DC_024,2026-04-27,Monday,Morning,294,173,539,Satellite Depot,West
DC_024,West Satellite Depot DC_024,2026-04-27,Monday,Afternoon,329,192,661,Satellite Depot,West
DC_024,West Satellite Depot DC_024,2026-04-27,Monday,Evening,233,138,446,Satellite Depot,West
DC_001,North Urban Hub DC_001,2026-04-28,Tuesday,Morning,319,198,631,Urban Hub,North
DC_001,North Urban Hub DC_001,2026-04-28,Tuesday,Afternoon,505,299,962,Urban Hub,North
DC_001,North Urban Hub DC_001,2026-04-28,Tuesday,Evening,283,147,520,Urban Hub,North
DC_002,South Regional Center DC_002,2026-04-28,Tuesday,Morning,235,140,390,Regional Center,South
DC_002,South Regional Center DC_002,2026-04-28,Tuesday,Afternoon,239,134,444,Regional Center,South
DC_002,South Regional Center DC_002,2026-04-28,Tuesday,Evening,146,87,280,Regional Center,South
DC_003,East Satellite Depot DC_003,2026-04-28,Tuesday,Morning,240,235,726,Satellite Depot,East
DC_003,East Satellite Depot DC_003,2026-04-28,Tuesday,Afternoon,366,357,1007,Satellite Depot,East
DC_003,East Satellite Depot DC_003,2026-04-28,Tuesday,Evening,215,210,682,Satellite Depot,East
DC_004,West Urban Hub DC_004,2026-04-28,Tuesday,Morning,616,303,991,Urban Hub,West
DC_004,West Urban Hub DC_004,2026-04-28,Tuesday,Afternoon,645,512,1355,Urban Hub,West
DC_004,West Urban Hub DC_004,2026-04-28,Tuesday,Evening,602,307,1033,Urban Hub,West
DC_005,Central Regional Center DC_005,2026-04-28,Tuesday,Morning,152,68,223,Regional Center,Central
DC_005,Central Regional Center DC_005,2026-04-28,Tuesday,Afternoon,116,75,228,Regional Center,Central
DC_005,Central Regional Center DC_005,2026-04-28,Tuesday,Evening,87,45,149,Regional Center,Central
DC_006,North Satellite Depot DC_006,2026-04-28,Tuesday,Morning,458,66,199,Satellite Depot,North
DC_006,North Satellite Depot DC_006,2026-04-28,Tuesday,Afternoon,669,97,299,Satellite Depot,North
DC_006,North Satellite Depot DC_006,2026-04-28,Tuesday,Evening,498,74,216,Satellite Depot,North
DC_007,South Urban Hub DC_007,2026-04-28,Tuesday,Morning,297,162,565,Urban Hub,South
DC_007,South Urban Hub DC_007,2026-04-28,Tuesday,Afternoon,462,290,884,Urban Hub,South
DC_007,South Urban Hub DC_007,2026-04-28,Tuesday,Evening,223,152,472,Urban Hub,South
DC_008,East Regional Center DC_008,2026-04-28,Tuesday,Morning,1439,178,527,Regional Center,East
DC_008,East Regional Center DC_008,2026-04-28,Tuesday,Afternoon,2018,209,725,Regional Center,East
DC_008,East Regional Center DC_008,2026-04-28,Tuesday,Evening,1078,180,446,Regional Center,East
DC_009,West Satellite Depot DC_009,2026-04-28,Tuesday,Morning,352,219,652,Satellite Depot,West
DC_009,West Satellite Depot DC_009,2026-04-28,Tuesday,Afternoon,530,369,949,Satellite Depot,West
DC_009,West Satellite Depot DC_009,2026-04-28,Tuesday,Evening,290,185,558,Satellite Depot,West
DC_010,Central Urban Hub DC_010,2026-04-28,Tuesday,Morning,94,79,250,Urban Hub,Central
DC_010,Central Urban Hub DC_010,2026-04-28,Tuesday,Afternoon,145,166,458,Urban Hub,Central
DC_010,Central Urban Hub DC_010,2026-04-28,Tuesday,Evening,75,70,231,Urban Hub,Central
DC_011,North Regional Center DC_011,2026-04-28,Tuesday,Morning,876,362,1170,Regional Center,North
DC_011,North Regional Center DC_011,2026-04-28,Tuesday,Afternoon,950,504,1540,Regional Center,North
DC_011,North Regional Center DC_011,2026-04-28,Tuesday,Evening,608,293,961,Regional Center,North
DC_012,South Satellite Depot DC_012,2026-04-28,Tuesday,Morning,587,385,1109,Satellite Depot,South
DC_012,South Satellite Depot DC_012,2026-04-28,Tuesday,Afternoon,699,531,1445,Satellite Depot,South
DC_012,South Satellite Depot DC_012,2026-04-28,Tuesday,Evening,511,307,945,Satellite Depot,South
DC_013,East Urban Hub DC_013,2026-04-28,Tuesday,Morning,307,175,568,Urban Hub,East
DC_013,East Urban Hub DC_013,2026-04-28,Tuesday,Afternoon,448,282,881,Urban Hub,East
DC_013,East Urban Hub DC_013,2026-04-28,Tuesday,Evening,256,204,520,Urban Hub,East
DC_014,West Regional Center DC_014,2026-04-28,Tuesday,Morning,620,390,1348,Regional Center,West
DC_014,West Regional Center DC_014,2026-04-28,Tuesday,Afternoon,1112,690,2028,Regional Center,West
DC_014,West Regional Center DC_014,2026-04-28,Tuesday,Evening,539,368,1066,Regional Center,West
DC_015,Central Satellite Depot DC_015,2026-04-28,Tuesday,Morning,1938,294,906,Satellite Depot,Central
DC_015,Central Satellite Depot DC_015,2026-04-28,Tuesday,Afternoon,3392,347,1143,Satellite Depot,Central
DC_015,Central Satellite Depot DC_015,2026-04-28,Tuesday,Evening,1685,239,708,Satellite Depot,Central
DC_016,North Urban Hub DC_016,2026-04-28,Tuesday,Morning,173,110,320,Urban Hub,North
DC_016,North Urban Hub DC_016,2026-04-28,Tuesday,Afternoon,262,121,435,Urban Hub,North
DC_016,North Urban Hub DC_016,2026-04-28,Tuesday,Evening,124,84,248,Urban Hub,North
DC_017,South Regional Center DC_017,2026-04-28,Tuesday,Morning,399,217,734,Regional Center,South
DC_017,South Regional Center DC_017,2026-04-28,Tuesday,Afternoon,669,367,1151,Regional Center,South
DC_017,South Regional Center DC_017,2026-04-28,Tuesday,Evening,319,218,694,Regional Center,South
DC_018,East Satellite Depot DC_018,2026-04-28,Tuesday,Morning,147,105,295,Satellite Depot,East
DC_018,East Satellite Depot DC_018,2026-04-28,Tuesday,Afternoon,231,141,389,Satellite Depot,East
DC_018,East Satellite Depot DC_018,2026-04-28,Tuesday,Evening,129,80,249,Satellite Depot,East
DC_019,West Urban Hub DC_019,2026-04-28,Tuesday,Morning,326,255,735,Urban Hub,West
DC_019,West Urban Hub DC_019,2026-04-28,Tuesday,Afternoon,1002,559,1619,Urban Hub,West
DC_019,West Urban Hub DC_019,2026-04-28,Tuesday,Evening,327,225,636,Urban Hub,West
DC_020,Central Regional Center DC_020,2026-04-28,Tuesday,Morning,342,169,558,Regional Center,Central
DC_020,Central Regional Center DC_020,2026-04-28,Tuesday,Afternoon,438,330,967,Regional Center,Central
DC_020,Central Regional Center DC_020,2026-04-28,Tuesday,Evening,315,172,517,Regional Center,Central
DC_021,North Satellite Depot DC_021,2026-04-28,Tuesday,Morning,1099,133,445,Satellite Depot,North
DC_021,North Satellite Depot DC_021,2026-04-28,Tuesday,Afternoon,2113,224,752,Satellite Depot,North
DC_021,North Satellite Depot DC_021,2026-04-28,Tuesday,Evening,1028,132,386,Satellite Depot,North
DC_022,South Urban Hub DC_022,2026-04-28,Tuesday,Morning,146,101,321,Urban Hub,South
DC_022,South Urban Hub DC_022,2026-04-28,Tuesday,Afternoon,279,138,512,Urban Hub,South
DC_022,South Urban Hub DC_022,2026-04-28,Tuesday,Evening,177,102,310,Urban Hub,South
DC_023,East Regional Center DC_023,2026-04-28,Tuesday,Morning,720,469,1371,Regional Center,East
DC_023,East Regional Center DC_023,2026-04-28,Tuesday,Afternoon,1011,782,2166,Regional Center,East
DC_023,East Regional Center DC_023,2026-04-28,Tuesday,Evening,591,354,1058,Regional Center,East
DC_024,West Satellite Depot DC_024,2026-04-28,Tuesday,Morning,321,198,661,Satellite Depot,West
DC_024,West Satellite Depot DC_024,2026-04-28,Tuesday,Afternoon,458,306,837,Satellite Depot,West
DC_024,West Satellite Depot DC_024,2026-04-28,Tuesday,Evening,256,148,505,Satellite Depot,West
DC_001,North Urban Hub DC_001,2026-04-29,Wednesday,Morning,408,240,755,Urban Hub,North
DC_001,North Urban Hub DC_001,2026-04-29,Wednesday,Afternoon,766,376,1235,Urban Hub,North
DC_001,North Urban Hub DC_001,2026-04-29,Wednesday,Evening,379,248,639,Urban Hub,North
DC_002,South Regional Center DC_002,2026-04-29,Wednesday,Morning,153,93,329,Regional Center,South
DC_002,South Regional Center DC_002,2026-04-29,Wednesday,Afternoon,229,166,513,Regional Center,South
DC_002,South Regional Center DC_002,2026-04-29,Wednesday,Evening,166,100,298,Regional Center,South
DC_003,East Satellite Depot DC_003,2026-04-29,Wednesday,Morning,304,220,754,Satellite Depot,East
DC_003,East Satellite Depot DC_003,2026-04-29,Wednesday,Afternoon,397,405,1135,Satellite Depot,East
DC_003,East Satellite Depot DC_003,2026-04-29,Wednesday,Evening,180,180,653,Satellite Depot,East
DC_004,West Urban Hub DC_004,2026-04-29,Wednesday,Morning,576,367,1044,Urban Hub,West
DC_004,West Urban Hub DC_004,2026-04-29,Wednesday,Afternoon,1009,663,1949,Urban Hub,West
DC_004,West Urban Hub DC_004,2026-04-29,Wednesday,Evening,563,288,1009,Urban Hub,West
DC_005,Central Regional Center DC_005,2026-04-29,Wednesday,Morning,96,79,192,Regional Center,Central
DC_005,Central Regional Center DC_005,2026-04-29,Wednesday,Afternoon,121,80,274,Regional Center,Central
DC_005,Central Regional Center DC_005,2026-04-29,Wednesday,Evening,72,47,131,Regional Center,Central
DC_006,North Satellite Depot DC_006,2026-04-29,Wednesday,Morning,775,106,307,Satellite Depot,North
DC_006,North Satellite Depot DC_006,2026-04-29,Wednesday,Afternoon,1404,144,407,Satellite Depot,North
DC_006,North Satellite Depot DC_006,2026-04-29,Wednesday,Evening,539,86,226,Satellite Depot,North
DC_007,South Urban Hub DC_007,2026-04-29,Wednesday,Morning,322,243,664,Urban Hub,South
DC_007,South Urban Hub DC_007,2026-04-29,Wednesday,Afternoon,553,296,1046,Urban Hub,South
DC_007,South Urban Hub DC_007,2026-04-29,Wednesday,Evening,303,169,560,Urban Hub,South
DC_008,East Regional Center DC_008,2026-04-29,Wednesday,Morning,1005,128,381,Regional Center,East
DC_008,East Regional Center DC_008,2026-04-29,Wednesday,Afternoon,1509,195,633,Regional Center,East
DC_008,East Regional Center DC_008,2026-04-29,Wednesday,Evening,851,96,334,Regional Center,East
DC_009,West Satellite Depot DC_009,2026-04-29,Wednesday,Morning,317,198,603,Satellite Depot,West
DC_009,West Satellite Depot DC_009,2026-04-29,Wednesday,Afternoon,610,279,965,Satellite Depot,West
DC_009,West Satellite Depot DC_009,2026-04-29,Wednesday,Evening,245,172,505,Satellite Depot,West
DC_010,Central Urban Hub DC_010,2026-04-29,Wednesday,Morning,77,80,267,Urban Hub,Central
DC_010,Central Urban Hub DC_010,2026-04-29,Wednesday,Afternoon,129,142,429,Urban Hub,Central
DC_010,Central Urban Hub DC_010,2026-04-29,Wednesday,Evening,81,71,235,Urban Hub,Central
DC_011,North Regional Center DC_011,2026-04-29,Wednesday,Morning,509,362,1093,Regional Center,North
DC_011,North Regional Center DC_011,2026-04-29,Wednesday,Afternoon,862,560,1739,Regional Center,North
DC_011,North Regional Center DC_011,2026-04-29,Wednesday,Evening,503,283,941,Regional Center,North
DC_012,South Satellite Depot DC_012,2026-04-29,Wednesday,Morning,553,331,1026,Satellite Depot,South
DC_012,South Satellite Depot DC_012,2026-04-29,Wednesday,Afternoon,934,489,1737,Satellite Depot,South
DC_012,South Satellite Depot DC_012,2026-04-29,Wednesday,Evening,486,292,891,Satellite Depot,South
DC_013,East Urban Hub DC_013,2026-04-29,Wednesday,Morning,361,206,610,Urban Hub,East
DC_013,East Urban Hub DC_013,2026-04-29,Wednesday,Afternoon,596,375,1116,Urban Hub,East
DC_013,East Urban Hub DC_013,2026-04-29,Wednesday,Evening,289,183,624,Urban Hub,East
DC_014,West Regional Center DC_014,2026-04-29,Wednesday,Morning,708,356,1267,Regional Center,West
DC_014,West Regional Center DC_014,2026-04-29,Wednesday,Afternoon,1136,634,2079,Regional Center,West
DC_014,West Regional Center DC_014,2026-04-29,Wednesday,Evening,690,388,1224,Regional Center,West
DC_015,Central Satellite Depot DC_015,2026-04-29,Wednesday,Morning,2765,306,951,Satellite Depot,Central
DC_015,Central Satellite Depot DC_015,2026-04-29,Wednesday,Afternoon,3450,409,1210,Satellite Depot,Central
DC_015,Central Satellite Depot DC_015,2026-04-29,Wednesday,Evening,2040,261,766,Satellite Depot,Central
DC_016,North Urban Hub DC_016,2026-04-29,Wednesday,Morning,217,113,362,Urban Hub,North
DC_016,North Urban Hub DC_016,2026-04-29,Wednesday,Afternoon,316,193,590,Urban Hub,North
DC_016,North Urban Hub DC_016,2026-04-29,Wednesday,Evening,205,96,309,Urban Hub,North
DC_017,South Regional Center DC_017,2026-04-29,Wednesday,Morning,558,338,1036,Regional Center,South
DC_017,South Regional Center DC_017,2026-04-29,Wednesday,Afternoon,606,395,1320,Regional Center,South
DC_017,South Regional Center DC_017,2026-04-29,Wednesday,Evening,289,153,573,Regional Center,South
DC_018,East Satellite Depot DC_018,2026-04-29,Wednesday,Morning,213,112,355,Satellite Depot,East
DC_018,East Satellite Depot DC_018,2026-04-29,Wednesday,Afternoon,216,159,455,Satellite Depot,East
DC_018,East Satellite Depot DC_018,2026-04-29,Wednesday,Evening,164,96,283,Satellite Depot,East
DC_019,West Urban Hub DC_019,2026-04-29,Wednesday,Morning,658,422,1248,Urban Hub,West
DC_019,West Urban Hub DC_019,2026-04-29,Wednesday,Afternoon,988,545,1520,Urban Hub,West
DC_019,West Urban Hub DC_019,2026-04-29,Wednesday,Evening,456,317,938,Urban Hub,West
DC_020,Central Regional Center DC_020,2026-04-29,Wednesday,Morning,407,234,712,Regional Center,Central
DC_020,Central Regional Center DC_020,2026-04-29,Wednesday,Afternoon,421,239,867,Regional Center,Central
DC_020,Central Regional Center DC_020,2026-04-29,Wednesday,Evening,249,133,453,Regional Center,Central
DC_021,North Satellite Depot DC_021,2026-04-29,Wednesday,Morning,1209,145,494,Satellite Depot,North
DC_021,North Satellite Depot DC_021,2026-04-29,Wednesday,Afternoon,2067,238,844,Satellite Depot,North
DC_021,North Satellite Depot DC_021,2026-04-29,Wednesday,Evening,1398,181,538,Satellite Depot,North
DC_022,South Urban Hub DC_022,2026-04-29,Wednesday,Morning,182,136,375,Urban Hub,South
DC_022,South Urban Hub DC_022,2026-04-29,Wednesday,Afternoon,314,200,595,Urban Hub,South
DC_022,South Urban Hub DC_022,2026-04-29,Wednesday,Evening,147,112,345,Urban Hub,South
DC_023,East Regional Center DC_023,2026-04-29,Wednesday,Morning,677,442,1396,Regional Center,East
DC_023,East Regional Center DC_023,2026-04-29,Wednesday,Afternoon,1268,796,2419,Regional Center,East
DC_023,East Regional Center DC_023,2026-04-29,Wednesday,Evening,652,391,1033,Regional Center,East
DC_024,West Satellite Depot DC_024,2026-04-29,Wednesday,Morning,373,178,609,Satellite Depot,West
DC_024,West Satellite Depot DC_024,2026-04-29,Wednesday,Afternoon,484,308,889,Satellite Depot,West
DC_024,West Satellite Depot DC_024,2026-04-29,Wednesday,Evening,298,181,517,Satellite Depot,West
DC_001,North Urban Hub DC_001,2026-04-30,Thursday,Morning,449,287,872,Urban Hub,North
DC_001,North Urban Hub DC_001,2026-04-30,Thursday,Afternoon,668,393,1256,Urban Hub,North
DC_001,North Urban Hub DC_001,2026-04-30,Thursday,Evening,275,210,620,Urban Hub,North
DC_002,South Regional Center DC_002,2026-04-30,Thursday,Morning,219,122,404,Regional Center,South
DC_002,South Regional Center DC_002,2026-04-30,Thursday,Afternoon,273,197,571,Regional Center,South
DC_002,South Regional Center DC_002,2026-04-30,Thursday,Evening,147,107,325,Regional Center,South
DC_003,East Satellite Depot DC_003,2026-04-30,Thursday,Morning,294,287,865,Satellite Depot,East
DC_003,East Satellite Depot DC_003,2026-04-30,Thursday,Afternoon,526,514,1472,Satellite Depot,East
DC_003,East Satellite Depot DC_003,2026-04-30,Thursday,Evening,247,224,812,Satellite Depot,East
DC_004,West Urban Hub DC_004,2026-04-30,Thursday,Morning,660,428,1255,Urban Hub,West
DC_004,West Urban Hub DC_004,2026-04-30,Thursday,Afternoon,1269,604,1975,Urban Hub,West
DC_004,West Urban Hub DC_004,2026-04-30,Thursday,Evening,596,371,1113,Urban Hub,West
DC_005,Central Regional Center DC_005,2026-04-30,Thursday,Morning,92,66,184,Regional Center,Central
DC_005,Central Regional Center DC_005,2026-04-30,Thursday,Afternoon,138,89,310,Regional Center,Central
DC_005,Central Regional Center DC_005,2026-04-30,Thursday,Evening,82,45,146,Regional Center,Central
DC_006,North Satellite Depot DC_006,2026-04-30,Thursday,Morning,832,87,279,Satellite Depot,North
DC_006,North Satellite Depot DC_006,2026-04-30,Thursday,Afternoon,915,138,420,Satellite Depot,North
DC_006,North Satellite Depot DC_006,2026-04-30,Thursday,Evening,751,90,255,Satellite Depot,North
DC_007,South Urban Hub DC_007,2026-04-30,Thursday,Morning,362,263,751,Urban Hub,South
DC_007,South Urban Hub DC_007,2026-04-30,Thursday,Afternoon,656,349,1067,Urban Hub,South
DC_007,South Urban Hub DC_007,2026-04-30,Thursday,Evening,351,208,631,Urban Hub,South
DC_008,East Regional Center DC_008,2026-04-30,Thursday,Morning,1285,132,467,Regional Center,East
DC_008,East Regional Center DC_008,2026-04-30,Thursday,Afternoon,2213,256,774,Regional Center,East
DC_008,East Regional Center DC_008,2026-04-30,Thursday,Evening,1067,108,373,Regional Center,East
DC_009,West Satellite Depot DC_009,2026-04-30,Thursday,Morning,311,225,691,Satellite Depot,West
DC_009,West Satellite Depot DC_009,2026-04-30,Thursday,Afternoon,524,430,1045,Satellite Depot,West
DC_009,West Satellite Depot DC_009,2026-04-30,Thursday,Evening,316,170,592,Satellite Depot,West
DC_010,Central Urban Hub DC_010,2026-04-30,Thursday,Morning,119,96,328,Urban Hub,Central
DC_010,Central Urban Hub DC_010,2026-04-30,Thursday,Afternoon,158,142,447,Urban Hub,Central
DC_010,Central Urban Hub DC_010,2026-04-30,Thursday,Evening,70,78,249,Urban Hub,Central
DC_011,North Regional Center DC_011,2026-04-30,Thursday,Morning,622,377,1271,Regional Center,North
DC_011,North Regional Center DC_011,2026-04-30,Thursday,Afternoon,933,613,1994,Regional Center,North
DC_011,North Regional Center DC_011,2026-04-30,Thursday,Evening,502,343,1056,Regional Center,North
DC_012,South Satellite Depot DC_012,2026-04-30,Thursday,Morning,536,335,1174,Satellite Depot,South
DC_012,South Satellite Depot DC_012,2026-04-30,Thursday,Afternoon,977,506,1755,Satellite Depot,South
DC_012,South Satellite Depot DC_012,2026-04-30,Thursday,Evening,536,344,1038,Satellite Depot,South
DC_013,East Urban Hub DC_013,2026-04-30,Thursday,Morning,404,258,757,Urban Hub,East
DC_013,East Urban Hub DC_013,2026-04-30,Thursday,Afternoon,580,372,1117,Urban Hub,East
DC_013,East Urban Hub DC_013,2026-04-30,Thursday,Evening,312,197,659,Urban Hub,East
DC_014,West Regional Center DC_014,2026-04-30,Thursday,Morning,713,461,1437,Regional Center,West
DC_014,West Regional Center DC_014,2026-04-30,Thursday,Afternoon,993,633,1986,Regional Center,West
DC_014,West Regional Center DC_014,2026-04-30,Thursday,Evening,690,451,1479,Regional Center,West
DC_015,Central Satellite Depot DC_015,2026-04-30,Thursday,Morning,2480,343,976,Satellite Depot,Central
DC_015,Central Satellite Depot DC_015,2026-04-30,Thursday,Afternoon,3484,400,1236,Satellite Depot,Central
DC_015,Central Satellite Depot DC_015,2026-04-30,Thursday,Evening,1807,218,663,Satellite Depot,Central
DC_016,North Urban Hub DC_016,2026-04-30,Thursday,Morning,209,122,367,Urban Hub,North
DC_016,North Urban Hub DC_016,2026-04-30,Thursday,Afternoon,319,216,638,Urban Hub,North
DC_016,North Urban Hub DC_016,2026-04-30,Thursday,Evening,165,107,310,Urban Hub,North
DC_017,South Regional Center DC_017,2026-04-30,Thursday,Morning,408,281,842,Regional Center,South
DC_017,South Regional Center DC_017,2026-04-30,Thursday,Afternoon,657,393,1228,Regional Center,South
DC_017,South Regional Center DC_017,2026-04-30,Thursday,Evening,337,190,630,Regional Center,South
DC_018,East Satellite Depot DC_018,2026-04-30,Thursday,Morning,159,106,363,Satellite Depot,East
DC_018,East Satellite Depot DC_018,2026-04-30,Thursday,Afternoon,246,178,586,Satellite Depot,East
DC_018,East Satellite Depot DC_018,2026-04-30,Thursday,Evening,144,100,296,Satellite Depot,East
DC_019,West Urban Hub DC_019,2026-04-30,Thursday,Morning,662,365,1166,Urban Hub,West
DC_019,West Urban Hub DC_019,2026-04-30,Thursday,Afternoon,938,513,1644,Urban Hub,West
DC_019,West Urban Hub DC_019,2026-04-30,Thursday,Evening,624,348,953,Urban Hub,West
DC_020,Central Regional Center DC_020,2026-04-30,Thursday,Morning,361,194,621,Regional Center,Central
DC_020,Central Regional Center DC_020,2026-04-30,Thursday,Afternoon,504,317,1044,Regional Center,Central
DC_020,Central Regional Center DC_020,2026-04-30,Thursday,Evening,311,196,619,Regional Center,Central
DC_021,North Satellite Depot DC_021,2026-04-30,Thursday,Morning,1494,197,630,Satellite Depot,North
DC_021,North Satellite Depot DC_021,2026-04-30,Thursday,Afternoon,3197,316,957,Satellite Depot,North
DC_021,North Satellite Depot DC_021,2026-04-30,Thursday,Evening,1094,135,471,Satellite Depot,North
DC_022,South Urban Hub DC_022,2026-04-30,Thursday,Morning,174,132,371,Urban Hub,South
DC_022,South Urban Hub DC_022,2026-04-30,Thursday,Afternoon,312,189,572,Urban Hub,South
DC_022,South Urban Hub DC_022,2026-04-30,Thursday,Evening,153,94,306,Urban Hub,South
DC_023,East Regional Center DC_023,2026-04-30,Thursday,Morning,942,549,1695,Regional Center,East
DC_023,East Regional Center DC_023,2026-04-30,Thursday,Afternoon,1070,978,2339,Regional Center,East
DC_023,East Regional Center DC_023,2026-04-30,Thursday,Evening,640,425,1203,Regional Center,East
DC_024,West Satellite Depot DC_024,2026-04-30,Thursday,Morning,337,213,626,Satellite Depot,West
DC_024,West Satellite Depot DC_024,2026-04-30,Thursday,Afternoon,483,317,963,Satellite Depot,West
DC_024,West Satellite Depot DC_024,2026-04-30,Thursday,Evening,278,166,513,Satellite Depot,West
DC_001,North Urban Hub DC_001,2026-05-01,Friday,Morning,378,248,741,Urban Hub,North
DC_001,North Urban Hub DC_001,2026-05-01,Friday,Afternoon,716,419,1422,Urban Hub,North
DC_001,North Urban Hub DC_001,2026-05-01,Friday,Evening,364,236,659,Urban Hub,North
DC_002,South Regional Center DC_002,2026-05-01,Friday,Morning,167,101,352,Regional Center,South
DC_002,South Regional Center DC_002,2026-05-01,Friday,Afternoon,283,165,508,Regional Center,South
DC_002,South Regional Center DC_002,2026-05-01,Friday,Evening,209,121,325,Regional Center,South
DC_003,East Satellite Depot DC_003,2026-05-01,Friday,Morning,370,311,931,Satellite Depot,East
DC_003,East Satellite Depot DC_003,2026-05-01,Friday,Afternoon,422,444,1361,Satellite Depot,East
DC_003,East Satellite Depot DC_003,2026-05-01,Friday,Evening,216,228,724,Satellite Depot,East
DC_004,West Urban Hub DC_004,2026-05-01,Friday,Morning,680,401,1282,Urban Hub,West
DC_004,West Urban Hub DC_004,2026-05-01,Friday,Afternoon,1141,678,2306,Urban Hub,West
DC_004,West Urban Hub DC_004,2026-05-01,Friday,Evening,601,352,1071,Urban Hub,West
DC_005,Central Regional Center DC_005,2026-05-01,Friday,Morning,120,60,204,Regional Center,Central
DC_005,Central Regional Center DC_005,2026-05-01,Friday,Afternoon,182,102,331,Regional Center,Central
DC_005,Central Regional Center DC_005,2026-05-01,Friday,Evening,87,63,175,Regional Center,Central
DC_006,North Satellite Depot DC_006,2026-05-01,Friday,Morning,777,92,299,Satellite Depot,North
DC_006,North Satellite Depot DC_006,2026-05-01,Friday,Afternoon,1469,153,432,Satellite Depot,North
DC_006,North Satellite Depot DC_006,2026-05-01,Friday,Evening,644,71,251,Satellite Depot,North
DC_007,South Urban Hub DC_007,2026-05-01,Friday,Morning,424,260,803,Urban Hub,South
DC_007,South Urban Hub DC_007,2026-05-01,Friday,Afternoon,707,409,1253,Urban Hub,South
DC_007,South Urban Hub DC_007,2026-05-01,Friday,Evening,273,183,584,Urban Hub,South
DC_008,East Regional Center DC_008,2026-05-01,Friday,Morning,1310,156,502,Regional Center,East
DC_008,East Regional Center DC_008,2026-05-01,Friday,Afternoon,2128,266,782,Regional Center,East
DC_008,East Regional Center DC_008,2026-05-01,Friday,Evening,1217,152,455,Regional Center,East
DC_009,West Satellite Depot DC_009,2026-05-01,Friday,Morning,342,212,648,Satellite Depot,West
DC_009,West Satellite Depot DC_009,2026-05-01,Friday,Afternoon,554,323,1060,Satellite Depot,West
DC_009,West Satellite Depot DC_009,2026-05-01,Friday,Evening,323,210,638,Satellite Depot,West
DC_010,Central Urban Hub DC_010,2026-05-01,Friday,Morning,108,102,301,Urban Hub,Central
DC_010,Central Urban Hub DC_010,2026-05-01,Friday,Afternoon,166,152,475,Urban Hub,Central
DC_010,Central Urban Hub DC_010,2026-05-01,Friday,Evening,93,73,242,Urban Hub,Central
DC_011,North Regional Center DC_011,2026-05-01,Friday,Morning,724,442,1250,Regional Center,North
DC_011,North Regional Center DC_011,2026-05-01,Friday,Afternoon,946,672,2014,Regional Center,North
DC_011,North Regional Center DC_011,2026-05-01,Friday,Evening,513,402,1064,Regional Center,North
DC_012,South Satellite Depot DC_012,2026-05-01,Friday,Morning,606,581,1407,Satellite Depot,South
DC_012,South Satellite Depot DC_012,2026-05-01,Friday,Afternoon,1035,596,1810,Satellite Depot,South
DC_012,South Satellite Depot DC_012,2026-05-01,Friday,Evening,483,319,979,Satellite Depot,South
DC_013,East Urban Hub DC_013,2026-05-01,Friday,Morning,384,220,710,Urban Hub,East
DC_013,East Urban Hub DC_013,2026-05-01,Friday,Afternoon,658,289,1040,Urban Hub,East
DC_013,East Urban Hub DC_013,2026-05-01,Friday,Evening,326,202,605,Urban Hub,East
DC_014,West Regional Center DC_014,2026-05-01,Friday,Morning,724,491,1593,Regional Center,West
DC_014,West Regional Center DC_014,2026-05-01,Friday,Afternoon,1236,670,2011,Regional Center,West
DC_014,West Regional Center DC_014,2026-05-01,Friday,Evening,795,377,1244,Regional Center,West
DC_015,Central Satellite Depot DC_015,2026-05-01,Friday,Morning,2046,255,907,Satellite Depot,Central
DC_015,Central Satellite Depot DC_015,2026-05-01,Friday,Afternoon,3617,523,1461,Satellite Depot,Central
DC_015,Central Satellite Depot DC_015,2026-05-01,Friday,Evening,2357,307,869,Satellite Depot,Central
DC_016,North Urban Hub DC_016,2026-05-01,Friday,Morning,220,131,395,Urban Hub,North
DC_016,North Urban Hub DC_016,2026-05-01,Friday,Afternoon,376,185,652,Urban Hub,North
DC_016,North Urban Hub DC_016,2026-05-01,Friday,Evening,139,106,301,Urban Hub,North
DC_017,South Regional Center DC_017,2026-05-01,Friday,Morning,521,309,932,Regional Center,South
DC_017,South Regional Center DC_017,2026-05-01,Friday,Afternoon,691,438,1488,Regional Center,South
DC_017,South Regional Center DC_017,2026-05-01,Friday,Evening,393,259,751,Regional Center,South
DC_018,East Satellite Depot DC_018,2026-05-01,Friday,Morning,209,117,349,Satellite Depot,East
DC_018,East Satellite Depot DC_018,2026-05-01,Friday,Afternoon,378,188,579,Satellite Depot,East
DC_018,East Satellite Depot DC_018,2026-05-01,Friday,Evening,170,120,354,Satellite Depot,East
DC_019,West Urban Hub DC_019,2026-05-01,Friday,Morning,566,441,1110,Urban Hub,West
DC_019,West Urban Hub DC_019,2026-05-01,Friday,Afternoon,1110,574,2042,Urban Hub,West
DC_019,West Urban Hub DC_019,2026-05-01,Friday,Evening,439,292,898,Urban Hub,West
DC_020,Central Regional Center DC_020,2026-05-01,Friday,Morning,424,213,691,Regional Center,Central
DC_020,Central Regional Center DC_020,2026-05-01,Friday,Afternoon,509,335,1123,Regional Center,Central
DC_020,Central Regional Center DC_020,2026-05-01,Friday,Evening,332,204,564,Regional Center,Central
DC_021,North Satellite Depot DC_021,2026-05-01,Friday,Morning,1954,202,700,Satellite Depot,North
DC_021,North Satellite Depot DC_021,2026-05-01,Friday,Afternoon,2448,324,979,Satellite Depot,North
DC_021,North Satellite Depot DC_021,2026-05-01,Friday,Evening,1420,183,550,Satellite Depot,North
DC_022,South Urban Hub DC_022,2026-05-01,Friday,Morning,259,165,479,Urban Hub,South
DC_022,South Urban Hub DC_022,2026-05-01,Friday,Afternoon,382,221,713,Urban Hub,South
DC_022,South Urban Hub DC_022,2026-05-01,Friday,Evening,220,103,364,Urban Hub,South
DC_023,East Regional Center DC_023,2026-05-01,Friday,Morning,894,607,1824,Regional Center,East
DC_023,East Regional Center DC_023,2026-05-01,Friday,Afternoon,1116,789,2377,Regional Center,East
DC_023,East Regional Center DC_023,2026-05-01,Friday,Evening,579,416,1284,Regional Center,East
DC_024,West Satellite Depot DC_024,2026-05-01,Friday,Morning,466,234,757,Satellite Depot,West
DC_024,West Satellite Depot DC_024,2026-05-01,Friday,Afternoon,616,382,1160,Satellite Depot,West
DC_024,West Satellite Depot DC_024,2026-05-01,Friday,Evening,241,172,501,Satellite Depot,West
DC_001,North Urban Hub DC_001,2026-05-02,Saturday,Morning,536,254,887,Urban Hub,North
DC_001,North Urban Hub DC_001,2026-05-02,Saturday,Afternoon,782,521,1465,Urban Hub,North
DC_001,North Urban Hub DC_001,2026-05-02,Saturday,Evening,462,296,837,Urban Hub,North
DC_002,South Regional Center DC_002,2026-05-02,Saturday,Morning,204,131,360,Regional Center,South
DC_002,South Regional Center DC_002,2026-05-02,Saturday,Afternoon,296,198,596,Regional Center,South
DC_002,South Regional Center DC_002,2026-05-02,Saturday,Evening,205,115,359,Regional Center,South
DC_003,East Satellite Depot DC_003,2026-05-02,Saturday,Morning,387,363,1159,Satellite Depot,East
DC_003,East Satellite Depot DC_003,2026-05-02,Saturday,Afternoon,371,443,1319,Satellite Depot,East
DC_003,East Satellite Depot DC_003,2026-05-02,Saturday,Evening,296,279,907,Satellite Depot,East
DC_004,West Urban Hub DC_004,2026-05-02,Saturday,Morning,889,474,1598,Urban Hub,West
DC_004,West Urban Hub DC_004,2026-05-02,Saturday,Afternoon,1058,712,2136,Urban Hub,West
DC_004,West Urban Hub DC_004,2026-05-02,Saturday,Evening,724,417,1299,Urban Hub,West
DC_005,Central Regional Center DC_005,2026-05-02,Saturday,Morning,110,68,212,Regional Center,Central
DC_005,Central Regional Center DC_005,2026-05-02,Saturday,Afternoon,178,106,332,Regional Center,Central
DC_005,Central Regional Center DC_005,2026-05-02,Saturday,Evening,99,64,183,Regional Center,Central
DC_006,North Satellite Depot DC_006,2026-05-02,Saturday,Morning,875,118,374,Satellite Depot,North
DC_006,North Satellite Depot DC_006,2026-05-02,Saturday,Afternoon,1647,210,516,Satellite Depot,North
DC_006,North Satellite Depot DC_006,2026-05-02,Saturday,Evening,756,83,254,Satellite Depot,North
DC_007,South Urban Hub DC_007,2026-05-02,Saturday,Morning,396,288,810,Urban Hub,South
DC_007,South Urban Hub DC_007,2026-05-02,Saturday,Afternoon,656,387,1234,Urban Hub,South
DC_007,South Urban Hub DC_007,2026-05-02,Saturday,Evening,299,207,636,Urban Hub,South
DC_008,East Regional Center DC_008,2026-05-02,Saturday,Morning,1835,200,657,Regional Center,East
DC_008,East Regional Center DC_008,2026-05-02,Saturday,Afternoon,2288,263,858,Regional Center,East
DC_008,East Regional Center DC_008,2026-05-02,Saturday,Evening,1626,200,468,Regional Center,East
DC_009,West Satellite Depot DC_009,2026-05-02,Saturday,Morning,426,251,897,Satellite Depot,West
DC_009,West Satellite Depot DC_009,2026-05-02,Saturday,Afternoon,742,407,1219,Satellite Depot,West
DC_009,West Satellite Depot DC_009,2026-05-02,Saturday,Evening,400,193,679,Satellite Depot,West
DC_010,Central Urban Hub DC_010,2026-05-02,Saturday,Morning,129,135,418,Urban Hub,Central
DC_010,Central Urban Hub DC_010,2026-05-02,Saturday,Afternoon,134,153,478,Urban Hub,Central
DC_010,Central Urban Hub DC_010,2026-05-02,Saturday,Evening,89,98,289,Urban Hub,Central
DC_011,North Regional Center DC_011,2026-05-02,Saturday,Morning,912,437,1474,Regional Center,North
DC_011,North Regional Center DC_011,2026-05-02,Saturday,Afternoon,1037,711,2168,Regional Center,North
DC_011,North Regional Center DC_011,2026-05-02,Saturday,Evening,724,365,1201,Regional Center,North
DC_012,South Satellite Depot DC_012,2026-05-02,Saturday,Morning,709,409,1269,Satellite Depot,South
DC_012,South Satellite Depot DC_012,2026-05-02,Saturday,Afternoon,1317,679,2066,Satellite Depot,South
DC_012,South Satellite Depot DC_012,2026-05-02,Saturday,Evening,668,397,1209,Satellite Depot,South
DC_013,East Urban Hub DC_013,2026-05-02,Saturday,Morning,469,306,870,Urban Hub,East
DC_013,East Urban Hub DC_013,2026-05-02,Saturday,Afternoon,624,453,1285,Urban Hub,East
DC_013,East Urban Hub DC_013,2026-05-02,Saturday,Evening,427,208,694,Urban Hub,East
DC_014,West Regional Center DC_014,2026-05-02,Saturday,Morning,986,544,1699,Regional Center,West
DC_014,West Regional Center DC_014,2026-05-02,Saturday,Afternoon,1372,849,2321,Regional Center,West
DC_014,West Regional Center DC_014,2026-05-02,Saturday,Evening,614,447,1305,Regional Center,West
DC_015,Central Satellite Depot DC_015,2026-05-02,Saturday,Morning,3247,352,1157,Satellite Depot,Central
DC_015,Central Satellite Depot DC_015,2026-05-02,Saturday,Afternoon,3947,493,1535,Satellite Depot,Central
DC_015,Central Satellite Depot DC_015,2026-05-02,Saturday,Evening,2681,373,1102,Satellite Depot,Central
DC_016,North Urban Hub DC_016,2026-05-02,Saturday,Morning,195,164,443,Urban Hub,North
DC_016,North Urban Hub DC_016,2026-05-02,Saturday,Afternoon,320,196,587,Urban Hub,North
DC_016,North Urban Hub DC_016,2026-05-02,Saturday,Evening,207,99,340,Urban Hub,North
DC_017,South Regional Center DC_017,2026-05-02,Saturday,Morning,503,276,927,Regional Center,South
DC_017,South Regional Center DC_017,2026-05-02,Saturday,Afternoon,920,566,1565,Regional Center,South
DC_017,South Regional Center DC_017,2026-05-02,Saturday,Evening,491,271,855,Regional Center,South
DC_018,East Satellite Depot DC_018,2026-05-02,Saturday,Morning,172,112,349,Satellite Depot,East
DC_018,East Satellite Depot DC_018,2026-05-02,Saturday,Afternoon,280,200,599,Satellite Depot,East
DC_018,East Satellite Depot DC_018,2026-05-02,Saturday,Evening,173,101,309,Satellite Depot,East
DC_019,West Urban Hub DC_019,2026-05-02,Saturday,Morning,746,497,1289,Urban Hub,West
DC_019,West Urban Hub DC_019,2026-05-02,Saturday,Afternoon,957,593,1860,Urban Hub,West
DC_019,West Urban Hub DC_019,2026-05-02,Saturday,Evening,531,360,1186,Urban Hub,West
DC_020,Central Regional Center DC_020,2026-05-02,Saturday,Morning,438,251,885,Regional Center,Central
DC_020,Central Regional Center DC_020,2026-05-02,Saturday,Afternoon,669,419,1372,Regional Center,Central
DC_020,Central Regional Center DC_020,2026-05-02,Saturday,Evening,349,216,653,Regional Center,Central
DC_021,North Satellite Depot DC_021,2026-05-02,Saturday,Morning,1894,224,683,Satellite Depot,North
DC_021,North Satellite Depot DC_021,2026-05-02,Saturday,Afternoon,1751,260,792,Satellite Depot,North
DC_021,North Satellite Depot DC_021,2026-05-02,Saturday,Evening,1270,177,562,Satellite Depot,North
DC_022,South Urban Hub DC_022,2026-05-02,Saturday,Morning,318,142,526,Urban Hub,South
DC_022,South Urban Hub DC_022,2026-05-02,Saturday,Afternoon,401,222,768,Urban Hub,South
DC_022,South Urban Hub DC_022,2026-05-02,Saturday,Evening,195,103,356,Urban Hub,South
DC_023,East Regional Center DC_023,2026-05-02,Saturday,Morning,782,479,1549,Regional Center,East
DC_023,East Regional Center DC_023,2026-05-02,Saturday,Afternoon,1988,903,3162,Regional Center,East
DC_023,East Regional Center DC_023,2026-05-02,Saturday,Evening,807,519,1450,Regional Center,East
DC_024,West Satellite Depot DC_024,2026-05-02,Saturday,Morning,348,241,679,Satellite Depot,West
DC_024,West Satellite Depot DC_024,2026-05-02,Saturday,Afternoon,672,423,1182,Satellite Depot,West
DC_024,West Satellite Depot DC_024,2026-05-02,Saturday,Evening,306,196,594,Satellite Depot,West
DC_001,North Urban Hub DC_001,2026-05-03,Sunday,Morning,502,298,1006,Urban Hub,North
DC_001,North Urban Hub DC_001,2026-05-03,Sunday,Afternoon,869,470,1467,Urban Hub,North
DC_001,North Urban Hub DC_001,2026-05-03,Sunday,Evening,538,301,867,Urban Hub,North
DC_002,South Regional Center DC_002,2026-05-03,Sunday,Morning,193,122,356,Regional Center,South
DC_002,South Regional Center DC_002,2026-05-03,Sunday,Afternoon,377,221,599,Regional Center,South
DC_002,South Regional Center DC_002,2026-05-03,Sunday,Evening,166,112,306,Regional Center,South
DC_003,East Satellite Depot DC_003,2026-05-03,Sunday,Morning,0,0,0,Satellite Depot,East
DC_003,East Satellite Depot DC_003,2026-05-03,Sunday,Afternoon,0,0,0,Satellite Depot,East
DC_003,East Satellite Depot DC_003,2026-05-03,Sunday,Evening,0,0,0,Satellite Depot,East
DC_004,West Urban Hub DC_004,2026-05-03,Sunday,Morning,821,455,1422,Urban Hub,West
DC_004,West Urban Hub DC_004,2026-05-03,Sunday,Afternoon,987,703,2073,Urban Hub,West
DC_004,West Urban Hub DC_004,2026-05-03,Sunday,Evening,642,348,1210,Urban Hub,West
DC_005,Central Regional Center DC_005,2026-05-03,Sunday,Morning,120,76,230,Regional Center,Central
DC_005,Central Regional Center DC_005,2026-05-03,Sunday,Afternoon,177,93,326,Regional Center,Central
DC_005,Central Regional Center DC_005,2026-05-03,Sunday,Evening,97,59,175,Regional Center,Central
DC_006,North Satellite Depot DC_006,2026-05-03,Sunday,Morning,0,0,0,Satellite Depot,North
DC_006,North Satellite Depot DC_006,2026-05-03,Sunday,Afternoon,0,0,0,Satellite Depot,North
DC_006,North Satellite Depot DC_006,2026-05-03,Sunday,Evening,0,0,0,Satellite Depot,North
DC_007,South Urban Hub DC_007,2026-05-03,Sunday,Morning,656,271,976,Urban Hub,South
DC_007,South Urban Hub DC_007,2026-05-03,Sunday,Afternoon,680,399,1295,Urban Hub,South
DC_007,South Urban Hub DC_007,2026-05-03,Sunday,Evening,409,235,788,Urban Hub,South
DC_008,East Regional Center DC_008,2026-05-03,Sunday,Morning,1371,192,622,Regional Center,East
DC_008,East Regional Center DC_008,2026-05-03,Sunday,Afternoon,2460,391,1036,Regional Center,East
DC_008,East Regional Center DC_008,2026-05-03,Sunday,Evening,1644,173,602,Regional Center,East
DC_009,West Satellite Depot DC_009,2026-05-03,Sunday,Morning,0,0,0,Satellite Depot,West
DC_009,West Satellite Depot DC_009,2026-05-03,Sunday,Afternoon,0,0,0,Satellite Depot,West
DC_009,West Satellite Depot DC_009,2026-05-03,Sunday,Evening,0,0,0,Satellite Depot,West
DC_010,Central Urban Hub DC_010,2026-05-03,Sunday,Morning,98,129,331,Urban Hub,Central
DC_010,Central Urban Hub DC_010,2026-05-03,Sunday,Afternoon,148,151,477,Urban Hub,Central
DC_010,Central Urban Hub DC_010,2026-05-03,Sunday,Evening,96,92,287,Urban Hub,Central
DC_011,North Regional Center DC_011,2026-05-03,Sunday,Morning,983,443,1439,Regional Center,North
DC_011,North Regional Center DC_011,2026-05-03,Sunday,Afternoon,1121,603,1920,Regional Center,North
DC_011,North Regional Center DC_011,2026-05-03,Sunday,Evening,582,392,1203,Regional Center,North
DC_012,South Satellite Depot DC_012,2026-05-03,Sunday,Morning,0,0,0,Satellite Depot,South
DC_012,South Satellite Depot DC_012,2026-05-03,Sunday,Afternoon,0,0,0,Satellite Depot,South
DC_012,South Satellite Depot DC_012,2026-05-03,Sunday,Evening,0,0,0,Satellite Depot,South
DC_013,East Urban Hub DC_013,2026-05-03,Sunday,Morning,457,288,772,Urban Hub,East
DC_013,East Urban Hub DC_013,2026-05-03,Sunday,Afternoon,697,390,1240,Urban Hub,East
DC_013,East Urban Hub DC_013,2026-05-03,Sunday,Evening,433,230,710,Urban Hub,East
DC_014,West Regional Center DC_014,2026-05-03,Sunday,Morning,782,447,1524,Regional Center,West
DC_014,West Regional Center DC_014,2026-05-03,Sunday,Afternoon,1045,617,2071,Regional Center,West
DC_014,West Regional Center DC_014,2026-05-03,Sunday,Evening,684,396,1268,Regional Center,West
DC_015,Central Satellite Depot DC_015,2026-05-03,Sunday,Morning,0,0,0,Satellite Depot,Central
DC_015,Central Satellite Depot DC_015,2026-05-03,Sunday,Afternoon,0,0,0,Satellite Depot,Central
DC_015,Central Satellite Depot DC_015,2026-05-03,Sunday,Evening,0,0,0,Satellite Depot,Central
DC_016,North Urban Hub DC_016,2026-05-03,Sunday,Morning,297,156,478,Urban Hub,North
DC_016,North Urban Hub DC_016,2026-05-03,Sunday,Afternoon,429,238,717,Urban Hub,North
DC_016,North Urban Hub DC_016,2026-05-03,Sunday,Evening,175,111,348,Urban Hub,North
DC_017,South Regional Center DC_017,2026-05-03,Sunday,Morning,422,266,819,Regional Center,South
DC_017,South Regional Center DC_017,2026-05-03,Sunday,Afternoon,815,508,1474,Regional Center,South
DC_017,South Regional Center DC_017,2026-05-03,Sunday,Evening,414,238,738,Regional Center,South
DC_018,East Satellite Depot DC_018,2026-05-03,Sunday,Morning,0,0,0,Satellite Depot,East
DC_018,East Satellite Depot DC_018,2026-05-03,Sunday,Afternoon,0,0,0,Satellite Depot,East
DC_018,East Satellite Depot DC_018,2026-05-03,Sunday,Evening,0,0,0,Satellite Depot,East
DC_019,West Urban Hub DC_019,2026-05-03,Sunday,Morning,562,434,1391,Urban Hub,West
DC_019,West Urban Hub DC_019,2026-05-03,Sunday,Afternoon,956,677,1943,Urban Hub,West
DC_019,West Urban Hub DC_019,2026-05-03,Sunday,Evening,707,435,1302,Urban Hub,West
DC_020,Central Regional Center DC_020,2026-05-03,Sunday,Morning,409,243,811,Regional Center,Central
DC_020,Central Regional Center DC_020,2026-05-03,Sunday,Afternoon,620,343,1116,Regional Center,Central
DC_020,Central Regional Center DC_020,2026-05-03,Sunday,Evening,345,185,657,Regional Center,Central
DC_021,North Satellite Depot DC_021,2026-05-03,Sunday,Morning,0,0,0,Satellite Depot,North
DC_021,North Satellite Depot DC_021,2026-05-03,Sunday,Afternoon,0,0,0,Satellite Depot,North
DC_021,North Satellite Depot DC_021,2026-05-03,Sunday,Evening,0,0,0,Satellite Depot,North
DC_022,South Urban Hub DC_022,2026-05-03,Sunday,Morning,298,169,538,Urban Hub,South
DC_022,South Urban Hub DC_022,2026-05-03,Sunday,Afternoon,393,243,794,Urban Hub,South
DC_022,South Urban Hub DC_022,2026-05-03,Sunday,Evening,274,126,446,Urban Hub,South
DC_023,East Regional Center DC_023,2026-05-03,Sunday,Morning,872,539,1625,Regional Center,East
DC_023,East Regional Center DC_023,2026-05-03,Sunday,Afternoon,1097,687,2369,Regional Center,East
DC_023,East Regional Center DC_023,2026-05-03,Sunday,Evening,763,436,1418,Regional Center,East
DC_024,West Satellite Depot DC_024,2026-05-03,Sunday,Morning,0,0,0,Satellite Depot,West
DC_024,West Satellite Depot DC_024,2026-05-03,Sunday,Afternoon,0,0,0,Satellite Depot,West
DC_024,West Satellite Depot DC_024,2026-05-03,Sunday,Evening,0,0,0,Satellite Depot,West
DC_001,North Urban Hub DC_001,2026-05-04,Monday,Morning,537,289,949,Urban Hub,North
DC_001,North Urban Hub DC_001,2026-05-04,Monday,Afternoon,710,424,1259,Urban Hub,North
DC_001,North Urban Hub DC_001,2026-05-04,Monday,Evening,334,241,690,Urban Hub,North
DC_002,South Regional Center DC_002,2026-05-04,Monday,Morning,125,89,264,Regional Center,South
DC_002,South Regional Center DC_002,2026-05-04,Monday,Afternoon,243,125,413,Regional Center,South
DC_002,South Regional Center DC_002,2026-05-04,Monday,Evening,123,77,248,Regional Center,South
DC_003,East Satellite Depot DC_003,2026-05-04,Monday,Morning,229,233,674,Satellite Depot,East
DC_003,East Satellite Depot DC_003,2026-05-04,Monday,Afternoon,333,379,1109,Satellite Depot,East
DC_003,East Satellite Depot DC_003,2026-05-04,Monday,Evening,186,199,560,Satellite Depot,East
DC_004,West Urban Hub DC_004,2026-05-04,Monday,Morning,569,359,1026,Urban Hub,West
DC_004,West Urban Hub DC_004,2026-05-04,Monday,Afternoon,839,445,1338,Urban Hub,West
DC_004,West Urban Hub DC_004,2026-05-04,Monday,Evening,487,257,837,Urban Hub,West
DC_005,Central Regional Center DC_005,2026-05-04,Monday,Morning,77,50,154,Regional Center,Central
DC_005,Central Regional Center DC_005,2026-05-04,Monday,Afternoon,114,78,217,Regional Center,Central
DC_005,Central Regional Center DC_005,2026-05-04,Monday,Evening,79,40,134,Regional Center,Central
DC_006,North Satellite Depot DC_006,2026-05-04,Monday,Morning,725,110,310,Satellite Depot,North
DC_006,North Satellite Depot DC_006,2026-05-04,Monday,Afternoon,1125,133,452,Satellite Depot,North
DC_006,North Satellite Depot DC_006,2026-05-04,Monday,Evening,773,85,301,Satellite Depot,North
DC_007,South Urban Hub DC_007,2026-05-04,Monday,Morning,379,275,788,Urban Hub,South
DC_007,South Urban Hub DC_007,2026-05-04,Monday,Afternoon,861,444,1251,Urban Hub,South
DC_007,South Urban Hub DC_007,2026-05-04,Monday,Evening,425,217,697,Urban Hub,South
DC_008,East Regional Center DC_008,2026-05-04,Monday,Morning,1949,251,718,Regional Center,East
DC_008,East Regional Center DC_008,2026-05-04,Monday,Afternoon,2752,314,967,Regional Center,East
DC_008,East Regional Center DC_008,2026-05-04,Monday,Evening,1497,160,563,Regional Center,East
DC_009,West Satellite Depot DC_009,2026-05-04,Monday,Morning,240,180,512,Satellite Depot,West
DC_009,West Satellite Depot DC_009,2026-05-04,Monday,Afternoon,391,242,819,Satellite Depot,West
DC_009,West Satellite Depot DC_009,2026-05-04,Monday,Evening,221,136,437,Satellite Depot,West
DC_010,Central Urban Hub DC_010,2026-05-04,Monday,Morning,69,64,227,Urban Hub,Central
DC_010,Central Urban Hub DC_010,2026-05-04,Monday,Afternoon,113,113,369,Urban Hub,Central
DC_010,Central Urban Hub DC_010,2026-05-04,Monday,Evening,54,61,175,Urban Hub,Central
DC_011,North Regional Center DC_011,2026-05-04,Monday,Morning,408,305,926,Regional Center,North
DC_011,North Regional Center DC_011,2026-05-04,Monday,Afternoon,657,479,1372,Regional Center,North
DC_011,North Regional Center DC_011,2026-05-04,Monday,Evening,371,251,781,Regional Center,North
DC_012,South Satellite Depot DC_012,2026-05-04,Monday,Morning,403,265,796,Satellite Depot,South
DC_012,South Satellite Depot DC_012,2026-05-04,Monday,Afternoon,867,456,1533,Satellite Depot,South
DC_012,South Satellite Depot DC_012,2026-05-04,Monday,Evening,502,284,866,Satellite Depot,South
DC_013,East Urban Hub DC_013,2026-05-04,Monday,Morning,343,187,591,Urban Hub,East
DC_013,East Urban Hub DC_013,2026-05-04,Monday,Afternoon,460,271,844,Urban Hub,East
DC_013,East Urban Hub DC_013,2026-05-04,Monday,Evening,252,163,480,Urban Hub,East
DC_014,West Regional Center DC_014,2026-05-04,Monday,Morning,588,353,1091,Regional Center,West
DC_014,West Regional Center DC_014,2026-05-04,Monday,Afternoon,853,625,1653,Regional Center,West
DC_014,West Regional Center DC_014,2026-05-04,Monday,Evening,490,311,896,Regional Center,West
DC_015,Central Satellite Depot DC_015,2026-05-04,Monday,Morning,2166,267,841,Satellite Depot,Central
DC_015,Central Satellite Depot DC_015,2026-05-04,Monday,Afternoon,2772,384,1073,Satellite Depot,Central
DC_015,Central Satellite Depot DC_015,2026-05-04,Monday,Evening,1735,202,611,Satellite Depot,Central
DC_016,North Urban Hub DC_016,2026-05-04,Monday,Morning,202,97,338,Urban Hub,North
DC_016,North Urban Hub DC_016,2026-05-04,Monday,Afternoon,321,197,679,Urban Hub,North
DC_016,North Urban Hub DC_016,2026-05-04,Monday,Evening,208,131,373,Urban Hub,North
DC_017,South Regional Center DC_017,2026-05-04,Monday,Morning,403,205,762,Regional Center,South
DC_017,South Regional Center DC_017,2026-05-04,Monday,Afternoon,454,332,1016,Regional Center,South
DC_017,South Regional Center DC_017,2026-05-04,Monday,Evening,294,226,643,Regional Center,South
DC_018,East Satellite Depot DC_018,2026-05-04,Monday,Morning,226,137,383,Satellite Depot,East
DC_018,East Satellite Depot DC_018,2026-05-04,Monday,Afternoon,341,202,629,Satellite Depot,East
DC_018,East Satellite Depot DC_018,2026-05-04,Monday,Evening,225,101,347,Satellite Depot,East
DC_019,West Urban Hub DC_019,2026-05-04,Monday,Morning,647,392,1277,Urban Hub,West
DC_019,West Urban Hub DC_019,2026-05-04,Monday,Afternoon,1176,851,2187,Urban Hub,West
DC_019,West Urban Hub DC_019,2026-05-04,Monday,Evening,574,387,1100,Urban Hub,West
DC_020,Central Regional Center DC_020,2026-05-04,Monday,Morning,297,195,538,Regional Center,Central
DC_020,Central Regional Center DC_020,2026-05-04,Monday,Afternoon,473,280,840,Regional Center,Central
DC_020,Central Regional Center DC_020,2026-05-04,Monday,Evening,203,138,426,Regional Center,Central
DC_021,North Satellite Depot DC_021,2026-05-04,Monday,Morning,1786,206,663,Satellite Depot,North
DC_021,North Satellite Depot DC_021,2026-05-04,Monday,Afternoon,2657,334,1094,Satellite Depot,North
DC_021,North Satellite Depot DC_021,2026-05-04,Monday,Evening,1713,200,575,Satellite Depot,North
DC_022,South Urban Hub DC_022,2026-05-04,Monday,Morning,269,166,469,Urban Hub,South
DC_022,South Urban Hub DC_022,2026-05-04,Monday,Afternoon,372,200,608,Urban Hub,South
DC_022,South Urban Hub DC_022,2026-05-04,Monday,Evening,228,127,395,Urban Hub,South
DC_023,East Regional Center DC_023,2026-05-04,Monday,Morning,565,383,1173,Regional Center,East
DC_023,East Regional Center DC_023,2026-05-04,Monday,Afternoon,1004,700,1924,Regional Center,East
DC_023,East Regional Center DC_023,2026-05-04,Monday,Evening,608,327,1005,Regional Center,East
DC_024,West Satellite Depot DC_024,2026-05-04,Monday,Morning,240,169,467,Satellite Depot,West
DC_024,West Satellite Depot DC_024,2026-05-04,Monday,Afternoon,376,224,746,Satellite Depot,West
DC_024,West Satellite Depot DC_024,2026-05-04,Monday,Evening,206,123,388,Satellite Depot,West
DC_001,North Urban Hub DC_001,2026-05-05,Tuesday,Morning,467,262,752,Urban Hub,North
DC_001,North Urban Hub DC_001,2026-05-05,Tuesday,Afternoon,672,468,1229,Urban Hub,North
DC_001,North Urban Hub DC_001,2026-05-05,Tuesday,Evening,387,168,532,Urban Hub,North
DC_002,South Regional Center DC_002,2026-05-05,Tuesday,Morning,202,116,346,Regional Center,South
DC_002,South Regional Center DC_002,2026-05-05,Tuesday,Afternoon,335,189,523,Regional Center,South
DC_002,South Regional Center DC_002,2026-05-05,Tuesday,Evening,153,88,266,Regional Center,South
DC_003,East Satellite Depot DC_003,2026-05-05,Tuesday,Morning,222,229,702,Satellite Depot,East
DC_003,East Satellite Depot DC_003,2026-05-05,Tuesday,Afternoon,387,388,1223,Satellite Depot,East
DC_003,East Satellite Depot DC_003,2026-05-05,Tuesday,Evening,177,191,575,Satellite Depot,East
DC_004,West Urban Hub DC_004,2026-05-05,Tuesday,Morning,561,398,1162,Urban Hub,West
DC_004,West Urban Hub DC_004,2026-05-05,Tuesday,Afternoon,914,595,1957,Urban Hub,West
DC_004,West Urban Hub DC_004,2026-05-05,Tuesday,Evening,610,268,904,Urban Hub,West
DC_005,Central Regional Center DC_005,2026-05-05,Tuesday,Morning,104,53,181,Regional Center,Central
DC_005,Central Regional Center DC_005,2026-05-05,Tuesday,Afternoon,139,78,251,Regional Center,Central
DC_005,Central Regional Center DC_005,2026-05-05,Tuesday,Evening,73,40,136,Regional Center,Central
DC_006,North Satellite Depot DC_006,2026-05-05,Tuesday,Morning,551,71,239,Satellite Depot,North
DC_006,North Satellite Depot DC_006,2026-05-05,Tuesday,Afternoon,1179,125,353,Satellite Depot,North
DC_006,North Satellite Depot DC_006,2026-05-05,Tuesday,Evening,632,69,208,Satellite Depot,North
DC_007,South Urban Hub DC_007,2026-05-05,Tuesday,Morning,285,207,613,Urban Hub,South
DC_007,South Urban Hub DC_007,2026-05-05,Tuesday,Afternoon,454,266,849,Urban Hub,South
DC_007,South Urban Hub DC_007,2026-05-05,Tuesday,Evening,237,169,491,Urban Hub,South
DC_008,East Regional Center DC_008,2026-05-05,Tuesday,Morning,1510,203,610,Regional Center,East
DC_008,East Regional Center DC_008,2026-05-05,Tuesday,Afternoon,2462,293,968,Regional Center,East
DC_008,East Regional Center DC_008,2026-05-05,Tuesday,Evening,1274,174,512,Regional Center,East
DC_009,West Satellite Depot DC_009,2026-05-05,Tuesday,Morning,285,184,600,Satellite Depot,West
DC_009,West Satellite Depot DC_009,2026-05-05,Tuesday,Afternoon,455,347,870,Satellite Depot,West
DC_009,West Satellite Depot DC_009,2026-05-05,Tuesday,Evening,245,164,502,Satellite Depot,West
DC_010,Central Urban Hub DC_010,2026-05-05,Tuesday,Morning,127,93,279,Urban Hub,Central
DC_010,Central Urban Hub DC_010,2026-05-05,Tuesday,Afternoon,131,127,424,Urban Hub,Central
DC_010,Central Urban Hub DC_010,2026-05-05,Tuesday,Evening,74,82,226,Urban Hub,Central
DC_011,North Regional Center DC_011,2026-05-05,Tuesday,Morning,675,422,1113,Regional Center,North
DC_011,North Regional Center DC_011,2026-05-05,Tuesday,Afternoon,720,511,1550,Regional Center,North
DC_011,North Regional Center DC_011,2026-05-05,Tuesday,Evening,537,362,959,Regional Center,North
DC_012,South Satellite Depot DC_012,2026-05-05,Tuesday,Morning,767,384,1138,Satellite Depot,South
DC_012,South Satellite Depot DC_012,2026-05-05,Tuesday,Afternoon,823,542,1582,Satellite Depot,South
DC_012,South Satellite Depot DC_012,2026-05-05,Tuesday,Evening,434,258,753,Satellite Depot,South
DC_013,East Urban Hub DC_013,2026-05-05,Tuesday,Morning,304,224,626,Urban Hub,East
DC_013,East Urban Hub DC_013,2026-05-05,Tuesday,Afternoon,537,307,1024,Urban Hub,East
DC_013,East Urban Hub DC_013,2026-05-05,Tuesday,Evening,272,180,550,Urban Hub,East
DC_014,West Regional Center DC_014,2026-05-05,Tuesday,Morning,857,564,1375,Regional Center,West
DC_014,West Regional Center DC_014,2026-05-05,Tuesday,Afternoon,1049,638,2054,Regional Center,West
DC_014,West Regional Center DC_014,2026-05-05,Tuesday,Evening,494,355,1061,Regional Center,West
DC_015,Central Satellite Depot DC_015,2026-05-05,Tuesday,Morning,2183,253,895,Satellite Depot,Central
DC_015,Central Satellite Depot DC_015,2026-05-05,Tuesday,Afternoon,3486,464,1265,Satellite Depot,Central
DC_015,Central Satellite Depot DC_015,2026-05-05,Tuesday,Evening,2011,252,811,Satellite Depot,Central
DC_016,North Urban Hub DC_016,2026-05-05,Tuesday,Morning,202,141,392,Urban Hub,North
DC_016,North Urban Hub DC_016,2026-05-05,Tuesday,Afternoon,272,154,464,Urban Hub,North
DC_016,North Urban Hub DC_016,2026-05-05,Tuesday,Evening,143,92,253,Urban Hub,North
DC_017,South Regional Center DC_017,2026-05-05,Tuesday,Morning,473,301,915,Regional Center,South
DC_017,South Regional Center DC_017,2026-05-05,Tuesday,Afternoon,657,408,1291,Regional Center,South
DC_017,South Regional Center DC_017,2026-05-05,Tuesday,Evening,375,218,714,Regional Center,South
DC_018,East Satellite Depot DC_018,2026-05-05,Tuesday,Morning,164,102,312,Satellite Depot,East
DC_018,East Satellite Depot DC_018,2026-05-05,Tuesday,Afternoon,277,155,496,Satellite Depot,East
DC_018,East Satellite Depot DC_018,2026-05-05,Tuesday,Evening,143,87,253,Satellite Depot,East
DC_019,West Urban Hub DC_019,2026-05-05,Tuesday,Morning,528,345,944,Urban Hub,West
DC_019,West Urban Hub DC_019,2026-05-05,Tuesday,Afternoon,717,404,1381,Urban Hub,West
DC_019,West Urban Hub DC_019,2026-05-05,Tuesday,Evening,601,259,846,Urban Hub,West
DC_020,Central Regional Center DC_020,2026-05-05,Tuesday,Morning,301,191,591,Regional Center,Central
DC_020,Central Regional Center DC_020,2026-05-05,Tuesday,Afternoon,491,295,913,Regional Center,Central
DC_020,Central Regional Center DC_020,2026-05-05,Tuesday,Evening,304,169,571,Regional Center,Central
DC_021,North Satellite Depot DC_021,2026-05-05,Tuesday,Morning,1269,197,523,Satellite Depot,North
DC_021,North Satellite Depot DC_021,2026-05-05,Tuesday,Afternoon,2148,243,795,Satellite Depot,North
DC_021,North Satellite Depot DC_021,2026-05-05,Tuesday,Evening,1090,104,374,Satellite Depot,North
DC_022,South Urban Hub DC_022,2026-05-05,Tuesday,Morning,156,104,326,Urban Hub,South
DC_022,South Urban Hub DC_022,2026-05-05,Tuesday,Afternoon,273,184,511,Urban Hub,South
DC_022,South Urban Hub DC_022,2026-05-05,Tuesday,Evening,175,98,294,Urban Hub,South
DC_023,East Regional Center DC_023,2026-05-05,Tuesday,Morning,789,556,1519,Regional Center,East
DC_023,East Regional Center DC_023,2026-05-05,Tuesday,Afternoon,1207,764,2265,Regional Center,East
DC_023,East Regional Center DC_023,2026-05-05,Tuesday,Evening,676,445,1249,Regional Center,East
DC_024,West Satellite Depot DC_024,2026-05-05,Tuesday,Morning,354,215,663,Satellite Depot,West
DC_024,West Satellite Depot DC_024,2026-05-05,Tuesday,Afternoon,401,282,838,Satellite Depot,West
DC_024,West Satellite Depot DC_024,2026-05-05,Tuesday,Evening,240,123,422,Satellite Depot,West
DC_001,North Urban Hub DC_001,2026-05-06,Wednesday,Morning,453,241,831,Urban Hub,North
DC_001,North Urban Hub DC_001,2026-05-06,Wednesday,Afternoon,676,405,1238,Urban Hub,North
DC_001,North Urban Hub DC_001,2026-05-06,Wednesday,Evening,386,215,666,Urban Hub,North
DC_002,South Regional Center DC_002,2026-05-06,Wednesday,Morning,211,109,332,Regional Center,South
DC_002,South Regional Center DC_002,2026-05-06,Wednesday,Afternoon,230,180,474,Regional Center,South
DC_002,South Regional Center DC_002,2026-05-06,Wednesday,Evening,146,78,262,Regional Center,South
DC_003,East Satellite Depot DC_003,2026-05-06,Wednesday,Morning,213,237,775,Satellite Depot,East
DC_003,East Satellite Depot DC_003,2026-05-06,Wednesday,Afternoon,356,375,1129,Satellite Depot,East
DC_003,East Satellite Depot DC_003,2026-05-06,Wednesday,Evening,257,240,694,Satellite Depot,East
DC_004,West Urban Hub DC_004,2026-05-06,Wednesday,Morning,579,477,1217,Urban Hub,West
DC_004,West Urban Hub DC_004,2026-05-06,Wednesday,Afternoon,1055,743,1955,Urban Hub,West
DC_004,West Urban Hub DC_004,2026-05-06,Wednesday,Evening,464,240,743,Urban Hub,West
DC_005,Central Regional Center DC_005,2026-05-06,Wednesday,Morning,89,60,178,Regional Center,Central
DC_005,Central Regional Center DC_005,2026-05-06,Wednesday,Afternoon,136,79,245,Regional Center,Central
DC_005,Central Regional Center DC_005,2026-05-06,Wednesday,Evening,88,46,152,Regional Center,Central
DC_006,North Satellite Depot DC_006,2026-05-06,Wednesday,Morning,734,88,260,Satellite Depot,North
DC_006,North Satellite Depot DC_006,2026-05-06,Wednesday,Afternoon,1167,153,446,Satellite Depot,North
DC_006,North Satellite Depot DC_006,2026-05-06,Wednesday,Evening,524,78,245,Satellite Depot,North
DC_007,South Urban Hub DC_007,2026-05-06,Wednesday,Morning,369,259,763,Urban Hub,South
DC_007,South Urban Hub DC_007,2026-05-06,Wednesday,Afternoon,634,342,1043,Urban Hub,South
DC_007,South Urban Hub DC_007,2026-05-06,Wednesday,Evening,304,189,549,Urban Hub,South
DC_008,East Regional Center DC_008,2026-05-06,Wednesday,Morning,1072,142,437,Regional Center,East
DC_008,East Regional Center DC_008,2026-05-06,Wednesday,Afternoon,1587,210,570,Regional Center,East
DC_008,East Regional Center DC_008,2026-05-06,Wednesday,Evening,934,120,380,Regional Center,East
DC_009,West Satellite Depot DC_009,2026-05-06,Wednesday,Morning,307,198,590,Satellite Depot,West
DC_009,West Satellite Depot DC_009,2026-05-06,Wednesday,Afternoon,427,260,859,Satellite Depot,West
DC_009,West Satellite Depot DC_009,2026-05-06,Wednesday,Evening,320,166,565,Satellite Depot,West
DC_010,Central Urban Hub DC_010,2026-05-06,Wednesday,Morning,80,89,264,Urban Hub,Central
DC_010,Central Urban Hub DC_010,2026-05-06,Wednesday,Afternoon,170,133,404,Urban Hub,Central
DC_010,Central Urban Hub DC_010,2026-05-06,Wednesday,Evening,77,65,229,Urban Hub,Central
DC_011,North Regional Center DC_011,2026-05-06,Wednesday,Morning,576,356,1023,Regional Center,North
DC_011,North Regional Center DC_011,2026-05-06,Wednesday,Afternoon,782,466,1616,Regional Center,North
DC_011,North Regional Center DC_011,2026-05-06,Wednesday,Evening,508,316,887,Regional Center,North
DC_012,South Satellite Depot DC_012,2026-05-06,Wednesday,Morning,560,380,1166,Satellite Depot,South
DC_012,South Satellite Depot DC_012,2026-05-06,Wednesday,Afternoon,857,448,1407,Satellite Depot,South
DC_012,South Satellite Depot DC_012,2026-05-06,Wednesday,Evening,611,304,919,Satellite Depot,South
DC_013,East Urban Hub DC_013,2026-05-06,Wednesday,Morning,408,216,751,Urban Hub,East
DC_013,East Urban Hub DC_013,2026-05-06,Wednesday,Afternoon,624,347,1049,Urban Hub,East
DC_013,East Urban Hub DC_013,2026-05-06,Wednesday,Evening,322,192,548,Urban Hub,East
DC_014,West Regional Center DC_014,2026-05-06,Wednesday,Morning,873,441,1485,Regional Center,West
DC_014,West Regional Center DC_014,2026-05-06,Wednesday,Afternoon,1024,592,1919,Regional Center,West
DC_014,West Regional Center DC_014,2026-05-06,Wednesday,Evening,531,406,1052,Regional Center,West
DC_015,Central Satellite Depot DC_015,2026-05-06,Wednesday,Morning,3030,294,894,Satellite Depot,Central
DC_015,Central Satellite Depot DC_015,2026-05-06,Wednesday,Afternoon,3367,498,1383,Satellite Depot,Central
DC_015,Central Satellite Depot DC_015,2026-05-06,Wednesday,Evening,1803,207,652,Satellite Depot,Central
DC_016,North Urban Hub DC_016,2026-05-06,Wednesday,Morning,163,96,306,Urban Hub,North
DC_016,North Urban Hub DC_016,2026-05-06,Wednesday,Afternoon,271,170,536,Urban Hub,North
DC_016,North Urban Hub DC_016,2026-05-06,Wednesday,Evening,191,93,291,Urban Hub,North
DC_017,South Regional Center DC_017,2026-05-06,Wednesday,Morning,422,232,748,Regional Center,South
DC_017,South Regional Center DC_017,2026-05-06,Wednesday,Afternoon,722,417,1352,Regional Center,South
DC_017,South Regional Center DC_017,2026-05-06,Wednesday,Evening,310,193,597,Regional Center,South
DC_018,East Satellite Depot DC_018,2026-05-06,Wednesday,Morning,211,124,376,Satellite Depot,East
DC_018,East Satellite Depot DC_018,2026-05-06,Wednesday,Afternoon,299,197,557,Satellite Depot,East
DC_018,East Satellite Depot DC_018,2026-05-06,Wednesday,Evening,204,111,344,Satellite Depot,East
DC_019,West Urban Hub DC_019,2026-05-06,Wednesday,Morning,603,381,1162,Urban Hub,West
DC_019,West Urban Hub DC_019,2026-05-06,Wednesday,Afternoon,910,592,1671,Urban Hub,West
DC_019,West Urban Hub DC_019,2026-05-06,Wednesday,Evening,601,340,1104,Urban Hub,West
DC_020,Central Regional Center DC_020,2026-05-06,Wednesday,Morning,331,201,600,Regional Center,Central
DC_020,Central Regional Center DC_020,2026-05-06,Wednesday,Afternoon,438,270,810,Regional Center,Central
DC_020,Central Regional Center DC_020,2026-05-06,Wednesday,Evening,338,190,562,Regional Center,Central
DC_021,North Satellite Depot DC_021,2026-05-06,Wednesday,Morning,1191,182,526,Satellite Depot,North
DC_021,North Satellite Depot DC_021,2026-05-06,Wednesday,Afternoon,2095,290,888,Satellite Depot,North
DC_021,North Satellite Depot DC_021,2026-05-06,Wednesday,Evening,1249,127,420,Satellite Depot,North
DC_022,South Urban Hub DC_022,2026-05-06,Wednesday,Morning,189,118,369,Urban Hub,South
DC_022,South Urban Hub DC_022,2026-05-06,Wednesday,Afternoon,323,221,634,Urban Hub,South
DC_022,South Urban Hub DC_022,2026-05-06,Wednesday,Evening,157,107,315,Urban Hub,South
DC_023,East Regional Center DC_023,2026-05-06,Wednesday,Morning,551,387,1100,Regional Center,East
DC_023,East Regional Center DC_023,2026-05-06,Wednesday,Afternoon,1029,707,2194,Regional Center,East
DC_023,East Regional Center DC_023,2026-05-06,Wednesday,Evening,665,363,1269,Regional Center,East
DC_024,West Satellite Depot DC_024,2026-05-06,Wednesday,Morning,281,161,527,Satellite Depot,West
DC_024,West Satellite Depot DC_024,2026-05-06,Wednesday,Afternoon,408,284,851,Satellite Depot,West
DC_024,West Satellite Depot DC_024,2026-05-06,Wednesday,Evening,247,176,560,Satellite Depot,West
DC_001,North Urban Hub DC_001,2026-05-07,Thursday,Morning,387,289,811,Urban Hub,North
DC_001,North Urban Hub DC_001,2026-05-07,Thursday,Afternoon,495,329,1043,Urban Hub,North
DC_001,North Urban Hub DC_001,2026-05-07,Thursday,Evening,338,254,635,Urban Hub,North
DC_002,South Regional Center DC_002,2026-05-07,Thursday,Morning,196,102,341,Regional Center,South
DC_002,South Regional Center DC_002,2026-05-07,Thursday,Afternoon,283,175,561,Regional Center,South
DC_002,South Regional Center DC_002,2026-05-07,Thursday,Evening,128,78,254,Regional Center,South
DC_003,East Satellite Depot DC_003,2026-05-07,Thursday,Morning,245,342,915,Satellite Depot,East
DC_003,East Satellite Depot DC_003,2026-05-07,Thursday,Afternoon,420,384,1208,Satellite Depot,East
DC_003,East Satellite Depot DC_003,2026-05-07,Thursday,Evening,229,207,694,Satellite Depot,East
DC_004,West Urban Hub DC_004,2026-05-07,Thursday,Morning,677,402,1144,Urban Hub,West
DC_004,West Urban Hub DC_004,2026-05-07,Thursday,Afternoon,1104,592,1828,Urban Hub,West
DC_004,West Urban Hub DC_004,2026-05-07,Thursday,Evening,594,311,1032,Urban Hub,West
DC_005,Central Regional Center DC_005,2026-05-07,Thursday,Morning,92,62,191,Regional Center,Central
DC_005,Central Regional Center DC_005,2026-05-07,Thursday,Afternoon,161,93,287,Regional Center,Central
DC_005,Central Regional Center DC_005,2026-05-07,Thursday,Evening,94,52,169,Regional Center,Central
DC_006,North Satellite Depot DC_006,2026-05-07,Thursday,Morning,614,86,255,Satellite Depot,North
DC_006,North Satellite Depot DC_006,2026-05-07,Thursday,Afternoon,1123,126,438,Satellite Depot,North
DC_006,North Satellite Depot DC_006,2026-05-07,Thursday,Evening,622,70,207,Satellite Depot,North
DC_007,South Urban Hub DC_007,2026-05-07,Thursday,Morning,378,189,616,Urban Hub,South
DC_007,South Urban Hub DC_007,2026-05-07,Thursday,Afternoon,579,346,1038,Urban Hub,South
DC_007,South Urban Hub DC_007,2026-05-07,Thursday,Evening,252,188,549,Urban Hub,South
DC_008,East Regional Center DC_008,2026-05-07,Thursday,Morning,1114,153,465,Regional Center,East
DC_008,East Regional Center DC_008,2026-05-07,Thursday,Afternoon,2467,274,907,Regional Center,East
DC_008,East Regional Center DC_008,2026-05-07,Thursday,Evening,1280,162,471,Regional Center,East
DC_009,West Satellite Depot DC_009,2026-05-07,Thursday,Morning,360,260,713,Satellite Depot,West
DC_009,West Satellite Depot DC_009,2026-05-07,Thursday,Afternoon,648,283,919,Satellite Depot,West
DC_009,West Satellite Depot DC_009,2026-05-07,Thursday,Evening,297,205,549,Satellite Depot,West
DC_010,Central Urban Hub DC_010,2026-05-07,Thursday,Morning,90,91,266,Urban Hub,Central
DC_010,Central Urban Hub DC_010,2026-05-07,Thursday,Afternoon,136,121,445,Urban Hub,Central
DC_010,Central Urban Hub DC_010,2026-05-07,Thursday,Evening,71,84,244,Urban Hub,Central
DC_011,North Regional Center DC_011,2026-05-07,Thursday,Morning,575,387,1044,Regional Center,North
DC_011,North Regional Center DC_011,2026-05-07,Thursday,Afternoon,1042,693,1811,Regional Center,North
DC_011,North Regional Center DC_011,2026-05-07,Thursday,Evening,642,425,1144,Regional Center,North
DC_012,South Satellite Depot DC_012,2026-05-07,Thursday,Morning,693,359,1210,Satellite Depot,South
DC_012,South Satellite Depot DC_012,2026-05-07,Thursday,Afternoon,895,500,1594,Satellite Depot,South
DC_012,South Satellite Depot DC_012,2026-05-07,Thursday,Evening,488,320,985,Satellite Depot,South
DC_013,East Urban Hub DC_013,2026-05-07,Thursday,Morning,368,235,741,Urban Hub,East
DC_013,East Urban Hub DC_013,2026-05-07,Thursday,Afternoon,652,324,1054,Urban Hub,East
DC_013,East Urban Hub DC_013,2026-05-07,Thursday,Evening,329,174,594,Urban Hub,East
DC_014,West Regional Center DC_014,2026-05-07,Thursday,Morning,576,405,1255,Regional Center,West
DC_014,West Regional Center DC_014,2026-05-07,Thursday,Afternoon,1206,812,2178,Regional Center,West
DC_014,West Regional Center DC_014,2026-05-07,Thursday,Evening,602,357,1167,Regional Center,West
DC_015,Central Satellite Depot DC_015,2026-05-07,Thursday,Morning,2974,334,908,Satellite Depot,Central
DC_015,Central Satellite Depot DC_015,2026-05-07,Thursday,Afternoon,4648,466,1611,Satellite Depot,Central
DC_015,Central Satellite Depot DC_015,2026-05-07,Thursday,Evening,1868,218,711,Satellite Depot,Central
DC_016,North Urban Hub DC_016,2026-05-07,Thursday,Morning,157,109,340,Urban Hub,North
DC_016,North Urban Hub DC_016,2026-05-07,Thursday,Afternoon,310,174,567,Urban Hub,North
DC_016,North Urban Hub DC_016,2026-05-07,Thursday,Evening,184,97,342,Urban Hub,North
DC_017,South Regional Center DC_017,2026-05-07,Thursday,Morning,408,255,823,Regional Center,South
DC_017,South Regional Center DC_017,2026-05-07,Thursday,Afternoon,619,383,1187,Regional Center,South
DC_017,South Regional Center DC_017,2026-05-07,Thursday,Evening,346,214,672,Regional Center,South
DC_018,East Satellite Depot DC_018,2026-05-07,Thursday,Morning,182,110,340,Satellite Depot,East
DC_018,East Satellite Depot DC_018,2026-05-07,Thursday,Afternoon,261,169,497,Satellite Depot,East
DC_018,East Satellite Depot DC_018,2026-05-07,Thursday,Evening,213,117,345,Satellite Depot,East
DC_019,West Urban Hub DC_019,2026-05-07,Thursday,Morning,481,391,1082,Urban Hub,West
DC_019,West Urban Hub DC_019,2026-05-07,Thursday,Afternoon,909,549,1749,Urban Hub,West
DC_019,West Urban Hub DC_019,2026-05-07,Thursday,Evening,492,346,1033,Urban Hub,West
DC_020,Central Regional Center DC_020,2026-05-07,Thursday,Morning,435,214,669,Regional Center,Central
DC_020,Central Regional Center DC_020,2026-05-07,Thursday,Afternoon,502,346,926,Regional Center,Central
DC_020,Central Regional Center DC_020,2026-05-07,Thursday,Evening,361,181,567,Regional Center,Central
DC_021,North Satellite Depot DC_021,2026-05-07,Thursday,Morning,1433,150,509,Satellite Depot,North
DC_021,North Satellite Depot DC_021,2026-05-07,Thursday,Afternoon,2060,254,887,Satellite Depot,North
DC_021,North Satellite Depot DC_021,2026-05-07,Thursday,Evening,995,162,442,Satellite Depot,North
DC_022,South Urban Hub DC_022,2026-05-07,Thursday,Morning,242,151,434,Urban Hub,South
DC_022,South Urban Hub DC_022,2026-05-07,Thursday,Afternoon,314,193,644,Urban Hub,South
DC_022,South Urban Hub DC_022,2026-05-07,Thursday,Evening,182,107,347,Urban Hub,South
DC_023,East Regional Center DC_023,2026-05-07,Thursday,Morning,781,490,1543,Regional Center,East
DC_023,East Regional Center DC_023,2026-05-07,Thursday,Afternoon,1524,787,2413,Regional Center,East
DC_023,East Regional Center DC_023,2026-05-07,Thursday,Evening,579,318,1117,Regional Center,East
DC_024,West Satellite Depot DC_024,2026-05-07,Thursday,Morning,311,180,592,Satellite Depot,West
DC_024,West Satellite Depot DC_024,2026-05-07,Thursday,Afternoon,432,242,771,Satellite Depot,West
DC_024,West Satellite Depot DC_024,2026-05-07,Thursday,Evening,232,117,394,Satellite Depot,West
DC_001,North Urban Hub DC_001,2026-05-08,Friday,Morning,460,270,896,Urban Hub,North
DC_001,North Urban Hub DC_001,2026-05-08,Friday,Afternoon,640,419,1266,Urban Hub,North
DC_001,North Urban Hub DC_001,2026-05-08,Friday,Evening,396,204,698,Urban Hub,North
DC_002,South Regional Center DC_002,2026-05-08,Friday,Morning,200,142,426,Regional Center,South
DC_002,South Regional Center DC_002,2026-05-08,Friday,Afternoon,249,163,526,Regional Center,South
DC_002,South Regional Center DC_002,2026-05-08,Friday,Evening,184,101,325,Regional Center,South
DC_003,East Satellite Depot DC_003,2026-05-08,Friday,Morning,253,242,832,Satellite Depot,East
DC_003,East Satellite Depot DC_003,2026-05-08,Friday,Afternoon,467,562,1547,Satellite Depot,East
DC_003,East Satellite Depot DC_003,2026-05-08,Friday,Evening,206,267,771,Satellite Depot,East
DC_004,West Urban Hub DC_004,2026-05-08,Friday,Morning,641,421,1369,Urban Hub,West
DC_004,West Urban Hub DC_004,2026-05-08,Friday,Afternoon,1417,867,2473,Urban Hub,West
DC_004,West Urban Hub DC_004,2026-05-08,Friday,Evening,758,413,1259,Urban Hub,West
DC_005,Central Regional Center DC_005,2026-05-08,Friday,Morning,101,64,209,Regional Center,Central
DC_005,Central Regional Center DC_005,2026-05-08,Friday,Afternoon,181,96,327,Regional Center,Central
DC_005,Central Regional Center DC_005,2026-05-08,Friday,Evening,115,74,231,Regional Center,Central
DC_006,North Satellite Depot DC_006,2026-05-08,Friday,Morning,720,86,262,Satellite Depot,North
DC_006,North Satellite Depot DC_006,2026-05-08,Friday,Afternoon,1084,118,419,Satellite Depot,North
DC_006,North Satellite Depot DC_006,2026-05-08,Friday,Evening,701,96,268,Satellite Depot,North
DC_007,South Urban Hub DC_007,2026-05-08,Friday,Morning,438,307,819,Urban Hub,South
DC_007,South Urban Hub DC_007,2026-05-08,Friday,Afternoon,568,470,1173,Urban Hub,South
DC_007,South Urban Hub DC_007,2026-05-08,Friday,Evening,310,175,576,Urban Hub,South
DC_008,East Regional Center DC_008,2026-05-08,Friday,Morning,1396,152,497,Regional Center,East
DC_008,East Regional Center DC_008,2026-05-08,Friday,Afternoon,1836,265,749,Regional Center,East
DC_008,East Regional Center DC_008,2026-05-08,Friday,Evening,927,122,385,Regional Center,East
DC_009,West Satellite Depot DC_009,2026-05-08,Friday,Morning,445,273,793,Satellite Depot,West
DC_009,West Satellite Depot DC_009,2026-05-08,Friday,Afternoon,767,360,1228,Satellite Depot,West
DC_009,West Satellite Depot DC_009,2026-05-08,Friday,Evening,334,232,680,Satellite Depot,West
DC_010,Central Urban Hub DC_010,2026-05-08,Friday,Morning,99,108,301,Urban Hub,Central
DC_010,Central Urban Hub DC_010,2026-05-08,Friday,Afternoon,135,136,445,Urban Hub,Central
DC_010,Central Urban Hub DC_010,2026-05-08,Friday,Evening,74,76,244,Urban Hub,Central
DC_011,North Regional Center DC_011,2026-05-08,Friday,Morning,747,440,1482,Regional Center,North
DC_011,North Regional Center DC_011,2026-05-08,Friday,Afternoon,1001,741,2059,Regional Center,North
DC_011,North Regional Center DC_011,2026-05-08,Friday,Evening,583,359,1091,Regional Center,North
DC_012,South Satellite Depot DC_012,2026-05-08,Friday,Morning,643,401,1282,Satellite Depot,South
DC_012,South Satellite Depot DC_012,2026-05-08,Friday,Afternoon,1049,542,1830,Satellite Depot,South
DC_012,South Satellite Depot DC_012,2026-05-08,Friday,Evening,626,347,1060,Satellite Depot,South
DC_013,East Urban Hub DC_013,2026-05-08,Friday,Morning,356,220,671,Urban Hub,East
DC_013,East Urban Hub DC_013,2026-05-08,Friday,Afternoon,515,397,1115,Urban Hub,East
DC_013,East Urban Hub DC_013,2026-05-08,Friday,Evening,301,204,686,Urban Hub,East
DC_014,West Regional Center DC_014,2026-05-08,Friday,Morning,926,561,1549,Regional Center,West
DC_014,West Regional Center DC_014,2026-05-08,Friday,Afternoon,1285,772,2253,Regional Center,West
DC_014,West Regional Center DC_014,2026-05-08,Friday,Evening,678,391,1261,Regional Center,West
DC_015,Central Satellite Depot DC_015,2026-05-08,Friday,Morning,2518,298,911,Satellite Depot,Central
DC_015,Central Satellite Depot DC_015,2026-05-08,Friday,Afternoon,3273,473,1494,Satellite Depot,Central
DC_015,Central Satellite Depot DC_015,2026-05-08,Friday,Evening,1821,227,734,Satellite Depot,Central
DC_016,North Urban Hub DC_016,2026-05-08,Friday,Morning,232,109,385,Urban Hub,North
DC_016,North Urban Hub DC_016,2026-05-08,Friday,Afternoon,267,170,534,Urban Hub,North
DC_016,North Urban Hub DC_016,2026-05-08,Friday,Evening,155,105,340,Urban Hub,North
DC_017,South Regional Center DC_017,2026-05-08,Friday,Morning,436,308,906,Regional Center,South
DC_017,South Regional Center DC_017,2026-05-08,Friday,Afternoon,877,507,1442,Regional Center,South
DC_017,South Regional Center DC_017,2026-05-08,Friday,Evening,408,297,794,Regional Center,South
DC_018,East Satellite Depot DC_018,2026-05-08,Friday,Morning,219,111,380,Satellite Depot,East
DC_018,East Satellite Depot DC_018,2026-05-08,Friday,Afternoon,318,171,532,Satellite Depot,East
DC_018,East Satellite Depot DC_018,2026-05-08,Friday,Evening,134,91,282,Satellite Depot,East
DC_019,West Urban Hub DC_019,2026-05-08,Friday,Morning,599,418,1190,Urban Hub,West
DC_019,West Urban Hub DC_019,2026-05-08,Friday,Afternoon,830,574,1621,Urban Hub,West
DC_019,West Urban Hub DC_019,2026-05-08,Friday,Evening,451,283,916,Urban Hub,West
DC_020,Central Regional Center DC_020,2026-05-08,Friday,Morning,368,226,650,Regional Center,Central
DC_020,Central Regional Center DC_020,2026-05-08,Friday,Afternoon,606,413,1238,Regional Center,Central
DC_020,Central Regional Center DC_020,2026-05-08,Friday,Evening,386,215,630,Regional Center,Central
DC_021,North Satellite Depot DC_021,2026-05-08,Friday,Morning,1505,198,609,Satellite Depot,North
DC_021,North Satellite Depot DC_021,2026-05-08,Friday,Afternoon,2365,302,923,Satellite Depot,North
DC_021,North Satellite Depot DC_021,2026-05-08,Friday,Evening,1322,156,491,Satellite Depot,North
DC_022,South Urban Hub DC_022,2026-05-08,Friday,Morning,236,161,452,Urban Hub,South
DC_022,South Urban Hub DC_022,2026-05-08,Friday,Afternoon,309,174,603,Urban Hub,South
DC_022,South Urban Hub DC_022,2026-05-08,Friday,Evening,204,117,369,Urban Hub,South
DC_023,East Regional Center DC_023,2026-05-08,Friday,Morning,710,477,1502,Regional Center,East
DC_023,East Regional Center DC_023,2026-05-08,Friday,Afternoon,1269,790,2346,Regional Center,East
DC_023,East Regional Center DC_023,2026-05-08,Friday,Evening,826,485,1521,Regional Center,East
DC_024,West Satellite Depot DC_024,2026-05-08,Friday,Morning,405,224,706,Satellite Depot,West
DC_024,West Satellite Depot DC_024,2026-05-08,Friday,Afternoon,648,327,1035,Satellite Depot,West
DC_024,West Satellite Depot DC_024,2026-05-08,Friday,Evening,295,180,561,Satellite Depot,West
DC_001,North Urban Hub DC_001,2026-05-09,Saturday,Morning,438,331,929,Urban Hub,North
DC_001,North Urban Hub DC_001,2026-05-09,Saturday,Afternoon,664,412,1328,Urban Hub,North
DC_001,North Urban Hub DC_001,2026-05-09,Saturday,Evening,330,242,786,Urban Hub,North
DC_002,South Regional Center DC_002,2026-05-09,Saturday,Morning,237,152,432,Regional Center,South
DC_002,South Regional Center DC_002,2026-05-09,Saturday,Afternoon,289,181,580,Regional Center,South
DC_002,South Regional Center DC_002,2026-05-09,Saturday,Evening,185,113,341,Regional Center,South
DC_003,East Satellite Depot DC_003,2026-05-09,Saturday,Morning,283,284,939,Satellite Depot,East
DC_003,East Satellite Depot DC_003,2026-05-09,Saturday,Afternoon,394,446,1312,Satellite Depot,East
DC_003,East Satellite Depot DC_003,2026-05-09,Saturday,Evening,271,236,824,Satellite Depot,East
DC_004,West Urban Hub DC_004,2026-05-09,Saturday,Morning,726,427,1388,Urban Hub,West
DC_004,West Urban Hub DC_004,2026-05-09,Saturday,Afternoon,1074,661,2004,Urban Hub,West
DC_004,West Urban Hub DC_004,2026-05-09,Saturday,Evening,638,340,1148,Urban Hub,West
DC_005,Central Regional Center DC_005,2026-05-09,Saturday,Morning,105,66,209,Regional Center,Central
DC_005,Central Regional Center DC_005,2026-05-09,Saturday,Afternoon,148,106,292,Regional Center,Central
DC_005,Central Regional Center DC_005,2026-05-09,Saturday,Evening,107,62,192,Regional Center,Central
DC_006,North Satellite Depot DC_006,2026-05-09,Saturday,Morning,732,86,287,Satellite Depot,North
DC_006,North Satellite Depot DC_006,2026-05-09,Saturday,Afternoon,1232,140,449,Satellite Depot,North
DC_006,North Satellite Depot DC_006,2026-05-09,Saturday,Evening,935,77,277,Satellite Depot,North
DC_007,South Urban Hub DC_007,2026-05-09,Saturday,Morning,422,276,845,Urban Hub,South
DC_007,South Urban Hub DC_007,2026-05-09,Saturday,Afternoon,518,350,1036,Urban Hub,South
DC_007,South Urban Hub DC_007,2026-05-09,Saturday,Evening,384,223,705,Urban Hub,South
DC_008,East Regional Center DC_008,2026-05-09,Saturday,Morning,1238,185,520,Regional Center,East
DC_008,East Regional Center DC_008,2026-05-09,Saturday,Afternoon,2080,280,981,Regional Center,East
DC_008,East Regional Center DC_008,2026-05-09,Saturday,Evening,1324,150,509,Regional Center,East
DC_009,West Satellite Depot DC_009,2026-05-09,Saturday,Morning,479,220,765,Satellite Depot,West
DC_009,West Satellite Depot DC_009,2026-05-09,Saturday,Afternoon,673,451,1261,Satellite Depot,West
DC_009,West Satellite Depot DC_009,2026-05-09,Saturday,Evening,396,184,612,Satellite Depot,West
DC_010,Central Urban Hub DC_010,2026-05-09,Saturday,Morning,92,101,293,Urban Hub,Central
DC_010,Central Urban Hub DC_010,2026-05-09,Saturday,Afternoon,141,148,447,Urban Hub,Central
DC_010,Central Urban Hub DC_010,2026-05-09,Saturday,Evening,110,103,299,Urban Hub,Central
DC_011,North Regional Center DC_011,2026-05-09,Saturday,Morning,754,315,1117,Regional Center,North
DC_011,North Regional Center DC_011,2026-05-09,Saturday,Afternoon,1274,835,2416,Regional Center,North
DC_011,North Regional Center DC_011,2026-05-09,Saturday,Evening,551,378,1123,Regional Center,North
DC_012,South Satellite Depot DC_012,2026-05-09,Saturday,Morning,702,445,1317,Satellite Depot,South
DC_012,South Satellite Depot DC_012,2026-05-09,Saturday,Afternoon,961,650,1857,Satellite Depot,South
DC_012,South Satellite Depot DC_012,2026-05-09,Saturday,Evening,622,356,1116,Satellite Depot,South
DC_013,East Urban Hub DC_013,2026-05-09,Saturday,Morning,489,271,904,Urban Hub,East
DC_013,East Urban Hub DC_013,2026-05-09,Saturday,Afternoon,583,336,1045,Urban Hub,East
DC_013,East Urban Hub DC_013,2026-05-09,Saturday,Evening,514,254,782,Urban Hub,East
DC_014,West Regional Center DC_014,2026-05-09,Saturday,Morning,1043,594,1811,Regional Center,West
DC_014,West Regional Center DC_014,2026-05-09,Saturday,Afternoon,1306,715,2497,Regional Center,West
DC_014,West Regional Center DC_014,2026-05-09,Saturday,Evening,660,465,1400,Regional Center,West
DC_015,Central Satellite Depot DC_015,2026-05-09,Saturday,Morning,2621,354,994,Satellite Depot,Central
DC_015,Central Satellite Depot DC_015,2026-05-09,Saturday,Afternoon,4411,561,1646,Satellite Depot,Central
DC_015,Central Satellite Depot DC_015,2026-05-09,Saturday,Evening,2656,278,915,Satellite Depot,Central
DC_016,North Urban Hub DC_016,2026-05-09,Saturday,Morning,197,137,411,Urban Hub,North
DC_016,North Urban Hub DC_016,2026-05-09,Saturday,Afternoon,352,205,673,Urban Hub,North
DC_016,North Urban Hub DC_016,2026-05-09,Saturday,Evening,228,107,359,Urban Hub,North
DC_017,South Regional Center DC_017,2026-05-09,Saturday,Morning,486,301,984,Regional Center,South
DC_017,South Regional Center DC_017,2026-05-09,Saturday,Afternoon,814,427,1394,Regional Center,South
DC_017,South Regional Center DC_017,2026-05-09,Saturday,Evening,393,264,805,Regional Center,South
DC_018,East Satellite Depot DC_018,2026-05-09,Saturday,Morning,221,137,433,Satellite Depot,East
DC_018,East Satellite Depot DC_018,2026-05-09,Saturday,Afternoon,303,171,582,Satellite Depot,East
DC_018,East Satellite Depot DC_018,2026-05-09,Saturday,Evening,168,107,332,Satellite Depot,East
DC_019,West Urban Hub DC_019,2026-05-09,Saturday,Morning,609,392,1334,Urban Hub,West
DC_019,West Urban Hub DC_019,2026-05-09,Saturday,Afternoon,1040,682,1994,Urban Hub,West
DC_019,West Urban Hub DC_019,2026-05-09,Saturday,Evening,561,328,1086,Urban Hub,West
DC_020,Central Regional Center DC_020,2026-05-09,Saturday,Morning,477,239,800,Regional Center,Central
DC_020,Central Regional Center DC_020,2026-05-09,Saturday,Afternoon,661,327,1124,Regional Center,Central
DC_020,Central Regional Center DC_020,2026-05-09,Saturday,Evening,365,214,702,Regional Center,Central
DC_021,North Satellite Depot DC_021,2026-05-09,Saturday,Morning,1597,214,703,Satellite Depot,North
DC_021,North Satellite Depot DC_021,2026-05-09,Saturday,Afternoon,1917,264,887,Satellite Depot,North
DC_021,North Satellite Depot DC_021,2026-05-09,Saturday,Evening,1517,164,529,Satellite Depot,North
DC_022,South Urban Hub DC_022,2026-05-09,Saturday,Morning,242,143,469,Urban Hub,South
DC_022,South Urban Hub DC_022,2026-05-09,Saturday,Afternoon,410,215,687,Urban Hub,South
DC_022,South Urban Hub DC_022,2026-05-09,Saturday,Evening,201,138,383,Urban Hub,South
DC_023,East Regional Center DC_023,2026-05-09,Saturday,Morning,842,520,1691,Regional Center,East
DC_023,East Regional Center DC_023,2026-05-09,Saturday,Afternoon,1455,781,2425,Regional Center,East
DC_023,East Regional Center DC_023,2026-05-09,Saturday,Evening,769,505,1502,Regional Center,East
DC_024,West Satellite Depot DC_024,2026-05-09,Saturday,Morning,335,229,722,Satellite Depot,West
DC_024,West Satellite Depot DC_024,2026-05-09,Saturday,Afternoon,480,255,919,Satellite Depot,West
DC_024,West Satellite Depot DC_024,2026-05-09,Saturday,Evening,280,173,527,Satellite Depot,West
DC_001,North Urban Hub DC_001,2026-05-10,Sunday,Morning,500,283,957,Urban Hub,North
DC_001,North Urban Hub DC_001,2026-05-10,Sunday,Afternoon,680,467,1435,Urban Hub,North
DC_001,North Urban Hub DC_001,2026-05-10,Sunday,Evening,438,291,770,Urban Hub,North
DC_002,South Regional Center DC_002,2026-05-10,Sunday,Morning,173,121,389,Regional Center,South
DC_002,South Regional Center DC_002,2026-05-10,Sunday,Afternoon,334,198,603,Regional Center,South
DC_002,South Regional Center DC_002,2026-05-10,Sunday,Evening,153,99,342,Regional Center,South
DC_003,East Satellite Depot DC_003,2026-05-10,Sunday,Morning,0,0,0,Satellite Depot,East
DC_003,East Satellite Depot DC_003,2026-05-10,Sunday,Afternoon,0,0,0,Satellite Depot,East
DC_003,East Satellite Depot DC_003,2026-05-10,Sunday,Evening,0,0,0,Satellite Depot,East
DC_004,West Urban Hub DC_004,2026-05-10,Sunday,Morning,759,507,1386,Urban Hub,West
DC_004,West Urban Hub DC_004,2026-05-10,Sunday,Afternoon,1134,735,2064,Urban Hub,West
DC_004,West Urban Hub DC_004,2026-05-10,Sunday,Evening,613,379,1116,Urban Hub,West
DC_005,Central Regional Center DC_005,2026-05-10,Sunday,Morning,148,87,226,Regional Center,Central
DC_005,Central Regional Center DC_005,2026-05-10,Sunday,Afternoon,167,99,316,Regional Center,Central
DC_005,Central Regional Center DC_005,2026-05-10,Sunday,Evening,98,54,168,Regional Center,Central
DC_006,North Satellite Depot DC_006,2026-05-10,Sunday,Morning,0,0,0,Satellite Depot,North
DC_006,North Satellite Depot DC_006,2026-05-10,Sunday,Afternoon,0,0,0,Satellite Depot,North
DC_006,North Satellite Depot DC_006,2026-05-10,Sunday,Evening,0,0,0,Satellite Depot,North
DC_007,South Urban Hub DC_007,2026-05-10,Sunday,Morning,443,269,885,Urban Hub,South
DC_007,South Urban Hub DC_007,2026-05-10,Sunday,Afternoon,679,416,1300,Urban Hub,South
DC_007,South Urban Hub DC_007,2026-05-10,Sunday,Evening,347,187,673,Urban Hub,South
DC_008,East Regional Center DC_008,2026-05-10,Sunday,Morning,1671,201,667,Regional Center,East
DC_008,East Regional Center DC_008,2026-05-10,Sunday,Afternoon,2246,254,848,Regional Center,East
DC_008,East Regional Center DC_008,2026-05-10,Sunday,Evening,1580,190,567,Regional Center,East
DC_009,West Satellite Depot DC_009,2026-05-10,Sunday,Morning,0,0,0,Satellite Depot,West
DC_009,West Satellite Depot DC_009,2026-05-10,Sunday,Afternoon,0,0,0,Satellite Depot,West
DC_009,West Satellite Depot DC_009,2026-05-10,Sunday,Evening,0,0,0,Satellite Depot,West
DC_010,Central Urban Hub DC_010,2026-05-10,Sunday,Morning,99,122,347,Urban Hub,Central
DC_010,Central Urban Hub DC_010,2026-05-10,Sunday,Afternoon,139,153,469,Urban Hub,Central
DC_010,Central Urban Hub DC_010,2026-05-10,Sunday,Evening,76,77,259,Urban Hub,Central
DC_011,North Regional Center DC_011,2026-05-10,Sunday,Morning,667,457,1279,Regional Center,North
DC_011,North Regional Center DC_011,2026-05-10,Sunday,Afternoon,971,594,1847,Regional Center,North
DC_011,North Regional Center DC_011,2026-05-10,Sunday,Evening,583,360,1020,Regional Center,North
DC_012,South Satellite Depot DC_012,2026-05-10,Sunday,Morning,0,0,0,Satellite Depot,South
DC_012,South Satellite Depot DC_012,2026-05-10,Sunday,Afternoon,0,0,0,Satellite Depot,South
DC_012,South Satellite Depot DC_012,2026-05-10,Sunday,Evening,0,0,0,Satellite Depot,South
DC_013,East Urban Hub DC_013,2026-05-10,Sunday,Morning,360,223,784,Urban Hub,East
DC_013,East Urban Hub DC_013,2026-05-10,Sunday,Afternoon,519,352,1003,Urban Hub,East
DC_013,East Urban Hub DC_013,2026-05-10,Sunday,Evening,317,173,589,Urban Hub,East
DC_014,West Regional Center DC_014,2026-05-10,Sunday,Morning,934,498,1633,Regional Center,West
DC_014,West Regional Center DC_014,2026-05-10,Sunday,Afternoon,1101,663,1918,Regional Center,West
DC_014,West Regional Center DC_014,2026-05-10,Sunday,Evening,709,426,1307,Regional Center,West
DC_015,Central Satellite Depot DC_015,2026-05-10,Sunday,Morning,0,0,0,Satellite Depot,Central
DC_015,Central Satellite Depot DC_015,2026-05-10,Sunday,Afternoon,0,0,0,Satellite Depot,Central
DC_015,Central Satellite Depot DC_015,2026-05-10,Sunday,Evening,0,0,0,Satellite Depot,Central
DC_016,North Urban Hub DC_016,2026-05-10,Sunday,Morning,267,154,475,Urban Hub,North
DC_016,North Urban Hub DC_016,2026-05-10,Sunday,Afternoon,436,206,731,Urban Hub,North
DC_016,North Urban Hub DC_016,2026-05-10,Sunday,Evening,183,116,332,Urban Hub,North
DC_017,South Regional Center DC_017,2026-05-10,Sunday,Morning,626,376,1118,Regional Center,South
DC_017,South Regional Center DC_017,2026-05-10,Sunday,Afternoon,731,459,1385,Regional Center,South
DC_017,South Regional Center DC_017,2026-05-10,Sunday,Evening,634,252,785,Regional Center,South
DC_018,East Satellite Depot DC_018,2026-05-10,Sunday,Morning,0,0,0,Satellite Depot,East
DC_018,East Satellite Depot DC_018,2026-05-10,Sunday,Afternoon,0,0,0,Satellite Depot,East
DC_018,East Satellite Depot DC_018,2026-05-10,Sunday,Evening,0,0,0,Satellite Depot,East
DC_019,West Urban Hub DC_019,2026-05-10,Sunday,Morning,825,522,1464,Urban Hub,West
DC_019,West Urban Hub DC_019,2026-05-10,Sunday,Afternoon,956,648,2039,Urban Hub,West
DC_019,West Urban Hub DC_019,2026-05-10,Sunday,Evening,739,383,1287,Urban Hub,West
DC_020,Central Regional Center DC_020,2026-05-10,Sunday,Morning,358,218,687,Regional Center,Central
DC_020,Central Regional Center DC_020,2026-05-10,Sunday,Afternoon,595,393,1145,Regional Center,Central
DC_020,Central Regional Center DC_020,2026-05-10,Sunday,Evening,295,219,647,Regional Center,Central
DC_021,North Satellite Depot DC_021,2026-05-10,Sunday,Morning,0,0,0,Satellite Depot,North
DC_021,North Satellite Depot DC_021,2026-05-10,Sunday,Afternoon,0,0,0,Satellite Depot,North
DC_021,North Satellite Depot DC_021,2026-05-10,Sunday,Evening,0,0,0,Satellite Depot,North
DC_022,South Urban Hub DC_022,2026-05-10,Sunday,Morning,263,141,490,Urban Hub,South
DC_022,South Urban Hub DC_022,2026-05-10,Sunday,Afternoon,455,269,753,Urban Hub,South
DC_022,South Urban Hub DC_022,2026-05-10,Sunday,Evening,252,156,422,Urban Hub,South
DC_023,East Regional Center DC_023,2026-05-10,Sunday,Morning,870,579,1742,Regional Center,East
DC_023,East Regional Center DC_023,2026-05-10,Sunday,Afternoon,1330,783,2545,Regional Center,East
DC_023,East Regional Center DC_023,2026-05-10,Sunday,Evening,1031,476,1448,Regional Center,East
DC_024,West Satellite Depot DC_024,2026-05-10,Sunday,Morning,0,0,0,Satellite Depot,West
DC_024,West Satellite Depot DC_024,2026-05-10,Sunday,Afternoon,0,0,0,Satellite Depot,West
DC_024,West Satellite Depot DC_024,2026-05-10,Sunday,Evening,0,0,0,Satellite Depot,West
DC_001,North Urban Hub DC_001,2026-05-11,Monday,Morning,536,326,995,Urban Hub,North
DC_001,North Urban Hub DC_001,2026-05-11,Monday,Afternoon,581,383,1057,Urban Hub,North
DC_001,North Urban Hub DC_001,2026-05-11,Monday,Evening,406,236,774,Urban Hub,North
DC_002,South Regional Center DC_002,2026-05-11,Monday,Morning,167,85,313,Regional Center,South
DC_002,South Regional Center DC_002,2026-05-11,Monday,Afternoon,262,145,430,Regional Center,South
DC_002,South Regional Center DC_002,2026-05-11,Monday,Evening,114,79,227,Regional Center,South
DC_003,East Satellite Depot DC_003,2026-05-11,Monday,Morning,216,221,659,Satellite Depot,East
DC_003,East Satellite Depot DC_003,2026-05-11,Monday,Afternoon,328,318,1080,Satellite Depot,East
DC_003,East Satellite Depot DC_003,2026-05-11,Monday,Evening,158,198,547,Satellite Depot,East
DC_004,West Urban Hub DC_004,2026-05-11,Monday,Morning,546,292,906,Urban Hub,West
DC_004,West Urban Hub DC_004,2026-05-11,Monday,Afternoon,947,562,1675,Urban Hub,West
DC_004,West Urban Hub DC_004,2026-05-11,Monday,Evening,421,280,834,Urban Hub,West
DC_005,Central Regional Center DC_005,2026-05-11,Monday,Morning,91,50,149,Regional Center,Central
DC_005,Central Regional Center DC_005,2026-05-11,Monday,Afternoon,135,88,255,Regional Center,Central
DC_005,Central Regional Center DC_005,2026-05-11,Monday,Evening,80,41,142,Regional Center,Central
DC_006,North Satellite Depot DC_006,2026-05-11,Monday,Morning,917,131,357,Satellite Depot,North
DC_006,North Satellite Depot DC_006,2026-05-11,Monday,Afternoon,1418,189,570,Satellite Depot,North
DC_006,North Satellite Depot DC_006,2026-05-11,Monday,Evening,696,84,288,Satellite Depot,North
DC_007,South Urban Hub DC_007,2026-05-11,Monday,Morning,398,275,771,Urban Hub,South
DC_007,South Urban Hub DC_007,2026-05-11,Monday,Afternoon,686,406,1286,Urban Hub,South
DC_007,South Urban Hub DC_007,2026-05-11,Monday,Evening,366,232,670,Urban Hub,South
DC_008,East Regional Center DC_008,2026-05-11,Monday,Morning,1522,228,675,Regional Center,East
DC_008,East Regional Center DC_008,2026-05-11,Monday,Afternoon,2462,320,994,Regional Center,East
DC_008,East Regional Center DC_008,2026-05-11,Monday,Evening,1371,160,464,Regional Center,East
DC_009,West Satellite Depot DC_009,2026-05-11,Monday,Morning,212,142,453,Satellite Depot,West
DC_009,West Satellite Depot DC_009,2026-05-11,Monday,Afternoon,553,310,818,Satellite Depot,West
DC_009,West Satellite Depot DC_009,2026-05-11,Monday,Evening,204,156,456,Satellite Depot,West
DC_010,Central Urban Hub DC_010,2026-05-11,Monday,Morning,86,82,254,Urban Hub,Central
DC_010,Central Urban Hub DC_010,2026-05-11,Monday,Afternoon,131,134,393,Urban Hub,Central
DC_010,Central Urban Hub DC_010,2026-05-11,Monday,Evening,71,66,221,Urban Hub,Central
DC_011,North Regional Center DC_011,2026-05-11,Monday,Morning,434,292,926,Regional Center,North
DC_011,North Regional Center DC_011,2026-05-11,Monday,Afternoon,799,511,1520,Regional Center,North
DC_011,North Regional Center DC_011,2026-05-11,Monday,Evening,454,244,816,Regional Center,North
DC_012,South Satellite Depot DC_012,2026-05-11,Monday,Morning,561,336,902,Satellite Depot,South
DC_012,South Satellite Depot DC_012,2026-05-11,Monday,Afternoon,595,421,1185,Satellite Depot,South
DC_012,South Satellite Depot DC_012,2026-05-11,Monday,Evening,411,254,782,Satellite Depot,South
DC_013,East Urban Hub DC_013,2026-05-11,Monday,Morning,313,247,597,Urban Hub,East
DC_013,East Urban Hub DC_013,2026-05-11,Monday,Afternoon,431,240,843,Urban Hub,East
DC_013,East Urban Hub DC_013,2026-05-11,Monday,Evening,335,181,546,Urban Hub,East
DC_014,West Regional Center DC_014,2026-05-11,Monday,Morning,467,300,1006,Regional Center,West
DC_014,West Regional Center DC_014,2026-05-11,Monday,Afternoon,929,515,1774,Regional Center,West
DC_014,West Regional Center DC_014,2026-05-11,Monday,Evening,503,327,1052,Regional Center,West
DC_015,Central Satellite Depot DC_015,2026-05-11,Monday,Morning,1750,220,728,Satellite Depot,Central
DC_015,Central Satellite Depot DC_015,2026-05-11,Monday,Afternoon,2956,327,1107,Satellite Depot,Central
DC_015,Central Satellite Depot DC_015,2026-05-11,Monday,Evening,1969,233,707,Satellite Depot,Central
DC_016,North Urban Hub DC_016,2026-05-11,Monday,Morning,224,148,440,Urban Hub,North
DC_016,North Urban Hub DC_016,2026-05-11,Monday,Afternoon,378,229,739,Urban Hub,North
DC_016,North Urban Hub DC_016,2026-05-11,Monday,Evening,227,132,407,Urban Hub,North
DC_017,South Regional Center DC_017,2026-05-11,Monday,Morning,342,232,632,Regional Center,South
DC_017,South Regional Center DC_017,2026-05-11,Monday,Afternoon,571,369,1117,Regional Center,South
DC_017,South Regional Center DC_017,2026-05-11,Monday,Evening,288,206,581,Regional Center,South
DC_018,East Satellite Depot DC_018,2026-05-11,Monday,Morning,203,154,408,Satellite Depot,East
DC_018,East Satellite Depot DC_018,2026-05-11,Monday,Afternoon,404,207,635,Satellite Depot,East
DC_018,East Satellite Depot DC_018,2026-05-11,Monday,Evening,142,108,303,Satellite Depot,East
DC_019,West Urban Hub DC_019,2026-05-11,Monday,Morning,605,384,1151,Urban Hub,West
DC_019,West Urban Hub DC_019,2026-05-11,Monday,Afternoon,886,672,1749,Urban Hub,West
DC_019,West Urban Hub DC_019,2026-05-11,Monday,Evening,571,307,1013,Urban Hub,West
DC_020,Central Regional Center DC_020,2026-05-11,Monday,Morning,284,193,591,Regional Center,Central
DC_020,Central Regional Center DC_020,2026-05-11,Monday,Afternoon,332,187,647,Regional Center,Central
DC_020,Central Regional Center DC_020,2026-05-11,Monday,Evening,250,175,490,Regional Center,Central
DC_021,North Satellite Depot DC_021,2026-05-11,Monday,Morning,1383,232,636,Satellite Depot,North
DC_021,North Satellite Depot DC_021,2026-05-11,Monday,Afternoon,2140,302,905,Satellite Depot,North
DC_021,North Satellite Depot DC_021,2026-05-11,Monday,Evening,1127,156,501,Satellite Depot,North
DC_022,South Urban Hub DC_022,2026-05-11,Monday,Morning,279,129,466,Urban Hub,South
DC_022,South Urban Hub DC_022,2026-05-11,Monday,Afternoon,338,217,720,Urban Hub,South
DC_022,South Urban Hub DC_022,2026-05-11,Monday,Evening,215,111,384,Urban Hub,South
DC_023,East Regional Center DC_023,2026-05-11,Monday,Morning,889,422,1367,Regional Center,East
DC_023,East Regional Center DC_023,2026-05-11,Monday,Afternoon,1075,574,1818,Regional Center,East
DC_023,East Regional Center DC_023,2026-05-11,Monday,Evening,507,314,910,Regional Center,East
DC_024,West Satellite Depot DC_024,2026-05-11,Monday,Morning,257,169,480,Satellite Depot,West
DC_024,West Satellite Depot DC_024,2026-05-11,Monday,Afternoon,429,238,844,Satellite Depot,West
DC_024,West Satellite Depot DC_024,2026-05-11,Monday,Evening,231,116,411,Satellite Depot,West
DC_001,North Urban Hub DC_001,2026-05-12,Tuesday,Morning,348,196,643,Urban Hub,North
DC_001,North Urban Hub DC_001,2026-05-12,Tuesday,Afternoon,454,281,911,Urban Hub,North
DC_001,North Urban Hub DC_001,2026-05-12,Tuesday,Evening,303,181,619,Urban Hub,North
DC_002,South Regional Center DC_002,2026-05-12,Tuesday,Morning,186,88,320,Regional Center,South
DC_002,South Regional Center DC_002,2026-05-12,Tuesday,Afternoon,262,131,425,Regional Center,South
DC_002,South Regional Center DC_002,2026-05-12,Tuesday,Evening,159,91,304,Regional Center,South
DC_003,East Satellite Depot DC_003,2026-05-12,Tuesday,Morning,221,248,652,Satellite Depot,East
DC_003,East Satellite Depot DC_003,2026-05-12,Tuesday,Afternoon,469,445,1236,Satellite Depot,East
DC_003,East Satellite Depot DC_003,2026-05-12,Tuesday,Evening,197,220,673,Satellite Depot,East
DC_004,West Urban Hub DC_004,2026-05-12,Tuesday,Morning,619,401,1223,Urban Hub,West
DC_004,West Urban Hub DC_004,2026-05-12,Tuesday,Afternoon,808,492,1601,Urban Hub,West
DC_004,West Urban Hub DC_004,2026-05-12,Tuesday,Evening,540,372,1044,Urban Hub,West
DC_005,Central Regional Center DC_005,2026-05-12,Tuesday,Morning,100,63,188,Regional Center,Central
DC_005,Central Regional Center DC_005,2026-05-12,Tuesday,Afternoon,149,79,261,Regional Center,Central
DC_005,Central Regional Center DC_005,2026-05-12,Tuesday,Evening,78,44,132,Regional Center,Central
DC_006,North Satellite Depot DC_006,2026-05-12,Tuesday,Morning,627,100,268,Satellite Depot,North
DC_006,North Satellite Depot DC_006,2026-05-12,Tuesday,Afternoon,900,140,394,Satellite Depot,North
DC_006,North Satellite Depot DC_006,2026-05-12,Tuesday,Evening,410,47,158,Satellite Depot,North
DC_007,South Urban Hub DC_007,2026-05-12,Tuesday,Morning,394,191,677,Urban Hub,South
DC_007,South Urban Hub DC_007,2026-05-12,Tuesday,Afternoon,409,247,741,Urban Hub,South
DC_007,South Urban Hub DC_007,2026-05-12,Tuesday,Evening,259,164,547,Urban Hub,South
DC_008,East Regional Center DC_008,2026-05-12,Tuesday,Morning,1295,169,544,Regional Center,East
DC_008,East Regional Center DC_008,2026-05-12,Tuesday,Afternoon,2556,236,792,Regional Center,East
DC_008,East Regional Center DC_008,2026-05-12,Tuesday,Evening,1476,164,501,Regional Center,East
DC_009,West Satellite Depot DC_009,2026-05-12,Tuesday,Morning,347,238,646,Satellite Depot,West
DC_009,West Satellite Depot DC_009,2026-05-12,Tuesday,Afternoon,526,359,1084,Satellite Depot,West
DC_009,West Satellite Depot DC_009,2026-05-12,Tuesday,Evening,263,181,511,Satellite Depot,West
DC_010,Central Urban Hub DC_010,2026-05-12,Tuesday,Morning,104,91,281,Urban Hub,Central
DC_010,Central Urban Hub DC_010,2026-05-12,Tuesday,Afternoon,134,105,370,Urban Hub,Central
DC_010,Central Urban Hub DC_010,2026-05-12,Tuesday,Evening,72,88,228,Urban Hub,Central
DC_011,North Regional Center DC_011,2026-05-12,Tuesday,Morning,545,340,1070,Regional Center,North
DC_011,North Regional Center DC_011,2026-05-12,Tuesday,Afternoon,728,437,1395,Regional Center,North
DC_011,North Regional Center DC_011,2026-05-12,Tuesday,Evening,587,407,1033,Regional Center,North
DC_012,South Satellite Depot DC_012,2026-05-12,Tuesday,Morning,577,295,968,Satellite Depot,South
DC_012,South Satellite Depot DC_012,2026-05-12,Tuesday,Afternoon,687,357,1235,Satellite Depot,South
DC_012,South Satellite Depot DC_012,2026-05-12,Tuesday,Evening,430,326,877,Satellite Depot,South
DC_013,East Urban Hub DC_013,2026-05-12,Tuesday,Morning,270,185,578,Urban Hub,East
DC_013,East Urban Hub DC_013,2026-05-12,Tuesday,Afternoon,598,321,1002,Urban Hub,East
DC_013,East Urban Hub DC_013,2026-05-12,Tuesday,Evening,239,133,501,Urban Hub,East
DC_014,West Regional Center DC_014,2026-05-12,Tuesday,Morning,778,556,1371,Regional Center,West
DC_014,West Regional Center DC_014,2026-05-12,Tuesday,Afternoon,793,603,1714,Regional Center,West
DC_014,West Regional Center DC_014,2026-05-12,Tuesday,Evening,534,308,1068,Regional Center,West
DC_015,Central Satellite Depot DC_015,2026-05-12,Tuesday,Morning,2273,271,846,Satellite Depot,Central
DC_015,Central Satellite Depot DC_015,2026-05-12,Tuesday,Afternoon,3347,382,1225,Satellite Depot,Central
DC_015,Central Satellite Depot DC_015,2026-05-12,Tuesday,Evening,1556,227,727,Satellite Depot,Central
DC_016,North Urban Hub DC_016,2026-05-12,Tuesday,Morning,205,107,345,Urban Hub,North
DC_016,North Urban Hub DC_016,2026-05-12,Tuesday,Afternoon,229,137,447,Urban Hub,North
DC_016,North Urban Hub DC_016,2026-05-12,Tuesday,Evening,114,77,265,Urban Hub,North
DC_017,South Regional Center DC_017,2026-05-12,Tuesday,Morning,437,249,882,Regional Center,South
DC_017,South Regional Center DC_017,2026-05-12,Tuesday,Afternoon,503,375,1071,Regional Center,South
DC_017,South Regional Center DC_017,2026-05-12,Tuesday,Evening,324,188,642,Regional Center,South
DC_018,East Satellite Depot DC_018,2026-05-12,Tuesday,Morning,151,86,269,Satellite Depot,East
DC_018,East Satellite Depot DC_018,2026-05-12,Tuesday,Afternoon,215,111,438,Satellite Depot,East
DC_018,East Satellite Depot DC_018,2026-05-12,Tuesday,Evening,146,92,255,Satellite Depot,East
DC_019,West Urban Hub DC_019,2026-05-12,Tuesday,Morning,558,296,953,Urban Hub,West
DC_019,West Urban Hub DC_019,2026-05-12,Tuesday,Afternoon,848,423,1521,Urban Hub,West
DC_019,West Urban Hub DC_019,2026-05-12,Tuesday,Evening,413,235,768,Urban Hub,West
DC_020,Central Regional Center DC_020,2026-05-12,Tuesday,Morning,312,205,658,Regional Center,Central
DC_020,Central Regional Center DC_020,2026-05-12,Tuesday,Afternoon,568,300,999,Regional Center,Central
DC_020,Central Regional Center DC_020,2026-05-12,Tuesday,Evening,255,205,549,Regional Center,Central
DC_021,North Satellite Depot DC_021,2026-05-12,Tuesday,Morning,1087,187,455,Satellite Depot,North
DC_021,North Satellite Depot DC_021,2026-05-12,Tuesday,Afternoon,1789,259,764,Satellite Depot,North
DC_021,North Satellite Depot DC_021,2026-05-12,Tuesday,Evening,1136,133,395,Satellite Depot,North
DC_022,South Urban Hub DC_022,2026-05-12,Tuesday,Morning,194,117,341,Urban Hub,South
DC_022,South Urban Hub DC_022,2026-05-12,Tuesday,Afternoon,285,146,521,Urban Hub,South
DC_022,South Urban Hub DC_022,2026-05-12,Tuesday,Evening,148,97,287,Urban Hub,South
DC_023,East Regional Center DC_023,2026-05-12,Tuesday,Morning,853,494,1338,Regional Center,East
DC_023,East Regional Center DC_023,2026-05-12,Tuesday,Afternoon,996,565,1904,Regional Center,East
DC_023,East Regional Center DC_023,2026-05-12,Tuesday,Evening,564,364,1003,Regional Center,East
DC_024,West Satellite Depot DC_024,2026-05-12,Tuesday,Morning,271,188,562,Satellite Depot,West
DC_024,West Satellite Depot DC_024,2026-05-12,Tuesday,Afternoon,400,267,858,Satellite Depot,West
DC_024,West Satellite Depot DC_024,2026-05-12,Tuesday,Evening,235,155,449,Satellite Depot,West
DC_001,North Urban Hub DC_001,2026-05-13,Wednesday,Morning,405,290,800,Urban Hub,North
DC_001,North Urban Hub DC_001,2026-05-13,Wednesday,Afternoon,633,364,1177,Urban Hub,North
DC_001,North Urban Hub DC_001,2026-05-13,Wednesday,Evening,350,227,688,Urban Hub,North
DC_002,South Regional Center DC_002,2026-05-13,Wednesday,Morning,218,135,375,Regional Center,South
DC_002,South Regional Center DC_002,2026-05-13,Wednesday,Afternoon,209,134,389,Regional Center,South
DC_002,South Regional Center DC_002,2026-05-13,Wednesday,Evening,197,102,300,Regional Center,South
DC_003,East Satellite Depot DC_003,2026-05-13,Wednesday,Morning,311,271,868,Satellite Depot,East
DC_003,East Satellite Depot DC_003,2026-05-13,Wednesday,Afternoon,388,369,1199,Satellite Depot,East
DC_003,East Satellite Depot DC_003,2026-05-13,Wednesday,Evening,240,259,751,Satellite Depot,East
DC_004,West Urban Hub DC_004,2026-05-13,Wednesday,Morning,610,428,1216,Urban Hub,West
DC_004,West Urban Hub DC_004,2026-05-13,Wednesday,Afternoon,1032,607,1867,Urban Hub,West
DC_004,West Urban Hub DC_004,2026-05-13,Wednesday,Evening,627,299,967,Urban Hub,West
DC_005,Central Regional Center DC_005,2026-05-13,Wednesday,Morning,134,65,208,Regional Center,Central
DC_005,Central Regional Center DC_005,2026-05-13,Wednesday,Afternoon,158,105,314,Regional Center,Central
DC_005,Central Regional Center DC_005,2026-05-13,Wednesday,Evening,78,47,149,Regional Center,Central
DC_006,North Satellite Depot DC_006,2026-05-13,Wednesday,Morning,720,97,274,Satellite Depot,North
DC_006,North Satellite Depot DC_006,2026-05-13,Wednesday,Afternoon,1042,134,422,Satellite Depot,North
DC_006,North Satellite Depot DC_006,2026-05-13,Wednesday,Evening,508,78,229,Satellite Depot,North
DC_007,South Urban Hub DC_007,2026-05-13,Wednesday,Morning,436,225,760,Urban Hub,South
DC_007,South Urban Hub DC_007,2026-05-13,Wednesday,Afternoon,623,323,1136,Urban Hub,South
DC_007,South Urban Hub DC_007,2026-05-13,Wednesday,Evening,347,198,596,Urban Hub,South
DC_008,East Regional Center DC_008,2026-05-13,Wednesday,Morning,1163,173,491,Regional Center,East
DC_008,East Regional Center DC_008,2026-05-13,Wednesday,Afternoon,1690,225,668,Regional Center,East
DC_008,East Regional Center DC_008,2026-05-13,Wednesday,Evening,1125,145,446,Regional Center,East
DC_009,West Satellite Depot DC_009,2026-05-13,Wednesday,Morning,410,221,742,Satellite Depot,West
DC_009,West Satellite Depot DC_009,2026-05-13,Wednesday,Afternoon,490,262,881,Satellite Depot,West
DC_009,West Satellite Depot DC_009,2026-05-13,Wednesday,Evening,366,221,636,Satellite Depot,West
DC_010,Central Urban Hub DC_010,2026-05-13,Wednesday,Morning,106,102,309,Urban Hub,Central
DC_010,Central Urban Hub DC_010,2026-05-13,Wednesday,Afternoon,161,181,473,Urban Hub,Central
DC_010,Central Urban Hub DC_010,2026-05-13,Wednesday,Evening,71,84,220,Urban Hub,Central
DC_011,North Regional Center DC_011,2026-05-13,Wednesday,Morning,729,337,1185,Regional Center,North
DC_011,North Regional Center DC_011,2026-05-13,Wednesday,Afternoon,1266,675,2135,Regional Center,North
DC_011,North Regional Center DC_011,2026-05-13,Wednesday,Evening,512,263,933,Regional Center,North
DC_012,South Satellite Depot DC_012,2026-05-13,Wednesday,Morning,599,382,1093,Satellite Depot,South
DC_012,South Satellite Depot DC_012,2026-05-13,Wednesday,Afternoon,1447,622,1860,Satellite Depot,South
DC_012,South Satellite Depot DC_012,2026-05-13,Wednesday,Evening,536,284,943,Satellite Depot,South
DC_013,East Urban Hub DC_013,2026-05-13,Wednesday,Morning,483,216,784,Urban Hub,East
DC_013,East Urban Hub DC_013,2026-05-13,Wednesday,Afternoon,450,303,951,Urban Hub,East
DC_013,East Urban Hub DC_013,2026-05-13,Wednesday,Evening,317,185,572,Urban Hub,East
DC_014,West Regional Center DC_014,2026-05-13,Wednesday,Morning,847,477,1449,Regional Center,West
DC_014,West Regional Center DC_014,2026-05-13,Wednesday,Afternoon,1210,693,2006,Regional Center,West
DC_014,West Regional Center DC_014,2026-05-13,Wednesday,Evening,598,336,1079,Regional Center,West
DC_015,Central Satellite Depot DC_015,2026-05-13,Wednesday,Morning,2031,368,937,Satellite Depot,Central
DC_015,Central Satellite Depot DC_015,2026-05-13,Wednesday,Afternoon,3726,437,1445,Satellite Depot,Central
DC_015,Central Satellite Depot DC_015,2026-05-13,Wednesday,Evening,2145,260,818,Satellite Depot,Central
DC_016,North Urban Hub DC_016,2026-05-13,Wednesday,Morning,172,130,341,Urban Hub,North
DC_016,North Urban Hub DC_016,2026-05-13,Wednesday,Afternoon,309,194,578,Urban Hub,North
DC_016,North Urban Hub DC_016,2026-05-13,Wednesday,Evening,160,87,297,Urban Hub,North
DC_017,South Regional Center DC_017,2026-05-13,Wednesday,Morning,522,370,1096,Regional Center,South
DC_017,South Regional Center DC_017,2026-05-13,Wednesday,Afternoon,685,478,1372,Regional Center,South
DC_017,South Regional Center DC_017,2026-05-13,Wednesday,Evening,349,198,652,Regional Center,South
DC_018,East Satellite Depot DC_018,2026-05-13,Wednesday,Morning,170,91,296,Satellite Depot,East
DC_018,East Satellite Depot DC_018,2026-05-13,Wednesday,Afternoon,240,186,512,Satellite Depot,East
DC_018,East Satellite Depot DC_018,2026-05-13,Wednesday,Evening,211,130,337,Satellite Depot,East
DC_019,West Urban Hub DC_019,2026-05-13,Wednesday,Morning,668,362,1118,Urban Hub,West
DC_019,West Urban Hub DC_019,2026-05-13,Wednesday,Afternoon,909,580,1675,Urban Hub,West
DC_019,West Urban Hub DC_019,2026-05-13,Wednesday,Evening,532,287,968,Urban Hub,West
DC_020,Central Regional Center DC_020,2026-05-13,Wednesday,Morning,384,244,654,Regional Center,Central
DC_020,Central Regional Center DC_020,2026-05-13,Wednesday,Afternoon,595,355,981,Regional Center,Central
DC_020,Central Regional Center DC_020,2026-05-13,Wednesday,Evening,370,167,576,Regional Center,Central
DC_021,North Satellite Depot DC_021,2026-05-13,Wednesday,Morning,1477,201,570,Satellite Depot,North
DC_021,North Satellite Depot DC_021,2026-05-13,Wednesday,Afternoon,2312,306,896,Satellite Depot,North
DC_021,North Satellite Depot DC_021,2026-05-13,Wednesday,Evening,1469,177,476,Satellite Depot,North
DC_022,South Urban Hub DC_022,2026-05-13,Wednesday,Morning,191,120,371,Urban Hub,South
DC_022,South Urban Hub DC_022,2026-05-13,Wednesday,Afternoon,387,204,663,Urban Hub,South
DC_022,South Urban Hub DC_022,2026-05-13,Wednesday,Evening,197,105,337,Urban Hub,South
DC_023,East Regional Center DC_023,2026-05-13,Wednesday,Morning,855,485,1509,Regional Center,East
DC_023,East Regional Center DC_023,2026-05-13,Wednesday,Afternoon,1216,751,2251,Regional Center,East
DC_023,East Regional Center DC_023,2026-05-13,Wednesday,Evening,598,390,1132,Regional Center,East
DC_024,West Satellite Depot DC_024,2026-05-13,Wednesday,Morning,310,173,569,Satellite Depot,West
DC_024,West Satellite Depot DC_024,2026-05-13,Wednesday,Afternoon,529,319,943,Satellite Depot,West
DC_024,West Satellite Depot DC_024,2026-05-13,Wednesday,Evening,376,164,543,Satellite Depot,West
DC_001,North Urban Hub DC_001,2026-05-14,Thursday,Morning,438,239,710,Urban Hub,North
DC_001,North Urban Hub DC_001,2026-05-14,Thursday,Afternoon,673,449,1470,Urban Hub,North
DC_001,North Urban Hub DC_001,2026-05-14,Thursday,Evening,465,228,716,Urban Hub,North
DC_002,South Regional Center DC_002,2026-05-14,Thursday,Morning,202,112,350,Regional Center,South
DC_002,South Regional Center DC_002,2026-05-14,Thursday,Afternoon,259,202,528,Regional Center,South
DC_002,South Regional Center DC_002,2026-05-14,Thursday,Evening,179,102,307,Regional Center,South
DC_003,East Satellite Depot DC_003,2026-05-14,Thursday,Morning,326,287,901,Satellite Depot,East
DC_003,East Satellite Depot DC_003,2026-05-14,Thursday,Afternoon,447,435,1297,Satellite Depot,East
DC_003,East Satellite Depot DC_003,2026-05-14,Thursday,Evening,252,233,723,Satellite Depot,East
DC_004,West Urban Hub DC_004,2026-05-14,Thursday,Morning,734,371,1297,Urban Hub,West
DC_004,West Urban Hub DC_004,2026-05-14,Thursday,Afternoon,1136,655,2056,Urban Hub,West
DC_004,West Urban Hub DC_004,2026-05-14,Thursday,Evening,564,336,1015,Urban Hub,West
DC_005,Central Regional Center DC_005,2026-05-14,Thursday,Morning,94,61,182,Regional Center,Central
DC_005,Central Regional Center DC_005,2026-05-14,Thursday,Afternoon,166,77,295,Regional Center,Central
DC_005,Central Regional Center DC_005,2026-05-14,Thursday,Evening,106,59,160,Regional Center,Central
DC_006,North Satellite Depot DC_006,2026-05-14,Thursday,Morning,712,106,312,Satellite Depot,North
DC_006,North Satellite Depot DC_006,2026-05-14,Thursday,Afternoon,1170,159,486,Satellite Depot,North
DC_006,North Satellite Depot DC_006,2026-05-14,Thursday,Evening,608,72,240,Satellite Depot,North
DC_007,South Urban Hub DC_007,2026-05-14,Thursday,Morning,438,251,768,Urban Hub,South
DC_007,South Urban Hub DC_007,2026-05-14,Thursday,Afternoon,672,390,1294,Urban Hub,South
DC_007,South Urban Hub DC_007,2026-05-14,Thursday,Evening,336,207,647,Urban Hub,South
DC_008,East Regional Center DC_008,2026-05-14,Thursday,Morning,1336,175,554,Regional Center,East
DC_008,East Regional Center DC_008,2026-05-14,Thursday,Afternoon,1821,237,732,Regional Center,East
DC_008,East Regional Center DC_008,2026-05-14,Thursday,Evening,861,155,420,Regional Center,East
DC_009,West Satellite Depot DC_009,2026-05-14,Thursday,Morning,445,245,767,Satellite Depot,West
DC_009,West Satellite Depot DC_009,2026-05-14,Thursday,Afternoon,756,441,1287,Satellite Depot,West
DC_009,West Satellite Depot DC_009,2026-05-14,Thursday,Evening,343,178,592,Satellite Depot,West
DC_010,Central Urban Hub DC_010,2026-05-14,Thursday,Morning,90,107,297,Urban Hub,Central
DC_010,Central Urban Hub DC_010,2026-05-14,Thursday,Afternoon,131,147,397,Urban Hub,Central
DC_010,Central Urban Hub DC_010,2026-05-14,Thursday,Evening,110,102,291,Urban Hub,Central
DC_011,North Regional Center DC_011,2026-05-14,Thursday,Morning,743,484,1317,Regional Center,North
DC_011,North Regional Center DC_011,2026-05-14,Thursday,Afternoon,1311,729,2224,Regional Center,North
DC_011,North Regional Center DC_011,2026-05-14,Thursday,Evening,520,325,1045,Regional Center,North
DC_012,South Satellite Depot DC_012,2026-05-14,Thursday,Morning,612,366,1114,Satellite Depot,South
DC_012,South Satellite Depot DC_012,2026-05-14,Thursday,Afternoon,1139,526,1897,Satellite Depot,South
DC_012,South Satellite Depot DC_012,2026-05-14,Thursday,Evening,498,332,934,Satellite Depot,South
DC_013,East Urban Hub DC_013,2026-05-14,Thursday,Morning,391,236,673,Urban Hub,East
DC_013,East Urban Hub DC_013,2026-05-14,Thursday,Afternoon,641,333,1090,Urban Hub,East
DC_013,East Urban Hub DC_013,2026-05-14,Thursday,Evening,342,196,587,Urban Hub,East
DC_014,West Regional Center DC_014,2026-05-14,Thursday,Morning,843,526,1617,Regional Center,West
DC_014,West Regional Center DC_014,2026-05-14,Thursday,Afternoon,1190,715,1989,Regional Center,West
DC_014,West Regional Center DC_014,2026-05-14,Thursday,Evening,698,478,1378,Regional Center,West
DC_015,Central Satellite Depot DC_015,2026-05-14,Thursday,Morning,2612,324,931,Satellite Depot,Central
DC_015,Central Satellite Depot DC_015,2026-05-14,Thursday,Afternoon,4027,419,1517,Satellite Depot,Central
DC_015,Central Satellite Depot DC_015,2026-05-14,Thursday,Evening,2048,274,894,Satellite Depot,Central
DC_016,North Urban Hub DC_016,2026-05-14,Thursday,Morning,191,126,379,Urban Hub,North
DC_016,North Urban Hub DC_016,2026-05-14,Thursday,Afternoon,340,210,665,Urban Hub,North
DC_016,North Urban Hub DC_016,2026-05-14,Thursday,Evening,150,120,330,Urban Hub,North
DC_017,South Regional Center DC_017,2026-05-14,Thursday,Morning,569,382,1049,Regional Center,South
DC_017,South Regional Center DC_017,2026-05-14,Thursday,Afternoon,817,395,1289,Regional Center,South
DC_017,South Regional Center DC_017,2026-05-14,Thursday,Evening,366,207,699,Regional Center,South
DC_018,East Satellite Depot DC_018,2026-05-14,Thursday,Morning,190,125,348,Satellite Depot,East
DC_018,East Satellite Depot DC_018,2026-05-14,Thursday,Afternoon,228,162,534,Satellite Depot,East
DC_018,East Satellite Depot DC_018,2026-05-14,Thursday,Evening,170,97,300,Satellite Depot,East
DC_019,West Urban Hub DC_019,2026-05-14,Thursday,Morning,680,379,1225,Urban Hub,West
DC_019,West Urban Hub DC_019,2026-05-14,Thursday,Afternoon,986,526,1680,Urban Hub,West
DC_019,West Urban Hub DC_019,2026-05-14,Thursday,Evening,455,296,916,Urban Hub,West
DC_020,Central Regional Center DC_020,2026-05-14,Thursday,Morning,313,222,595,Regional Center,Central
DC_020,Central Regional Center DC_020,2026-05-14,Thursday,Afternoon,602,310,1103,Regional Center,Central
DC_020,Central Regional Center DC_020,2026-05-14,Thursday,Evening,374,243,630,Regional Center,Central
DC_021,North Satellite Depot DC_021,2026-05-14,Thursday,Morning,1671,161,571,Satellite Depot,North
DC_021,North Satellite Depot DC_021,2026-05-14,Thursday,Afternoon,2155,301,911,Satellite Depot,North
DC_021,North Satellite Depot DC_021,2026-05-14,Thursday,Evening,1292,148,499,Satellite Depot,North
DC_022,South Urban Hub DC_022,2026-05-14,Thursday,Morning,267,129,451,Urban Hub,South
DC_022,South Urban Hub DC_022,2026-05-14,Thursday,Afternoon,359,269,645,Urban Hub,South
DC_022,South Urban Hub DC_022,2026-05-14,Thursday,Evening,203,123,385,Urban Hub,South
DC_023,East Regional Center DC_023,2026-05-14,Thursday,Morning,869,513,1542,Regional Center,East
DC_023,East Regional Center DC_023,2026-05-14,Thursday,Afternoon,1242,815,2478,Regional Center,East
DC_023,East Regional Center DC_023,2026-05-14,Thursday,Evening,766,480,1429,Regional Center,East
DC_024,West Satellite Depot DC_024,2026-05-14,Thursday,Morning,405,209,661,Satellite Depot,West
DC_024,West Satellite Depot DC_024,2026-05-14,Thursday,Afternoon,506,330,856,Satellite Depot,West
DC_024,West Satellite Depot DC_024,2026-05-14,Thursday,Evening,246,174,535,Satellite Depot,West
DC_001,North Urban Hub DC_001,2026-05-15,Friday,Morning,400,288,923,Urban Hub,North
DC_001,North Urban Hub DC_001,2026-05-15,Friday,Afternoon,700,399,1236,Urban Hub,North
DC_001,North Urban Hub DC_001,2026-05-15,Friday,Evening,391,207,694,Urban Hub,North
DC_002,South Regional Center DC_002,2026-05-15,Friday,Morning,278,152,439,Regional Center,South
DC_002,South Regional Center DC_002,2026-05-15,Friday,Afternoon,295,173,587,Regional Center,South
DC_002,South Regional Center DC_002,2026-05-15,Friday,Evening,229,137,412,Regional Center,South
DC_003,East Satellite Depot DC_003,2026-05-15,Friday,Morning,353,333,1022,Satellite Depot,East
DC_003,East Satellite Depot DC_003,2026-05-15,Friday,Afternoon,611,451,1414,Satellite Depot,East
DC_003,East Satellite Depot DC_003,2026-05-15,Friday,Evening,230,258,801,Satellite Depot,East
DC_004,West Urban Hub DC_004,2026-05-15,Friday,Morning,723,514,1324,Urban Hub,West
DC_004,West Urban Hub DC_004,2026-05-15,Friday,Afternoon,1000,656,1994,Urban Hub,West
DC_004,West Urban Hub DC_004,2026-05-15,Friday,Evening,866,433,1317,Urban Hub,West
DC_005,Central Regional Center DC_005,2026-05-15,Friday,Morning,105,66,216,Regional Center,Central
DC_005,Central Regional Center DC_005,2026-05-15,Friday,Afternoon,164,118,354,Regional Center,Central
DC_005,Central Regional Center DC_005,2026-05-15,Friday,Evening,123,73,207,Regional Center,Central
DC_006,North Satellite Depot DC_006,2026-05-15,Friday,Morning,989,101,327,Satellite Depot,North
DC_006,North Satellite Depot DC_006,2026-05-15,Friday,Afternoon,1092,151,467,Satellite Depot,North
DC_006,North Satellite Depot DC_006,2026-05-15,Friday,Evening,636,88,258,Satellite Depot,North
DC_007,South Urban Hub DC_007,2026-05-15,Friday,Morning,376,239,738,Urban Hub,South
DC_007,South Urban Hub DC_007,2026-05-15,Friday,Afternoon,609,324,1135,Urban Hub,South
DC_007,South Urban Hub DC_007,2026-05-15,Friday,Evening,351,235,629,Urban Hub,South
DC_008,East Regional Center DC_008,2026-05-15,Friday,Morning,1349,168,556,Regional Center,East
DC_008,East Regional Center DC_008,2026-05-15,Friday,Afternoon,1994,257,844,Regional Center,East
DC_008,East Regional Center DC_008,2026-05-15,Friday,Evening,1193,145,506,Regional Center,East
DC_009,West Satellite Depot DC_009,2026-05-15,Friday,Morning,476,239,779,Satellite Depot,West
DC_009,West Satellite Depot DC_009,2026-05-15,Friday,Afternoon,582,368,1259,Satellite Depot,West
DC_009,West Satellite Depot DC_009,2026-05-15,Friday,Evening,382,241,761,Satellite Depot,West
DC_010,Central Urban Hub DC_010,2026-05-15,Friday,Morning,96,103,306,Urban Hub,Central
DC_010,Central Urban Hub DC_010,2026-05-15,Friday,Afternoon,168,163,524,Urban Hub,Central
DC_010,Central Urban Hub DC_010,2026-05-15,Friday,Evening,84,117,284,Urban Hub,Central
DC_011,North Regional Center DC_011,2026-05-15,Friday,Morning,685,402,1436,Regional Center,North
DC_011,North Regional Center DC_011,2026-05-15,Friday,Afternoon,1028,715,2246,Regional Center,North
DC_011,North Regional Center DC_011,2026-05-15,Friday,Evening,597,380,1179,Regional Center,North
DC_012,South Satellite Depot DC_012,2026-05-15,Friday,Morning,695,440,1241,Satellite Depot,South
DC_012,South Satellite Depot DC_012,2026-05-15,Friday,Afternoon,1100,688,2070,Satellite Depot,South
DC_012,South Satellite Depot DC_012,2026-05-15,Friday,Evening,534,320,1053,Satellite Depot,South
DC_013,East Urban Hub DC_013,2026-05-15,Friday,Morning,461,227,758,Urban Hub,East
DC_013,East Urban Hub DC_013,2026-05-15,Friday,Afternoon,562,318,1113,Urban Hub,East
DC_013,East Urban Hub DC_013,2026-05-15,Friday,Evening,390,239,785,Urban Hub,East
DC_014,West Regional Center DC_014,2026-05-15,Friday,Morning,1348,657,1961,Regional Center,West
DC_014,West Regional Center DC_014,2026-05-15,Friday,Afternoon,1464,780,2661,Regional Center,West
DC_014,West Regional Center DC_014,2026-05-15,Friday,Evening,725,455,1380,Regional Center,West
DC_015,Central Satellite Depot DC_015,2026-05-15,Friday,Morning,2825,327,1037,Satellite Depot,Central
DC_015,Central Satellite Depot DC_015,2026-05-15,Friday,Afternoon,3597,467,1522,Satellite Depot,Central
DC_015,Central Satellite Depot DC_015,2026-05-15,Friday,Evening,2842,367,981,Satellite Depot,Central
DC_016,North Urban Hub DC_016,2026-05-15,Friday,Morning,171,120,412,Urban Hub,North
DC_016,North Urban Hub DC_016,2026-05-15,Friday,Afternoon,302,180,590,Urban Hub,North
DC_016,North Urban Hub DC_016,2026-05-15,Friday,Evening,144,100,306,Urban Hub,North
DC_017,South Regional Center DC_017,2026-05-15,Friday,Morning,535,298,1007,Regional Center,South
DC_017,South Regional Center DC_017,2026-05-15,Friday,Afternoon,912,450,1430,Regional Center,South
DC_017,South Regional Center DC_017,2026-05-15,Friday,Evening,388,208,707,Regional Center,South
DC_018,East Satellite Depot DC_018,2026-05-15,Friday,Morning,195,124,404,Satellite Depot,East
DC_018,East Satellite Depot DC_018,2026-05-15,Friday,Afternoon,390,216,690,Satellite Depot,East
DC_018,East Satellite Depot DC_018,2026-05-15,Friday,Evening,151,101,310,Satellite Depot,East
DC_019,West Urban Hub DC_019,2026-05-15,Friday,Morning,813,420,1449,Urban Hub,West
DC_019,West Urban Hub DC_019,2026-05-15,Friday,Afternoon,1069,619,2002,Urban Hub,West
DC_019,West Urban Hub DC_019,2026-05-15,Friday,Evening,558,356,1084,Urban Hub,West
DC_020,Central Regional Center DC_020,2026-05-15,Friday,Morning,401,272,730,Regional Center,Central
DC_020,Central Regional Center DC_020,2026-05-15,Friday,Afternoon,748,406,1238,Regional Center,Central
DC_020,Central Regional Center DC_020,2026-05-15,Friday,Evening,334,255,678,Regional Center,Central
DC_021,North Satellite Depot DC_021,2026-05-15,Friday,Morning,1565,204,634,Satellite Depot,North
DC_021,North Satellite Depot DC_021,2026-05-15,Friday,Afternoon,2973,410,1060,Satellite Depot,North
DC_021,North Satellite Depot DC_021,2026-05-15,Friday,Evening,1542,213,566,Satellite Depot,North
DC_022,South Urban Hub DC_022,2026-05-15,Friday,Morning,217,164,456,Urban Hub,South
DC_022,South Urban Hub DC_022,2026-05-15,Friday,Afternoon,477,264,823,Urban Hub,South
DC_022,South Urban Hub DC_022,2026-05-15,Friday,Evening,184,113,348,Urban Hub,South
DC_023,East Regional Center DC_023,2026-05-15,Friday,Morning,651,523,1557,Regional Center,East
DC_023,East Regional Center DC_023,2026-05-15,Friday,Afternoon,1239,717,2546,Regional Center,East
DC_023,East Regional Center DC_023,2026-05-15,Friday,Evening,967,509,1606,Regional Center,East
DC_024,West Satellite Depot DC_024,2026-05-15,Friday,Morning,300,228,613,Satellite Depot,West
DC_024,West Satellite Depot DC_024,2026-05-15,Friday,Afternoon,540,316,1014,Satellite Depot,West
DC_024,West Satellite Depot DC_024,2026-05-15,Friday,Evening,273,180,589,Satellite Depot,West
DC_001,North Urban Hub DC_001,2026-05-16,Saturday,Morning,618,290,1024,Urban Hub,North
DC_001,North Urban Hub DC_001,2026-05-16,Saturday,Afternoon,623,379,1366,Urban Hub,North
DC_001,North Urban Hub DC_001,2026-05-16,Saturday,Evening,409,363,844,Urban Hub,North
DC_002,South Regional Center DC_002,2026-05-16,Saturday,Morning,202,126,419,Regional Center,South
DC_002,South Regional Center DC_002,2026-05-16,Saturday,Afternoon,316,234,577,Regional Center,South
DC_002,South Regional Center DC_002,2026-05-16,Saturday,Evening,239,108,367,Regional Center,South
DC_003,East Satellite Depot DC_003,2026-05-16,Saturday,Morning,379,347,1121,Satellite Depot,East
DC_003,East Satellite Depot DC_003,2026-05-16,Saturday,Afternoon,475,536,1507,Satellite Depot,East
DC_003,East Satellite Depot DC_003,2026-05-16,Saturday,Evening,343,338,894,Satellite Depot,East
DC_004,West Urban Hub DC_004,2026-05-16,Saturday,Morning,831,483,1529,Urban Hub,West
DC_004,West Urban Hub DC_004,2026-05-16,Saturday,Afternoon,988,699,2195,Urban Hub,West
DC_004,West Urban Hub DC_004,2026-05-16,Saturday,Evening,684,391,1310,Urban Hub,West
DC_005,Central Regional Center DC_005,2026-05-16,Saturday,Morning,126,75,247,Regional Center,Central
DC_005,Central Regional Center DC_005,2026-05-16,Saturday,Afternoon,194,98,302,Regional Center,Central
DC_005,Central Regional Center DC_005,2026-05-16,Saturday,Evening,97,62,193,Regional Center,Central
DC_006,North Satellite Depot DC_006,2026-05-16,Saturday,Morning,1052,116,358,Satellite Depot,North
DC_006,North Satellite Depot DC_006,2026-05-16,Saturday,Afternoon,1141,174,459,Satellite Depot,North
DC_006,North Satellite Depot DC_006,2026-05-16,Saturday,Evening,883,98,293,Satellite Depot,North
DC_007,South Urban Hub DC_007,2026-05-16,Saturday,Morning,484,346,930,Urban Hub,South
DC_007,South Urban Hub DC_007,2026-05-16,Saturday,Afternoon,767,460,1231,Urban Hub,South
DC_007,South Urban Hub DC_007,2026-05-16,Saturday,Evening,368,227,730,Urban Hub,South
DC_008,East Regional Center DC_008,2026-05-16,Saturday,Morning,1587,203,614,Regional Center,East
DC_008,East Regional Center DC_008,2026-05-16,Saturday,Afternoon,2166,290,804,Regional Center,East
DC_008,East Regional Center DC_008,2026-05-16,Saturday,Evening,1165,148,455,Regional Center,East
DC_009,West Satellite Depot DC_009,2026-05-16,Saturday,Morning,631,336,1032,Satellite Depot,West
DC_009,West Satellite Depot DC_009,2026-05-16,Saturday,Afternoon,609,365,1101,Satellite Depot,West
DC_009,West Satellite Depot DC_009,2026-05-16,Saturday,Evening,410,242,737,Satellite Depot,West
DC_010,Central Urban Hub DC_010,2026-05-16,Saturday,Morning,130,119,348,Urban Hub,Central
DC_010,Central Urban Hub DC_010,2026-05-16,Saturday,Afternoon,168,162,525,Urban Hub,Central
DC_010,Central Urban Hub DC_010,2026-05-16,Saturday,Evening,98,111,296,Urban Hub,Central
DC_011,North Regional Center DC_011,2026-05-16,Saturday,Morning,883,471,1548,Regional Center,North
DC_011,North Regional Center DC_011,2026-05-16,Saturday,Afternoon,1334,865,2460,Regional Center,North
DC_011,North Regional Center DC_011,2026-05-16,Saturday,Evening,636,409,1235,Regional Center,North
DC_012,South Satellite Depot DC_012,2026-05-16,Saturday,Morning,669,411,1326,Satellite Depot,South
DC_012,South Satellite Depot DC_012,2026-05-16,Saturday,Afternoon,1284,630,2026,Satellite Depot,South
DC_012,South Satellite Depot DC_012,2026-05-16,Saturday,Evening,566,346,1086,Satellite Depot,South
DC_013,East Urban Hub DC_013,2026-05-16,Saturday,Morning,392,230,742,Urban Hub,East
DC_013,East Urban Hub DC_013,2026-05-16,Saturday,Afternoon,725,529,1378,Urban Hub,East
DC_013,East Urban Hub DC_013,2026-05-16,Saturday,Evening,411,287,803,Urban Hub,East
DC_014,West Regional Center DC_014,2026-05-16,Saturday,Morning,850,499,1633,Regional Center,West
DC_014,West Regional Center DC_014,2026-05-16,Saturday,Afternoon,1238,947,2512,Regional Center,West
DC_014,West Regional Center DC_014,2026-05-16,Saturday,Evening,886,463,1331,Regional Center,West
DC_015,Central Satellite Depot DC_015,2026-05-16,Saturday,Morning,2738,403,1272,Satellite Depot,Central
DC_015,Central Satellite Depot DC_015,2026-05-16,Saturday,Afternoon,4261,502,1616,Satellite Depot,Central
DC_015,Central Satellite Depot DC_015,2026-05-16,Saturday,Evening,2261,239,828,Satellite Depot,Central
DC_016,North Urban Hub DC_016,2026-05-16,Saturday,Morning,240,135,419,Urban Hub,North
DC_016,North Urban Hub DC_016,2026-05-16,Saturday,Afternoon,397,225,701,Urban Hub,North
DC_016,North Urban Hub DC_016,2026-05-16,Saturday,Evening,179,130,399,Urban Hub,North
DC_017,South Regional Center DC_017,2026-05-16,Saturday,Morning,492,358,1061,Regional Center,South
DC_017,South Regional Center DC_017,2026-05-16,Saturday,Afternoon,742,424,1428,Regional Center,South
DC_017,South Regional Center DC_017,2026-05-16,Saturday,Evening,490,333,913,Regional Center,South
DC_018,East Satellite Depot DC_018,2026-05-16,Saturday,Morning,203,153,426,Satellite Depot,East
DC_018,East Satellite Depot DC_018,2026-05-16,Saturday,Afternoon,348,215,630,Satellite Depot,East
DC_018,East Satellite Depot DC_018,2026-05-16,Saturday,Evening,186,113,364,Satellite Depot,East
DC_019,West Urban Hub DC_019,2026-05-16,Saturday,Morning,825,412,1303,Urban Hub,West
DC_019,West Urban Hub DC_019,2026-05-16,Saturday,Afternoon,919,570,2034,Urban Hub,West
DC_019,West Urban Hub DC_019,2026-05-16,Saturday,Evening,799,421,1365,Urban Hub,West
DC_020,Central Regional Center DC_020,2026-05-16,Saturday,Morning,430,288,867,Regional Center,Central
DC_020,Central Regional Center DC_020,2026-05-16,Saturday,Afternoon,714,428,1341,Regional Center,Central
DC_020,Central Regional Center DC_020,2026-05-16,Saturday,Evening,297,195,593,Regional Center,Central
DC_021,North Satellite Depot DC_021,2026-05-16,Saturday,Morning,1853,233,734,Satellite Depot,North
DC_021,North Satellite Depot DC_021,2026-05-16,Saturday,Afternoon,2538,347,1058,Satellite Depot,North
DC_021,North Satellite Depot DC_021,2026-05-16,Saturday,Evening,1275,180,521,Satellite Depot,North
DC_022,South Urban Hub DC_022,2026-05-16,Saturday,Morning,271,145,459,Urban Hub,South
DC_022,South Urban Hub DC_022,2026-05-16,Saturday,Afternoon,512,254,763,Urban Hub,South
DC_022,South Urban Hub DC_022,2026-05-16,Saturday,Evening,260,153,467,Urban Hub,South
DC_023,East Regional Center DC_023,2026-05-16,Saturday,Morning,993,599,2009,Regional Center,East
DC_023,East Regional Center DC_023,2026-05-16,Saturday,Afternoon,987,664,2165,Regional Center,East
DC_023,East Regional Center DC_023,2026-05-16,Saturday,Evening,1065,696,1850,Regional Center,East
DC_024,West Satellite Depot DC_024,2026-05-16,Saturday,Morning,415,232,758,Satellite Depot,West
DC_024,West Satellite Depot DC_024,2026-05-16,Saturday,Afternoon,662,406,1234,Satellite Depot,West
DC_024,West Satellite Depot DC_024,2026-05-16,Saturday,Evening,359,218,658,Satellite Depot,West
DC_001,North Urban Hub DC_001,2026-05-17,Sunday,Morning,525,328,1106,Urban Hub,North
DC_001,North Urban Hub DC_001,2026-05-17,Sunday,Afternoon,1014,493,1511,Urban Hub,North
DC_001,North Urban Hub DC_001,2026-05-17,Sunday,Evening,431,273,799,Urban Hub,North
DC_002,South Regional Center DC_002,2026-05-17,Sunday,Morning,218,133,369,Regional Center,South
DC_002,South Regional Center DC_002,2026-05-17,Sunday,Afternoon,358,196,609,Regional Center,South
DC_002,South Regional Center DC_002,2026-05-17,Sunday,Evening,162,101,332,Regional Center,South
DC_003,East Satellite Depot DC_003,2026-05-17,Sunday,Morning,0,0,0,Satellite Depot,East
DC_003,East Satellite Depot DC_003,2026-05-17,Sunday,Afternoon,0,0,0,Satellite Depot,East
DC_003,East Satellite Depot DC_003,2026-05-17,Sunday,Evening,0,0,0,Satellite Depot,East
DC_004,West Urban Hub DC_004,2026-05-17,Sunday,Morning,801,403,1414,Urban Hub,West
DC_004,West Urban Hub DC_004,2026-05-17,Sunday,Afternoon,1055,591,1999,Urban Hub,West
DC_004,West Urban Hub DC_004,2026-05-17,Sunday,Evening,576,331,1100,Urban Hub,West
DC_005,Central Regional Center DC_005,2026-05-17,Sunday,Morning,99,55,180,Regional Center,Central
DC_005,Central Regional Center DC_005,2026-05-17,Sunday,Afternoon,144,114,308,Regional Center,Central
DC_005,Central Regional Center DC_005,2026-05-17,Sunday,Evening,73,44,147,Regional Center,Central
DC_006,North Satellite Depot DC_006,2026-05-17,Sunday,Morning,0,0,0,Satellite Depot,North
DC_006,North Satellite Depot DC_006,2026-05-17,Sunday,Afternoon,0,0,0,Satellite Depot,North
DC_006,North Satellite Depot DC_006,2026-05-17,Sunday,Evening,0,0,0,Satellite Depot,North
DC_007,South Urban Hub DC_007,2026-05-17,Sunday,Morning,586,320,976,Urban Hub,South
DC_007,South Urban Hub DC_007,2026-05-17,Sunday,Afternoon,685,432,1339,Urban Hub,South
DC_007,South Urban Hub DC_007,2026-05-17,Sunday,Evening,344,245,725,Urban Hub,South
DC_008,East Regional Center DC_008,2026-05-17,Sunday,Morning,1937,217,635,Regional Center,East
DC_008,East Regional Center DC_008,2026-05-17,Sunday,Afternoon,2542,312,1015,Regional Center,East
DC_008,East Regional Center DC_008,2026-05-17,Sunday,Evening,1214,194,566,Regional Center,East
DC_009,West Satellite Depot DC_009,2026-05-17,Sunday,Morning,0,0,0,Satellite Depot,West
DC_009,West Satellite Depot DC_009,2026-05-17,Sunday,Afternoon,0,0,0,Satellite Depot,West
DC_009,West Satellite Depot DC_009,2026-05-17,Sunday,Evening,0,0,0,Satellite Depot,West
DC_010,Central Urban Hub DC_010,2026-05-17,Sunday,Morning,108,97,351,Urban Hub,Central
DC_010,Central Urban Hub DC_010,2026-05-17,Sunday,Afternoon,175,136,457,Urban Hub,Central
DC_010,Central Urban Hub DC_010,2026-05-17,Sunday,Evening,77,69,221,Urban Hub,Central
DC_011,North Regional Center DC_011,2026-05-17,Sunday,Morning,692,455,1277,Regional Center,North
DC_011,North Regional Center DC_011,2026-05-17,Sunday,Afternoon,936,621,1929,Regional Center,North
DC_011,North Regional Center DC_011,2026-05-17,Sunday,Evening,606,346,1001,Regional Center,North
DC_012,South Satellite Depot DC_012,2026-05-17,Sunday,Morning,0,0,0,Satellite Depot,South
DC_012,South Satellite Depot DC_012,2026-05-17,Sunday,Afternoon,0,0,0,Satellite Depot,South
DC_012,South Satellite Depot DC_012,2026-05-17,Sunday,Evening,0,0,0,Satellite Depot,South
DC_013,East Urban Hub DC_013,2026-05-17,Sunday,Morning,460,281,800,Urban Hub,East
DC_013,East Urban Hub DC_013,2026-05-17,Sunday,Afternoon,499,350,1152,Urban Hub,East
DC_013,East Urban Hub DC_013,2026-05-17,Sunday,Evening,329,240,639,Urban Hub,East
DC_014,West Regional Center DC_014,2026-05-17,Sunday,Morning,968,390,1376,Regional Center,West
DC_014,West Regional Center DC_014,2026-05-17,Sunday,Afternoon,1305,812,2545,Regional Center,West
DC_014,West Regional Center DC_014,2026-05-17,Sunday,Evening,600,311,1104,Regional Center,West
DC_015,Central Satellite Depot DC_015,2026-05-17,Sunday,Morning,0,0,0,Satellite Depot,Central
DC_015,Central Satellite Depot DC_015,2026-05-17,Sunday,Afternoon,0,0,0,Satellite Depot,Central
DC_015,Central Satellite Depot DC_015,2026-05-17,Sunday,Evening,0,0,0,Satellite Depot,Central
DC_016,North Urban Hub DC_016,2026-05-17,Sunday,Morning,270,145,444,Urban Hub,North
DC_016,North Urban Hub DC_016,2026-05-17,Sunday,Afternoon,409,222,731,Urban Hub,North
DC_016,North Urban Hub DC_016,2026-05-17,Sunday,Evening,194,133,402,Urban Hub,North
DC_017,South Regional Center DC_017,2026-05-17,Sunday,Morning,647,400,1149,Regional Center,South
DC_017,South Regional Center DC_017,2026-05-17,Sunday,Afternoon,691,476,1272,Regional Center,South
DC_017,South Regional Center DC_017,2026-05-17,Sunday,Evening,514,251,788,Regional Center,South
DC_018,East Satellite Depot DC_018,2026-05-17,Sunday,Morning,0,0,0,Satellite Depot,East
DC_018,East Satellite Depot DC_018,2026-05-17,Sunday,Afternoon,0,0,0,Satellite Depot,East
DC_018,East Satellite Depot DC_018,2026-05-17,Sunday,Evening,0,0,0,Satellite Depot,East
DC_019,West Urban Hub DC_019,2026-05-17,Sunday,Morning,812,478,1397,Urban Hub,West
DC_019,West Urban Hub DC_019,2026-05-17,Sunday,Afternoon,1324,647,2371,Urban Hub,West
DC_019,West Urban Hub DC_019,2026-05-17,Sunday,Evening,753,424,1277,Urban Hub,West
DC_020,Central Regional Center DC_020,2026-05-17,Sunday,Morning,325,245,658,Regional Center,Central
DC_020,Central Regional Center DC_020,2026-05-17,Sunday,Afternoon,532,288,942,Regional Center,Central
DC_020,Central Regional Center DC_020,2026-05-17,Sunday,Evening,302,199,644,Regional Center,Central
DC_021,North Satellite Depot DC_021,2026-05-17,Sunday,Morning,0,0,0,Satellite Depot,North
DC_021,North Satellite Depot DC_021,2026-05-17,Sunday,Afternoon,0,0,0,Satellite Depot,North
DC_021,North Satellite Depot DC_021,2026-05-17,Sunday,Evening,0,0,0,Satellite Depot,North
DC_022,South Urban Hub DC_022,2026-05-17,Sunday,Morning,282,169,535,Urban Hub,South
DC_022,South Urban Hub DC_022,2026-05-17,Sunday,Afternoon,427,276,868,Urban Hub,South
DC_022,South Urban Hub DC_022,2026-05-17,Sunday,Evening,228,147,433,Urban Hub,South
DC_023,East Regional Center DC_023,2026-05-17,Sunday,Morning,672,503,1583,Regional Center,East
DC_023,East Regional Center DC_023,2026-05-17,Sunday,Afternoon,1428,745,2500,Regional Center,East
DC_023,East Regional Center DC_023,2026-05-17,Sunday,Evening,705,451,1422,Regional Center,East
DC_024,West Satellite Depot DC_024,2026-05-17,Sunday,Morning,0,0,0,Satellite Depot,West
DC_024,West Satellite Depot DC_024,2026-05-17,Sunday,Afternoon,0,0,0,Satellite Depot,West
DC_024,West Satellite Depot DC_024,2026-05-17,Sunday,Evening,0,0,0,Satellite Depot,West
DC_001,North Urban Hub DC_001,2026-05-18,Monday,Morning,447,313,835,Urban Hub,North
DC_001,North Urban Hub DC_001,2026-05-18,Monday,Afternoon,832,475,1417,Urban Hub,North
DC_001,North Urban Hub DC_001,2026-05-18,Monday,Evening,385,241,726,Urban Hub,North
DC_002,South Regional Center DC_002,2026-05-18,Monday,Morning,155,97,290,Regional Center,South
DC_002,South Regional Center DC_002,2026-05-18,Monday,Afternoon,198,159,410,Regional Center,South
DC_002,South Regional Center DC_002,2026-05-18,Monday,Evening,133,74,239,Regional Center,South
DC_003,East Satellite Depot DC_003,2026-05-18,Monday,Morning,210,202,620,Satellite Depot,East
DC_003,East Satellite Depot DC_003,2026-05-18,Monday,Afternoon,356,406,1139,Satellite Depot,East
DC_003,East Satellite Depot DC_003,2026-05-18,Monday,Evening,166,200,559,Satellite Depot,East
DC_004,West Urban Hub DC_004,2026-05-18,Monday,Morning,559,349,1049,Urban Hub,West
DC_004,West Urban Hub DC_004,2026-05-18,Monday,Afternoon,1067,599,1925,Urban Hub,West
DC_004,West Urban Hub DC_004,2026-05-18,Monday,Evening,418,249,826,Urban Hub,West
DC_005,Central Regional Center DC_005,2026-05-18,Monday,Morning,82,53,154,Regional Center,Central
DC_005,Central Regional Center DC_005,2026-05-18,Monday,Afternoon,106,74,220,Regional Center,Central
DC_005,Central Regional Center DC_005,2026-05-18,Monday,Evening,49,37,108,Regional Center,Central
DC_006,North Satellite Depot DC_006,2026-05-18,Monday,Morning,681,100,306,Satellite Depot,North
DC_006,North Satellite Depot DC_006,2026-05-18,Monday,Afternoon,1352,171,461,Satellite Depot,North
DC_006,North Satellite Depot DC_006,2026-05-18,Monday,Evening,639,81,256,Satellite Depot,North
DC_007,South Urban Hub DC_007,2026-05-18,Monday,Morning,403,288,759,Urban Hub,South
DC_007,South Urban Hub DC_007,2026-05-18,Monday,Afternoon,644,342,1228,Urban Hub,South
DC_007,South Urban Hub DC_007,2026-05-18,Monday,Evening,386,213,658,Urban Hub,South
DC_008,East Regional Center DC_008,2026-05-18,Monday,Morning,1645,214,664,Regional Center,East
DC_008,East Regional Center DC_008,2026-05-18,Monday,Afternoon,2821,291,920,Regional Center,East
DC_008,East Regional Center DC_008,2026-05-18,Monday,Evening,1617,191,631,Regional Center,East
DC_009,West Satellite Depot DC_009,2026-05-18,Monday,Morning,318,211,612,Satellite Depot,West
DC_009,West Satellite Depot DC_009,2026-05-18,Monday,Afternoon,411,267,863,Satellite Depot,West
DC_009,West Satellite Depot DC_009,2026-05-18,Monday,Evening,279,164,500,Satellite Depot,West
DC_010,Central Urban Hub DC_010,2026-05-18,Monday,Morning,79,72,244,Urban Hub,Central
DC_010,Central Urban Hub DC_010,2026-05-18,Monday,Afternoon,97,98,302,Urban Hub,Central
DC_010,Central Urban Hub DC_010,2026-05-18,Monday,Evening,55,62,182,Urban Hub,Central
DC_011,North Regional Center DC_011,2026-05-18,Monday,Morning,445,294,985,Regional Center,North
DC_011,North Regional Center DC_011,2026-05-18,Monday,Afternoon,817,520,1591,Regional Center,North
DC_011,North Regional Center DC_011,2026-05-18,Monday,Evening,484,337,980,Regional Center,North
DC_012,South Satellite Depot DC_012,2026-05-18,Monday,Morning,425,273,843,Satellite Depot,South
DC_012,South Satellite Depot DC_012,2026-05-18,Monday,Afternoon,645,416,1261,Satellite Depot,South
DC_012,South Satellite Depot DC_012,2026-05-18,Monday,Evening,421,280,825,Satellite Depot,South
DC_013,East Urban Hub DC_013,2026-05-18,Monday,Morning,351,210,628,Urban Hub,East
DC_013,East Urban Hub DC_013,2026-05-18,Monday,Afternoon,412,283,858,Urban Hub,East
DC_013,East Urban Hub DC_013,2026-05-18,Monday,Evening,251,190,553,Urban Hub,East
DC_014,West Regional Center DC_014,2026-05-18,Monday,Morning,441,303,913,Regional Center,West
DC_014,West Regional Center DC_014,2026-05-18,Monday,Afternoon,939,555,1663,Regional Center,West
DC_014,West Regional Center DC_014,2026-05-18,Monday,Evening,574,320,1096,Regional Center,West
DC_015,Central Satellite Depot DC_015,2026-05-18,Monday,Morning,2146,269,807,Satellite Depot,Central
DC_015,Central Satellite Depot DC_015,2026-05-18,Monday,Afternoon,2908,363,1216,Satellite Depot,Central
DC_015,Central Satellite Depot DC_015,2026-05-18,Monday,Evening,1607,195,633,Satellite Depot,Central
DC_016,North Urban Hub DC_016,2026-05-18,Monday,Morning,241,139,403,Urban Hub,North
DC_016,North Urban Hub DC_016,2026-05-18,Monday,Afternoon,306,179,612,Urban Hub,North
DC_016,North Urban Hub DC_016,2026-05-18,Monday,Evening,174,103,309,Urban Hub,North
DC_017,South Regional Center DC_017,2026-05-18,Monday,Morning,434,259,774,Regional Center,South
DC_017,South Regional Center DC_017,2026-05-18,Monday,Afternoon,492,316,968,Regional Center,South
DC_017,South Regional Center DC_017,2026-05-18,Monday,Evening,314,170,575,Regional Center,South
DC_018,East Satellite Depot DC_018,2026-05-18,Monday,Morning,208,105,358,Satellite Depot,East
DC_018,East Satellite Depot DC_018,2026-05-18,Monday,Afternoon,294,184,588,Satellite Depot,East
DC_018,East Satellite Depot DC_018,2026-05-18,Monday,Evening,178,98,324,Satellite Depot,East
DC_019,West Urban Hub DC_019,2026-05-18,Monday,Morning,677,501,1406,Urban Hub,West
DC_019,West Urban Hub DC_019,2026-05-18,Monday,Afternoon,1175,732,2131,Urban Hub,West
DC_019,West Urban Hub DC_019,2026-05-18,Monday,Evening,521,327,1057,Urban Hub,West
DC_020,Central Regional Center DC_020,2026-05-18,Monday,Morning,267,173,543,Regional Center,Central
DC_020,Central Regional Center DC_020,2026-05-18,Monday,Afternoon,453,248,793,Regional Center,Central
DC_020,Central Regional Center DC_020,2026-05-18,Monday,Evening,282,139,459,Regional Center,Central
DC_021,North Satellite Depot DC_021,2026-05-18,Monday,Morning,1386,225,620,Satellite Depot,North
DC_021,North Satellite Depot DC_021,2026-05-18,Monday,Afternoon,2637,334,953,Satellite Depot,North
DC_021,North Satellite Depot DC_021,2026-05-18,Monday,Evening,1137,165,516,Satellite Depot,North
DC_022,South Urban Hub DC_022,2026-05-18,Monday,Morning,283,164,437,Urban Hub,South
DC_022,South Urban Hub DC_022,2026-05-18,Monday,Afternoon,380,220,670,Urban Hub,South
DC_022,South Urban Hub DC_022,2026-05-18,Monday,Evening,171,95,318,Urban Hub,South
DC_023,East Regional Center DC_023,2026-05-18,Monday,Morning,933,494,1432,Regional Center,East
DC_023,East Regional Center DC_023,2026-05-18,Monday,Afternoon,930,634,1772,Regional Center,East
DC_023,East Regional Center DC_023,2026-05-18,Monday,Evening,635,391,1199,Regional Center,East
DC_024,West Satellite Depot DC_024,2026-05-18,Monday,Morning,311,182,584,Satellite Depot,West
DC_024,West Satellite Depot DC_024,2026-05-18,Monday,Afternoon,448,248,730,Satellite Depot,West
DC_024,West Satellite Depot DC_024,2026-05-18,Monday,Evening,254,160,507,Satellite Depot,West
DC_001,North Urban Hub DC_001,2026-05-19,Tuesday,Morning,315,233,644,Urban Hub,North
DC_001,North Urban Hub DC_001,2026-05-19,Tuesday,Afternoon,515,255,916,Urban Hub,North
DC_001,North Urban Hub DC_001,2026-05-19,Tuesday,Evening,373,229,670,Urban Hub,North
DC_002,South Regional Center DC_002,2026-05-19,Tuesday,Morning,138,83,261,Regional Center,South
DC_002,South Regional Center DC_002,2026-05-19,Tuesday,Afternoon,234,157,478,Regional Center,South
DC_002,South Regional Center DC_002,2026-05-19,Tuesday,Evening,149,81,261,Regional Center,South
DC_003,East Satellite Depot DC_003,2026-05-19,Tuesday,Morning,213,216,690,Satellite Depot,East
DC_003,East Satellite Depot DC_003,2026-05-19,Tuesday,Afternoon,325,401,1085,Satellite Depot,East
DC_003,East Satellite Depot DC_003,2026-05-19,Tuesday,Evening,182,201,549,Satellite Depot,East
DC_004,West Urban Hub DC_004,2026-05-19,Tuesday,Morning,581,307,1051,Urban Hub,West
DC_004,West Urban Hub DC_004,2026-05-19,Tuesday,Afternoon,798,519,1649,Urban Hub,West
DC_004,West Urban Hub DC_004,2026-05-19,Tuesday,Evening,455,264,867,Urban Hub,West
DC_005,Central Regional Center DC_005,2026-05-19,Tuesday,Morning,98,68,182,Regional Center,Central
DC_005,Central Regional Center DC_005,2026-05-19,Tuesday,Afternoon,118,85,215,Regional Center,Central
DC_005,Central Regional Center DC_005,2026-05-19,Tuesday,Evening,80,54,158,Regional Center,Central
DC_006,North Satellite Depot DC_006,2026-05-19,Tuesday,Morning,525,79,224,Satellite Depot,North
DC_006,North Satellite Depot DC_006,2026-05-19,Tuesday,Afternoon,943,108,338,Satellite Depot,North
DC_006,North Satellite Depot DC_006,2026-05-19,Tuesday,Evening,497,64,215,Satellite Depot,North
DC_007,South Urban Hub DC_007,2026-05-19,Tuesday,Morning,301,212,622,Urban Hub,South
DC_007,South Urban Hub DC_007,2026-05-19,Tuesday,Afternoon,454,275,797,Urban Hub,South
DC_007,South Urban Hub DC_007,2026-05-19,Tuesday,Evening,289,165,492,Urban Hub,South
DC_008,East Regional Center DC_008,2026-05-19,Tuesday,Morning,1375,233,621,Regional Center,East
DC_008,East Regional Center DC_008,2026-05-19,Tuesday,Afternoon,2225,242,796,Regional Center,East
DC_008,East Regional Center DC_008,2026-05-19,Tuesday,Evening,1346,148,485,Regional Center,East
DC_009,West Satellite Depot DC_009,2026-05-19,Tuesday,Morning,335,217,628,Satellite Depot,West
DC_009,West Satellite Depot DC_009,2026-05-19,Tuesday,Afternoon,487,294,894,Satellite Depot,West
DC_009,West Satellite Depot DC_009,2026-05-19,Tuesday,Evening,228,147,466,Satellite Depot,West
DC_010,Central Urban Hub DC_010,2026-05-19,Tuesday,Morning,79,86,277,Urban Hub,Central
DC_010,Central Urban Hub DC_010,2026-05-19,Tuesday,Afternoon,107,114,365,Urban Hub,Central
DC_010,Central Urban Hub DC_010,2026-05-19,Tuesday,Evening,80,78,255,Urban Hub,Central
DC_011,North Regional Center DC_011,2026-05-19,Tuesday,Morning,574,352,1069,Regional Center,North
DC_011,North Regional Center DC_011,2026-05-19,Tuesday,Afternoon,812,473,1603,Regional Center,North
DC_011,North Regional Center DC_011,2026-05-19,Tuesday,Evening,497,295,892,Regional Center,North
DC_012,South Satellite Depot DC_012,2026-05-19,Tuesday,Morning,401,295,874,Satellite Depot,South
DC_012,South Satellite Depot DC_012,2026-05-19,Tuesday,Afternoon,819,497,1580,Satellite Depot,South
DC_012,South Satellite Depot DC_012,2026-05-19,Tuesday,Evening,465,282,807,Satellite Depot,South
DC_013,East Urban Hub DC_013,2026-05-19,Tuesday,Morning,369,207,701,Urban Hub,East
DC_013,East Urban Hub DC_013,2026-05-19,Tuesday,Afternoon,568,320,1026,Urban Hub,East
DC_013,East Urban Hub DC_013,2026-05-19,Tuesday,Evening,309,169,515,Urban Hub,East
DC_014,West Regional Center DC_014,2026-05-19,Tuesday,Morning,718,426,1285,Regional Center,West
DC_014,West Regional Center DC_014,2026-05-19,Tuesday,Afternoon,802,687,1815,Regional Center,West
DC_014,West Regional Center DC_014,2026-05-19,Tuesday,Evening,580,362,1063,Regional Center,West
DC_015,Central Satellite Depot DC_015,2026-05-19,Tuesday,Morning,1894,238,781,Satellite Depot,Central
DC_015,Central Satellite Depot DC_015,2026-05-19,Tuesday,Afternoon,2839,356,1216,Satellite Depot,Central
DC_015,Central Satellite Depot DC_015,2026-05-19,Tuesday,Evening,1933,220,709,Satellite Depot,Central
DC_016,North Urban Hub DC_016,2026-05-19,Tuesday,Morning,197,126,341,Urban Hub,North
DC_016,North Urban Hub DC_016,2026-05-19,Tuesday,Afternoon,218,130,412,Urban Hub,North
DC_016,North Urban Hub DC_016,2026-05-19,Tuesday,Evening,119,79,247,Urban Hub,North
DC_017,South Regional Center DC_017,2026-05-19,Tuesday,Morning,427,293,830,Regional Center,South
DC_017,South Regional Center DC_017,2026-05-19,Tuesday,Afternoon,582,393,1165,Regional Center,South
DC_017,South Regional Center DC_017,2026-05-19,Tuesday,Evening,291,194,552,Regional Center,South
DC_018,East Satellite Depot DC_018,2026-05-19,Tuesday,Morning,185,95,335,Satellite Depot,East
DC_018,East Satellite Depot DC_018,2026-05-19,Tuesday,Afternoon,201,111,382,Satellite Depot,East
DC_018,East Satellite Depot DC_018,2026-05-19,Tuesday,Evening,128,79,238,Satellite Depot,East
DC_019,West Urban Hub DC_019,2026-05-19,Tuesday,Morning,498,345,958,Urban Hub,West
DC_019,West Urban Hub DC_019,2026-05-19,Tuesday,Afternoon,764,495,1507,Urban Hub,West
DC_019,West Urban Hub DC_019,2026-05-19,Tuesday,Evening,376,237,777,Urban Hub,West
DC_020,Central Regional Center DC_020,2026-05-19,Tuesday,Morning,318,183,523,Regional Center,Central
DC_020,Central Regional Center DC_020,2026-05-19,Tuesday,Afternoon,463,271,894,Regional Center,Central
DC_020,Central Regional Center DC_020,2026-05-19,Tuesday,Evening,271,139,463,Regional Center,Central
DC_021,North Satellite Depot DC_021,2026-05-19,Tuesday,Morning,1230,179,485,Satellite Depot,North
DC_021,North Satellite Depot DC_021,2026-05-19,Tuesday,Afternoon,1709,249,727,Satellite Depot,North
DC_021,North Satellite Depot DC_021,2026-05-19,Tuesday,Evening,1502,152,451,Satellite Depot,North
DC_022,South Urban Hub DC_022,2026-05-19,Tuesday,Morning,165,129,363,Urban Hub,South
DC_022,South Urban Hub DC_022,2026-05-19,Tuesday,Afternoon,281,199,581,Urban Hub,South
DC_022,South Urban Hub DC_022,2026-05-19,Tuesday,Evening,156,109,297,Urban Hub,South
DC_023,East Regional Center DC_023,2026-05-19,Tuesday,Morning,596,389,1258,Regional Center,East
DC_023,East Regional Center DC_023,2026-05-19,Tuesday,Afternoon,1018,596,1933,Regional Center,East
DC_023,East Regional Center DC_023,2026-05-19,Tuesday,Evening,650,332,1155,Regional Center,East
DC_024,West Satellite Depot DC_024,2026-05-19,Tuesday,Morning,294,204,589,Satellite Depot,West
DC_024,West Satellite Depot DC_024,2026-05-19,Tuesday,Afternoon,404,236,735,Satellite Depot,West
DC_024,West Satellite Depot DC_024,2026-05-19,Tuesday,Evening,194,112,382,Satellite Depot,West
DC_001,North Urban Hub DC_001,2026-05-20,Wednesday,Morning,428,259,752,Urban Hub,North
DC_001,North Urban Hub DC_001,2026-05-20,Wednesday,Afternoon,597,344,1104,Urban Hub,North
DC_001,North Urban Hub DC_001,2026-05-20,Wednesday,Evening,302,223,628,Urban Hub,North
DC_002,South Regional Center DC_002,2026-05-20,Wednesday,Morning,180,106,326,Regional Center,South
DC_002,South Regional Center DC_002,2026-05-20,Wednesday,Afternoon,250,149,514,Regional Center,South
DC_002,South Regional Center DC_002,2026-05-20,Wednesday,Evening,149,91,276,Regional Center,South
DC_003,East Satellite Depot DC_003,2026-05-20,Wednesday,Morning,189,219,662,Satellite Depot,East
DC_003,East Satellite Depot DC_003,2026-05-20,Wednesday,Afternoon,364,431,1203,Satellite Depot,East
DC_003,East Satellite Depot DC_003,2026-05-20,Wednesday,Evening,167,188,595,Satellite Depot,East
DC_004,West Urban Hub DC_004,2026-05-20,Wednesday,Morning,597,329,1108,Urban Hub,West
DC_004,West Urban Hub DC_004,2026-05-20,Wednesday,Afternoon,1161,534,1872,Urban Hub,West
DC_004,West Urban Hub DC_004,2026-05-20,Wednesday,Evening,563,372,1043,Urban Hub,West
DC_005,Central Regional Center DC_005,2026-05-20,Wednesday,Morning,98,70,192,Regional Center,Central
DC_005,Central Regional Center DC_005,2026-05-20,Wednesday,Afternoon,107,84,261,Regional Center,Central
DC_005,Central Regional Center DC_005,2026-05-20,Wednesday,Evening,82,39,139,Regional Center,Central
DC_006,North Satellite Depot DC_006,2026-05-20,Wednesday,Morning,613,85,270,Satellite Depot,North
DC_006,North Satellite Depot DC_006,2026-05-20,Wednesday,Afternoon,1174,133,417,Satellite Depot,North
DC_006,North Satellite Depot DC_006,2026-05-20,Wednesday,Evening,491,68,216,Satellite Depot,North
DC_007,South Urban Hub DC_007,2026-05-20,Wednesday,Morning,322,227,609,Urban Hub,South
DC_007,South Urban Hub DC_007,2026-05-20,Wednesday,Afternoon,386,260,783,Urban Hub,South
DC_007,South Urban Hub DC_007,2026-05-20,Wednesday,Evening,258,152,523,Urban Hub,South
DC_008,East Regional Center DC_008,2026-05-20,Wednesday,Morning,1057,151,486,Regional Center,East
DC_008,East Regional Center DC_008,2026-05-20,Wednesday,Afternoon,1806,258,716,Regional Center,East
DC_008,East Regional Center DC_008,2026-05-20,Wednesday,Evening,1414,142,418,Regional Center,East
DC_009,West Satellite Depot DC_009,2026-05-20,Wednesday,Morning,360,209,625,Satellite Depot,West
DC_009,West Satellite Depot DC_009,2026-05-20,Wednesday,Afternoon,516,366,1073,Satellite Depot,West
DC_009,West Satellite Depot DC_009,2026-05-20,Wednesday,Evening,304,153,500,Satellite Depot,West
DC_010,Central Urban Hub DC_010,2026-05-20,Wednesday,Morning,106,85,266,Urban Hub,Central
DC_010,Central Urban Hub DC_010,2026-05-20,Wednesday,Afternoon,124,136,420,Urban Hub,Central
DC_010,Central Urban Hub DC_010,2026-05-20,Wednesday,Evening,59,70,218,Urban Hub,Central
DC_011,North Regional Center DC_011,2026-05-20,Wednesday,Morning,663,361,1180,Regional Center,North
DC_011,North Regional Center DC_011,2026-05-20,Wednesday,Afternoon,824,529,1479,Regional Center,North
DC_011,North Regional Center DC_011,2026-05-20,Wednesday,Evening,420,300,885,Regional Center,North
DC_012,South Satellite Depot DC_012,2026-05-20,Wednesday,Morning,513,357,1105,Satellite Depot,South
DC_012,South Satellite Depot DC_012,2026-05-20,Wednesday,Afternoon,857,541,1692,Satellite Depot,South
DC_012,South Satellite Depot DC_012,2026-05-20,Wednesday,Evening,417,314,923,Satellite Depot,South
DC_013,East Urban Hub DC_013,2026-05-20,Wednesday,Morning,359,181,607,Urban Hub,East
DC_013,East Urban Hub DC_013,2026-05-20,Wednesday,Afternoon,604,419,1076,Urban Hub,East
DC_013,East Urban Hub DC_013,2026-05-20,Wednesday,Evening,262,168,519,Urban Hub,East
DC_014,West Regional Center DC_014,2026-05-20,Wednesday,Morning,746,397,1330,Regional Center,West
DC_014,West Regional Center DC_014,2026-05-20,Wednesday,Afternoon,1018,644,2021,Regional Center,West
DC_014,West Regional Center DC_014,2026-05-20,Wednesday,Evening,580,397,1139,Regional Center,West
DC_015,Central Satellite Depot DC_015,2026-05-20,Wednesday,Morning,2108,260,880,Satellite Depot,Central
DC_015,Central Satellite Depot DC_015,2026-05-20,Wednesday,Afternoon,3768,457,1324,Satellite Depot,Central
DC_015,Central Satellite Depot DC_015,2026-05-20,Wednesday,Evening,1741,224,687,Satellite Depot,Central
DC_016,North Urban Hub DC_016,2026-05-20,Wednesday,Morning,183,119,307,Urban Hub,North
DC_016,North Urban Hub DC_016,2026-05-20,Wednesday,Afternoon,205,103,380,Urban Hub,North
DC_016,North Urban Hub DC_016,2026-05-20,Wednesday,Evening,189,102,322,Urban Hub,North
DC_017,South Regional Center DC_017,2026-05-20,Wednesday,Morning,431,252,707,Regional Center,South
DC_017,South Regional Center DC_017,2026-05-20,Wednesday,Afternoon,639,373,1180,Regional Center,South
DC_017,South Regional Center DC_017,2026-05-20,Wednesday,Evening,387,226,703,Regional Center,South
DC_018,East Satellite Depot DC_018,2026-05-20,Wednesday,Morning,177,106,289,Satellite Depot,East
DC_018,East Satellite Depot DC_018,2026-05-20,Wednesday,Afternoon,275,190,499,Satellite Depot,East
DC_018,East Satellite Depot DC_018,2026-05-20,Wednesday,Evening,159,75,262,Satellite Depot,East
DC_019,West Urban Hub DC_019,2026-05-20,Wednesday,Morning,497,295,995,Urban Hub,West
DC_019,West Urban Hub DC_019,2026-05-20,Wednesday,Afternoon,764,447,1446,Urban Hub,West
DC_019,West Urban Hub DC_019,2026-05-20,Wednesday,Evening,451,317,878,Urban Hub,West
DC_020,Central Regional Center DC_020,2026-05-20,Wednesday,Morning,356,200,637,Regional Center,Central
DC_020,Central Regional Center DC_020,2026-05-20,Wednesday,Afternoon,491,308,983,Regional Center,Central
DC_020,Central Regional Center DC_020,2026-05-20,Wednesday,Evening,267,154,535,Regional Center,Central
DC_021,North Satellite Depot DC_021,2026-05-20,Wednesday,Morning,1325,156,521,Satellite Depot,North
DC_021,North Satellite Depot DC_021,2026-05-20,Wednesday,Afternoon,2233,234,754,Satellite Depot,North
DC_021,North Satellite Depot DC_021,2026-05-20,Wednesday,Evening,1252,133,429,Satellite Depot,North
DC_022,South Urban Hub DC_022,2026-05-20,Wednesday,Morning,267,126,422,Urban Hub,South
DC_022,South Urban Hub DC_022,2026-05-20,Wednesday,Afternoon,251,127,453,Urban Hub,South
DC_022,South Urban Hub DC_022,2026-05-20,Wednesday,Evening,162,93,307,Urban Hub,South
DC_023,East Regional Center DC_023,2026-05-20,Wednesday,Morning,636,386,1204,Regional Center,East
DC_023,East Regional Center DC_023,2026-05-20,Wednesday,Afternoon,1454,800,2405,Regional Center,East
DC_023,East Regional Center DC_023,2026-05-20,Wednesday,Evening,637,318,1076,Regional Center,East
DC_024,West Satellite Depot DC_024,2026-05-20,Wednesday,Morning,321,192,571,Satellite Depot,West
DC_024,West Satellite Depot DC_024,2026-05-20,Wednesday,Afternoon,455,293,816,Satellite Depot,West
DC_024,West Satellite Depot DC_024,2026-05-20,Wednesday,Evening,257,160,465,Satellite Depot,West
DC_001,North Urban Hub DC_001,2026-05-21,Thursday,Morning,405,263,778,Urban Hub,North
DC_001,North Urban Hub DC_001,2026-05-21,Thursday,Afternoon,502,314,1139,Urban Hub,North
DC_001,North Urban Hub DC_001,2026-05-21,Thursday,Evening,342,207,586,Urban Hub,North
DC_002,South Regional Center DC_002,2026-05-21,Thursday,Morning,204,117,368,Regional Center,South
DC_002,South Regional Center DC_002,2026-05-21,Thursday,Afternoon,315,180,591,Regional Center,South
DC_002,South Regional Center DC_002,2026-05-21,Thursday,Evening,166,88,295,Regional Center,South
DC_003,East Satellite Depot DC_003,2026-05-21,Thursday,Morning,217,257,760,Satellite Depot,East
DC_003,East Satellite Depot DC_003,2026-05-21,Thursday,Afternoon,424,410,1176,Satellite Depot,East
DC_003,East Satellite Depot DC_003,2026-05-21,Thursday,Evening,277,216,657,Satellite Depot,East
DC_004,West Urban Hub DC_004,2026-05-21,Thursday,Morning,584,368,1180,Urban Hub,West
DC_004,West Urban Hub DC_004,2026-05-21,Thursday,Afternoon,970,573,1741,Urban Hub,West
DC_004,West Urban Hub DC_004,2026-05-21,Thursday,Evening,663,393,1147,Urban Hub,West
DC_005,Central Regional Center DC_005,2026-05-21,Thursday,Morning,106,54,171,Regional Center,Central
DC_005,Central Regional Center DC_005,2026-05-21,Thursday,Afternoon,136,85,286,Regional Center,Central
DC_005,Central Regional Center DC_005,2026-05-21,Thursday,Evening,100,61,187,Regional Center,Central
DC_006,North Satellite Depot DC_006,2026-05-21,Thursday,Morning,586,77,242,Satellite Depot,North
DC_006,North Satellite Depot DC_006,2026-05-21,Thursday,Afternoon,1237,134,427,Satellite Depot,North
DC_006,North Satellite Depot DC_006,2026-05-21,Thursday,Evening,583,78,229,Satellite Depot,North
DC_007,South Urban Hub DC_007,2026-05-21,Thursday,Morning,333,266,750,Urban Hub,South
DC_007,South Urban Hub DC_007,2026-05-21,Thursday,Afternoon,802,333,1086,Urban Hub,South
DC_007,South Urban Hub DC_007,2026-05-21,Thursday,Evening,272,175,485,Urban Hub,South
DC_008,East Regional Center DC_008,2026-05-21,Thursday,Morning,1126,179,472,Regional Center,East
DC_008,East Regional Center DC_008,2026-05-21,Thursday,Afternoon,1899,200,699,Regional Center,East
DC_008,East Regional Center DC_008,2026-05-21,Thursday,Evening,1206,139,414,Regional Center,East
DC_009,West Satellite Depot DC_009,2026-05-21,Thursday,Morning,370,259,743,Satellite Depot,West
DC_009,West Satellite Depot DC_009,2026-05-21,Thursday,Afternoon,528,327,969,Satellite Depot,West
DC_009,West Satellite Depot DC_009,2026-05-21,Thursday,Evening,271,138,475,Satellite Depot,West
DC_010,Central Urban Hub DC_010,2026-05-21,Thursday,Morning,91,89,279,Urban Hub,Central
DC_010,Central Urban Hub DC_010,2026-05-21,Thursday,Afternoon,164,151,509,Urban Hub,Central
DC_010,Central Urban Hub DC_010,2026-05-21,Thursday,Evening,76,74,230,Urban Hub,Central
DC_011,North Regional Center DC_011,2026-05-21,Thursday,Morning,602,334,1109,Regional Center,North
DC_011,North Regional Center DC_011,2026-05-21,Thursday,Afternoon,884,507,1660,Regional Center,North
DC_011,North Regional Center DC_011,2026-05-21,Thursday,Evening,443,295,920,Regional Center,North
DC_012,South Satellite Depot DC_012,2026-05-21,Thursday,Morning,722,363,1092,Satellite Depot,South
DC_012,South Satellite Depot DC_012,2026-05-21,Thursday,Afternoon,779,527,1710,Satellite Depot,South
DC_012,South Satellite Depot DC_012,2026-05-21,Thursday,Evening,606,328,1006,Satellite Depot,South
DC_013,East Urban Hub DC_013,2026-05-21,Thursday,Morning,445,229,765,Urban Hub,East
DC_013,East Urban Hub DC_013,2026-05-21,Thursday,Afternoon,574,367,1107,Urban Hub,East
DC_013,East Urban Hub DC_013,2026-05-21,Thursday,Evening,243,164,535,Urban Hub,East
DC_014,West Regional Center DC_014,2026-05-21,Thursday,Morning,791,459,1427,Regional Center,West
DC_014,West Regional Center DC_014,2026-05-21,Thursday,Afternoon,1082,643,2111,Regional Center,West
DC_014,West Regional Center DC_014,2026-05-21,Thursday,Evening,673,348,1085,Regional Center,West
DC_015,Central Satellite Depot DC_015,2026-05-21,Thursday,Morning,2073,262,778,Satellite Depot,Central
DC_015,Central Satellite Depot DC_015,2026-05-21,Thursday,Afternoon,3054,540,1411,Satellite Depot,Central
DC_015,Central Satellite Depot DC_015,2026-05-21,Thursday,Evening,2353,280,891,Satellite Depot,Central
DC_016,North Urban Hub DC_016,2026-05-21,Thursday,Morning,155,103,320,Urban Hub,North
DC_016,North Urban Hub DC_016,2026-05-21,Thursday,Afternoon,353,173,538,Urban Hub,North
DC_016,North Urban Hub DC_016,2026-05-21,Thursday,Evening,175,95,321,Urban Hub,North
DC_017,South Regional Center DC_017,2026-05-21,Thursday,Morning,525,264,925,Regional Center,South
DC_017,South Regional Center DC_017,2026-05-21,Thursday,Afternoon,677,409,1277,Regional Center,South
DC_017,South Regional Center DC_017,2026-05-21,Thursday,Evening,508,233,711,Regional Center,South
DC_018,East Satellite Depot DC_018,2026-05-21,Thursday,Morning,138,86,301,Satellite Depot,East
DC_018,East Satellite Depot DC_018,2026-05-21,Thursday,Afternoon,295,190,541,Satellite Depot,East
DC_018,East Satellite Depot DC_018,2026-05-21,Thursday,Evening,120,91,267,Satellite Depot,East
DC_019,West Urban Hub DC_019,2026-05-21,Thursday,Morning,438,261,905,Urban Hub,West
DC_019,West Urban Hub DC_019,2026-05-21,Thursday,Afternoon,917,557,1895,Urban Hub,West
DC_019,West Urban Hub DC_019,2026-05-21,Thursday,Evening,622,300,934,Urban Hub,West
DC_020,Central Regional Center DC_020,2026-05-21,Thursday,Morning,366,222,678,Regional Center,Central
DC_020,Central Regional Center DC_020,2026-05-21,Thursday,Afternoon,527,251,895,Regional Center,Central
DC_020,Central Regional Center DC_020,2026-05-21,Thursday,Evening,330,195,619,Regional Center,Central
DC_021,North Satellite Depot DC_021,2026-05-21,Thursday,Morning,1251,145,515,Satellite Depot,North
DC_021,North Satellite Depot DC_021,2026-05-21,Thursday,Afternoon,1817,227,736,Satellite Depot,North
DC_021,North Satellite Depot DC_021,2026-05-21,Thursday,Evening,1081,134,485,Satellite Depot,North
DC_022,South Urban Hub DC_022,2026-05-21,Thursday,Morning,199,127,397,Urban Hub,South
DC_022,South Urban Hub DC_022,2026-05-21,Thursday,Afternoon,299,176,577,Urban Hub,South
DC_022,South Urban Hub DC_022,2026-05-21,Thursday,Evening,200,115,343,Urban Hub,South
DC_023,East Regional Center DC_023,2026-05-21,Thursday,Morning,825,448,1424,Regional Center,East
DC_023,East Regional Center DC_023,2026-05-21,Thursday,Afternoon,1114,794,2291,Regional Center,East
DC_023,East Regional Center DC_023,2026-05-21,Thursday,Evening,544,384,1175,Regional Center,East
DC_024,West Satellite Depot DC_024,2026-05-21,Thursday,Morning,328,179,605,Satellite Depot,West
DC_024,West Satellite Depot DC_024,2026-05-21,Thursday,Afternoon,476,319,991,Satellite Depot,West
DC_024,West Satellite Depot DC_024,2026-05-21,Thursday,Evening,210,141,468,Satellite Depot,West
DC_001,North Urban Hub DC_001,2026-05-22,Friday,Morning,367,264,784,Urban Hub,North
DC_001,North Urban Hub DC_001,2026-05-22,Friday,Afternoon,633,473,1359,Urban Hub,North
DC_001,North Urban Hub DC_001,2026-05-22,Friday,Evening,351,189,710,Urban Hub,North
DC_002,South Regional Center DC_002,2026-05-22,Friday,Morning,167,115,357,Regional Center,South
DC_002,South Regional Center DC_002,2026-05-22,Friday,Afternoon,276,165,512,Regional Center,South
DC_002,South Regional Center DC_002,2026-05-22,Friday,Evening,149,87,289,Regional Center,South
DC_003,East Satellite Depot DC_003,2026-05-22,Friday,Morning,316,303,928,Satellite Depot,East
DC_003,East Satellite Depot DC_003,2026-05-22,Friday,Afternoon,431,404,1364,Satellite Depot,East
DC_003,East Satellite Depot DC_003,2026-05-22,Friday,Evening,289,262,774,Satellite Depot,East
DC_004,West Urban Hub DC_004,2026-05-22,Friday,Morning,668,407,1392,Urban Hub,West
DC_004,West Urban Hub DC_004,2026-05-22,Friday,Afternoon,1237,715,2354,Urban Hub,West
DC_004,West Urban Hub DC_004,2026-05-22,Friday,Evening,517,357,1012,Urban Hub,West
DC_005,Central Regional Center DC_005,2026-05-22,Friday,Morning,86,66,209,Regional Center,Central
DC_005,Central Regional Center DC_005,2026-05-22,Friday,Afternoon,150,99,293,Regional Center,Central
DC_005,Central Regional Center DC_005,2026-05-22,Friday,Evening,71,48,161,Regional Center,Central
DC_006,North Satellite Depot DC_006,2026-05-22,Friday,Morning,789,97,294,Satellite Depot,North
DC_006,North Satellite Depot DC_006,2026-05-22,Friday,Afternoon,1210,207,483,Satellite Depot,North
DC_006,North Satellite Depot DC_006,2026-05-22,Friday,Evening,722,89,285,Satellite Depot,North
DC_007,South Urban Hub DC_007,2026-05-22,Friday,Morning,402,240,789,Urban Hub,South
DC_007,South Urban Hub DC_007,2026-05-22,Friday,Afternoon,635,332,1051,Urban Hub,South
DC_007,South Urban Hub DC_007,2026-05-22,Friday,Evening,383,231,674,Urban Hub,South
DC_008,East Regional Center DC_008,2026-05-22,Friday,Morning,1521,188,563,Regional Center,East
DC_008,East Regional Center DC_008,2026-05-22,Friday,Afternoon,1939,276,747,Regional Center,East
DC_008,East Regional Center DC_008,2026-05-22,Friday,Evening,1033,130,409,Regional Center,East
DC_009,West Satellite Depot DC_009,2026-05-22,Friday,Morning,364,232,806,Satellite Depot,West
DC_009,West Satellite Depot DC_009,2026-05-22,Friday,Afternoon,641,403,1187,Satellite Depot,West
DC_009,West Satellite Depot DC_009,2026-05-22,Friday,Evening,310,186,615,Satellite Depot,West
DC_010,Central Urban Hub DC_010,2026-05-22,Friday,Morning,110,102,337,Urban Hub,Central
DC_010,Central Urban Hub DC_010,2026-05-22,Friday,Afternoon,158,172,532,Urban Hub,Central
DC_010,Central Urban Hub DC_010,2026-05-22,Friday,Evening,88,85,250,Urban Hub,Central
DC_011,North Regional Center DC_011,2026-05-22,Friday,Morning,683,491,1348,Regional Center,North
DC_011,North Regional Center DC_011,2026-05-22,Friday,Afternoon,989,661,1901,Regional Center,North
DC_011,North Regional Center DC_011,2026-05-22,Friday,Evening,625,390,1139,Regional Center,North
DC_012,South Satellite Depot DC_012,2026-05-22,Friday,Morning,637,430,1241,Satellite Depot,South
DC_012,South Satellite Depot DC_012,2026-05-22,Friday,Afternoon,926,625,1818,Satellite Depot,South
DC_012,South Satellite Depot DC_012,2026-05-22,Friday,Evening,559,298,894,Satellite Depot,South
DC_013,East Urban Hub DC_013,2026-05-22,Friday,Morning,383,198,696,Urban Hub,East
DC_013,East Urban Hub DC_013,2026-05-22,Friday,Afternoon,568,286,1039,Urban Hub,East
DC_013,East Urban Hub DC_013,2026-05-22,Friday,Evening,370,219,670,Urban Hub,East
DC_014,West Regional Center DC_014,2026-05-22,Friday,Morning,734,541,1605,Regional Center,West
DC_014,West Regional Center DC_014,2026-05-22,Friday,Afternoon,1343,699,2186,Regional Center,West
DC_014,West Regional Center DC_014,2026-05-22,Friday,Evening,639,399,1147,Regional Center,West
DC_015,Central Satellite Depot DC_015,2026-05-22,Friday,Morning,2978,343,1097,Satellite Depot,Central
DC_015,Central Satellite Depot DC_015,2026-05-22,Friday,Afternoon,3367,472,1321,Satellite Depot,Central
DC_015,Central Satellite Depot DC_015,2026-05-22,Friday,Evening,1729,244,813,Satellite Depot,Central
DC_016,North Urban Hub DC_016,2026-05-22,Friday,Morning,154,132,378,Urban Hub,North
DC_016,North Urban Hub DC_016,2026-05-22,Friday,Afternoon,391,206,626,Urban Hub,North
DC_016,North Urban Hub DC_016,2026-05-22,Friday,Evening,147,91,284,Urban Hub,North
DC_017,South Regional Center DC_017,2026-05-22,Friday,Morning,445,312,924,Regional Center,South
DC_017,South Regional Center DC_017,2026-05-22,Friday,Afternoon,719,534,1459,Regional Center,South
DC_017,South Regional Center DC_017,2026-05-22,Friday,Evening,393,228,742,Regional Center,South
DC_018,East Satellite Depot DC_018,2026-05-22,Friday,Morning,217,132,399,Satellite Depot,East
DC_018,East Satellite Depot DC_018,2026-05-22,Friday,Afternoon,258,165,499,Satellite Depot,East
DC_018,East Satellite Depot DC_018,2026-05-22,Friday,Evening,157,90,292,Satellite Depot,East
DC_019,West Urban Hub DC_019,2026-05-22,Friday,Morning,649,352,1128,Urban Hub,West
DC_019,West Urban Hub DC_019,2026-05-22,Friday,Afternoon,759,478,1344,Urban Hub,West
DC_019,West Urban Hub DC_019,2026-05-22,Friday,Evening,600,365,1080,Urban Hub,West
DC_020,Central Regional Center DC_020,2026-05-22,Friday,Morning,406,240,719,Regional Center,Central
DC_020,Central Regional Center DC_020,2026-05-22,Friday,Afternoon,606,365,1091,Regional Center,Central
DC_020,Central Regional Center DC_020,2026-05-22,Friday,Evening,331,177,553,Regional Center,Central
DC_021,North Satellite Depot DC_021,2026-05-22,Friday,Morning,1816,184,607,Satellite Depot,North
DC_021,North Satellite Depot DC_021,2026-05-22,Friday,Afternoon,2222,297,942,Satellite Depot,North
DC_021,North Satellite Depot DC_021,2026-05-22,Friday,Evening,1105,171,519,Satellite Depot,North
DC_022,South Urban Hub DC_022,2026-05-22,Friday,Morning,246,111,393,Urban Hub,South
DC_022,South Urban Hub DC_022,2026-05-22,Friday,Afternoon,429,252,734,Urban Hub,South
DC_022,South Urban Hub DC_022,2026-05-22,Friday,Evening,166,125,348,Urban Hub,South
DC_023,East Regional Center DC_023,2026-05-22,Friday,Morning,612,438,1391,Regional Center,East
DC_023,East Regional Center DC_023,2026-05-22,Friday,Afternoon,1393,798,2566,Regional Center,East
DC_023,East Regional Center DC_023,2026-05-22,Friday,Evening,700,387,1209,Regional Center,East
DC_024,West Satellite Depot DC_024,2026-05-22,Friday,Morning,303,183,552,Satellite Depot,West
DC_024,West Satellite Depot DC_024,2026-05-22,Friday,Afternoon,555,346,987,Satellite Depot,West
DC_024,West Satellite Depot DC_024,2026-05-22,Friday,Evening,252,159,480,Satellite Depot,West
DC_001,North Urban Hub DC_001,2026-05-23,Saturday,Morning,428,267,809,Urban Hub,North
DC_001,North Urban Hub DC_001,2026-05-23,Saturday,Afternoon,883,401,1313,Urban Hub,North
DC_001,North Urban Hub DC_001,2026-05-23,Saturday,Evening,361,236,683,Urban Hub,North
DC_002,South Regional Center DC_002,2026-05-23,Saturday,Morning,206,133,430,Regional Center,South
DC_002,South Regional Center DC_002,2026-05-23,Saturday,Afternoon,374,227,725,Regional Center,South
DC_002,South Regional Center DC_002,2026-05-23,Saturday,Evening,174,104,317,Regional Center,South
DC_003,East Satellite Depot DC_003,2026-05-23,Saturday,Morning,397,370,1170,Satellite Depot,East
DC_003,East Satellite Depot DC_003,2026-05-23,Saturday,Afternoon,472,531,1627,Satellite Depot,East
DC_003,East Satellite Depot DC_003,2026-05-23,Saturday,Evening,366,351,947,Satellite Depot,East
DC_004,West Urban Hub DC_004,2026-05-23,Saturday,Morning,650,402,1313,Urban Hub,West
DC_004,West Urban Hub DC_004,2026-05-23,Saturday,Afternoon,1471,873,2583,Urban Hub,West
DC_004,West Urban Hub DC_004,2026-05-23,Saturday,Evening,619,376,1326,Urban Hub,West
DC_005,Central Regional Center DC_005,2026-05-23,Saturday,Morning,135,76,261,Regional Center,Central
DC_005,Central Regional Center DC_005,2026-05-23,Saturday,Afternoon,199,117,360,Regional Center,Central
DC_005,Central Regional Center DC_005,2026-05-23,Saturday,Evening,102,67,188,Regional Center,Central
DC_006,North Satellite Depot DC_006,2026-05-23,Saturday,Morning,848,100,346,Satellite Depot,North
DC_006,North Satellite Depot DC_006,2026-05-23,Saturday,Afternoon,909,154,417,Satellite Depot,North
DC_006,North Satellite Depot DC_006,2026-05-23,Saturday,Evening,662,70,241,Satellite Depot,North
DC_007,South Urban Hub DC_007,2026-05-23,Saturday,Morning,450,284,825,Urban Hub,South
DC_007,South Urban Hub DC_007,2026-05-23,Saturday,Afternoon,519,328,1082,Urban Hub,South
DC_007,South Urban Hub DC_007,2026-05-23,Saturday,Evening,384,307,748,Urban Hub,South
DC_008,East Regional Center DC_008,2026-05-23,Saturday,Morning,1209,163,489,Regional Center,East
DC_008,East Regional Center DC_008,2026-05-23,Saturday,Afternoon,2250,233,779,Regional Center,East
DC_008,East Regional Center DC_008,2026-05-23,Saturday,Evening,1156,160,470,Regional Center,East
DC_009,West Satellite Depot DC_009,2026-05-23,Saturday,Morning,535,285,875,Satellite Depot,West
DC_009,West Satellite Depot DC_009,2026-05-23,Saturday,Afternoon,648,342,1032,Satellite Depot,West
DC_009,West Satellite Depot DC_009,2026-05-23,Saturday,Evening,551,307,855,Satellite Depot,West
DC_010,Central Urban Hub DC_010,2026-05-23,Saturday,Morning,105,121,381,Urban Hub,Central
DC_010,Central Urban Hub DC_010,2026-05-23,Saturday,Afternoon,198,200,594,Urban Hub,Central
DC_010,Central Urban Hub DC_010,2026-05-23,Saturday,Evening,109,96,316,Urban Hub,Central
DC_011,North Regional Center DC_011,2026-05-23,Saturday,Morning,660,433,1346,Regional Center,North
DC_011,North Regional Center DC_011,2026-05-23,Saturday,Afternoon,1441,797,2277,Regional Center,North
DC_011,North Regional Center DC_011,2026-05-23,Saturday,Evening,766,445,1410,Regional Center,North
DC_012,South Satellite Depot DC_012,2026-05-23,Saturday,Morning,717,487,1344,Satellite Depot,South
DC_012,South Satellite Depot DC_012,2026-05-23,Saturday,Afternoon,1123,687,2186,Satellite Depot,South
DC_012,South Satellite Depot DC_012,2026-05-23,Saturday,Evening,615,346,1118,Satellite Depot,South
DC_013,East Urban Hub DC_013,2026-05-23,Saturday,Morning,490,250,895,Urban Hub,East
DC_013,East Urban Hub DC_013,2026-05-23,Saturday,Afternoon,608,449,1261,Urban Hub,East
DC_013,East Urban Hub DC_013,2026-05-23,Saturday,Evening,398,269,798,Urban Hub,East
DC_014,West Regional Center DC_014,2026-05-23,Saturday,Morning,1077,556,1638,Regional Center,West
DC_014,West Regional Center DC_014,2026-05-23,Saturday,Afternoon,1685,908,2836,Regional Center,West
DC_014,West Regional Center DC_014,2026-05-23,Saturday,Evening,726,474,1333,Regional Center,West
DC_015,Central Satellite Depot DC_015,2026-05-23,Saturday,Morning,3185,419,1174,Satellite Depot,Central
DC_015,Central Satellite Depot DC_015,2026-05-23,Saturday,Afternoon,4763,606,1679,Satellite Depot,Central
DC_015,Central Satellite Depot DC_015,2026-05-23,Saturday,Evening,2861,420,1070,Satellite Depot,Central
DC_016,North Urban Hub DC_016,2026-05-23,Saturday,Morning,198,139,405,Urban Hub,North
DC_016,North Urban Hub DC_016,2026-05-23,Saturday,Afternoon,416,222,716,Urban Hub,North
DC_016,North Urban Hub DC_016,2026-05-23,Saturday,Evening,196,140,385,Urban Hub,North
DC_017,South Regional Center DC_017,2026-05-23,Saturday,Morning,490,353,1025,Regional Center,South
DC_017,South Regional Center DC_017,2026-05-23,Saturday,Afternoon,995,572,1792,Regional Center,South
DC_017,South Regional Center DC_017,2026-05-23,Saturday,Evening,464,285,821,Regional Center,South
DC_018,East Satellite Depot DC_018,2026-05-23,Saturday,Morning,215,127,407,Satellite Depot,East
DC_018,East Satellite Depot DC_018,2026-05-23,Saturday,Afternoon,337,183,576,Satellite Depot,East
DC_018,East Satellite Depot DC_018,2026-05-23,Saturday,Evening,147,100,306,Satellite Depot,East
DC_019,West Urban Hub DC_019,2026-05-23,Saturday,Morning,655,417,1285,Urban Hub,West
DC_019,West Urban Hub DC_019,2026-05-23,Saturday,Afternoon,1019,510,1717,Urban Hub,West
DC_019,West Urban Hub DC_019,2026-05-23,Saturday,Evening,704,347,1107,Urban Hub,West
DC_020,Central Regional Center DC_020,2026-05-23,Saturday,Morning,469,287,806,Regional Center,Central
DC_020,Central Regional Center DC_020,2026-05-23,Saturday,Afternoon,899,473,1367,Regional Center,Central
DC_020,Central Regional Center DC_020,2026-05-23,Saturday,Evening,328,219,710,Regional Center,Central
DC_021,North Satellite Depot DC_021,2026-05-23,Saturday,Morning,1386,223,616,Satellite Depot,North
DC_021,North Satellite Depot DC_021,2026-05-23,Saturday,Afternoon,2496,352,1013,Satellite Depot,North
DC_021,North Satellite Depot DC_021,2026-05-23,Saturday,Evening,1580,178,582,Satellite Depot,North
DC_022,South Urban Hub DC_022,2026-05-23,Saturday,Morning,211,136,408,Urban Hub,South
DC_022,South Urban Hub DC_022,2026-05-23,Saturday,Afternoon,419,230,785,Urban Hub,South
DC_022,South Urban Hub DC_022,2026-05-23,Saturday,Evening,224,126,415,Urban Hub,South
DC_023,East Regional Center DC_023,2026-05-23,Saturday,Morning,1045,812,2053,Regional Center,East
DC_023,East Regional Center DC_023,2026-05-23,Saturday,Afternoon,1252,958,2668,Regional Center,East
DC_023,East Regional Center DC_023,2026-05-23,Saturday,Evening,858,590,1722,Regional Center,East
DC_024,West Satellite Depot DC_024,2026-05-23,Saturday,Morning,373,183,663,Satellite Depot,West
DC_024,West Satellite Depot DC_024,2026-05-23,Saturday,Afternoon,635,386,1101,Satellite Depot,West
DC_024,West Satellite Depot DC_024,2026-05-23,Saturday,Evening,393,245,721,Satellite Depot,West
DC_001,North Urban Hub DC_001,2026-05-24,Sunday,Morning,596,412,1183,Urban Hub,North
DC_001,North Urban Hub DC_001,2026-05-24,Sunday,Afternoon,688,463,1438,Urban Hub,North
DC_001,North Urban Hub DC_001,2026-05-24,Sunday,Evening,499,275,776,Urban Hub,North
DC_002,South Regional Center DC_002,2026-05-24,Sunday,Morning,219,117,330,Regional Center,South
DC_002,South Regional Center DC_002,2026-05-24,Sunday,Afternoon,284,144,509,Regional Center,South
DC_002,South Regional Center DC_002,2026-05-24,Sunday,Evening,162,93,299,Regional Center,South
DC_003,East Satellite Depot DC_003,2026-05-24,Sunday,Morning,0,0,0,Satellite Depot,East
DC_003,East Satellite Depot DC_003,2026-05-24,Sunday,Afternoon,0,0,0,Satellite Depot,East
DC_003,East Satellite Depot DC_003,2026-05-24,Sunday,Evening,0,0,0,Satellite Depot,East
DC_004,West Urban Hub DC_004,2026-05-24,Sunday,Morning,623,418,1212,Urban Hub,West
DC_004,West Urban Hub DC_004,2026-05-24,Sunday,Afternoon,1265,730,2061,Urban Hub,West
DC_004,West Urban Hub DC_004,2026-05-24,Sunday,Evening,551,352,1136,Urban Hub,West
DC_005,Central Regional Center DC_005,2026-05-24,Sunday,Morning,111,69,216,Regional Center,Central
DC_005,Central Regional Center DC_005,2026-05-24,Sunday,Afternoon,144,87,292,Regional Center,Central
DC_005,Central Regional Center DC_005,2026-05-24,Sunday,Evening,90,48,168,Regional Center,Central
DC_006,North Satellite Depot DC_006,2026-05-24,Sunday,Morning,0,0,0,Satellite Depot,North
DC_006,North Satellite Depot DC_006,2026-05-24,Sunday,Afternoon,0,0,0,Satellite Depot,North
DC_006,North Satellite Depot DC_006,2026-05-24,Sunday,Evening,0,0,0,Satellite Depot,North
DC_007,South Urban Hub DC_007,2026-05-24,Sunday,Morning,427,286,945,Urban Hub,South
DC_007,South Urban Hub DC_007,2026-05-24,Sunday,Afternoon,673,426,1354,Urban Hub,South
DC_007,South Urban Hub DC_007,2026-05-24,Sunday,Evening,489,277,872,Urban Hub,South
DC_008,East Regional Center DC_008,2026-05-24,Sunday,Morning,1546,209,602,Regional Center,East
DC_008,East Regional Center DC_008,2026-05-24,Sunday,Afternoon,2363,278,953,Regional Center,East
DC_008,East Regional Center DC_008,2026-05-24,Sunday,Evening,1359,153,506,Regional Center,East
DC_009,West Satellite Depot DC_009,2026-05-24,Sunday,Morning,0,0,0,Satellite Depot,West
DC_009,West Satellite Depot DC_009,2026-05-24,Sunday,Afternoon,0,0,0,Satellite Depot,West
DC_009,West Satellite Depot DC_009,2026-05-24,Sunday,Evening,0,0,0,Satellite Depot,West
DC_010,Central Urban Hub DC_010,2026-05-24,Sunday,Morning,97,105,312,Urban Hub,Central
DC_010,Central Urban Hub DC_010,2026-05-24,Sunday,Afternoon,157,179,514,Urban Hub,Central
DC_010,Central Urban Hub DC_010,2026-05-24,Sunday,Evening,95,105,297,Urban Hub,Central
DC_011,North Regional Center DC_011,2026-05-24,Sunday,Morning,554,335,1190,Regional Center,North
DC_011,North Regional Center DC_011,2026-05-24,Sunday,Afternoon,975,607,2067,Regional Center,North
DC_011,North Regional Center DC_011,2026-05-24,Sunday,Evening,572,343,1110,Regional Center,North
DC_012,South Satellite Depot DC_012,2026-05-24,Sunday,Morning,0,0,0,Satellite Depot,South
DC_012,South Satellite Depot DC_012,2026-05-24,Sunday,Afternoon,0,0,0,Satellite Depot,South
DC_012,South Satellite Depot DC_012,2026-05-24,Sunday,Evening,0,0,0,Satellite Depot,South
DC_013,East Urban Hub DC_013,2026-05-24,Sunday,Morning,443,282,780,Urban Hub,East
DC_013,East Urban Hub DC_013,2026-05-24,Sunday,Afternoon,685,396,1231,Urban Hub,East
DC_013,East Urban Hub DC_013,2026-05-24,Sunday,Evening,282,180,596,Urban Hub,East
DC_014,West Regional Center DC_014,2026-05-24,Sunday,Morning,883,487,1469,Regional Center,West
DC_014,West Regional Center DC_014,2026-05-24,Sunday,Afternoon,1228,751,2349,Regional Center,West
DC_014,West Regional Center DC_014,2026-05-24,Sunday,Evening,629,411,1269,Regional Center,West
DC_015,Central Satellite Depot DC_015,2026-05-24,Sunday,Morning,0,0,0,Satellite Depot,Central
DC_015,Central Satellite Depot DC_015,2026-05-24,Sunday,Afternoon,0,0,0,Satellite Depot,Central
DC_015,Central Satellite Depot DC_015,2026-05-24,Sunday,Evening,0,0,0,Satellite Depot,Central
DC_016,North Urban Hub DC_016,2026-05-24,Sunday,Morning,257,156,482,Urban Hub,North
DC_016,North Urban Hub DC_016,2026-05-24,Sunday,Afternoon,354,258,693,Urban Hub,North
DC_016,North Urban Hub DC_016,2026-05-24,Sunday,Evening,234,145,474,Urban Hub,North
DC_017,South Regional Center DC_017,2026-05-24,Sunday,Morning,454,228,788,Regional Center,South
DC_017,South Regional Center DC_017,2026-05-24,Sunday,Afternoon,872,544,1828,Regional Center,South
DC_017,South Regional Center DC_017,2026-05-24,Sunday,Evening,461,237,794,Regional Center,South
DC_018,East Satellite Depot DC_018,2026-05-24,Sunday,Morning,0,0,0,Satellite Depot,East
DC_018,East Satellite Depot DC_018,2026-05-24,Sunday,Afternoon,0,0,0,Satellite Depot,East
DC_018,East Satellite Depot DC_018,2026-05-24,Sunday,Evening,0,0,0,Satellite Depot,East
DC_019,West Urban Hub DC_019,2026-05-24,Sunday,Morning,921,526,1541,Urban Hub,West
DC_019,West Urban Hub DC_019,2026-05-24,Sunday,Afternoon,1355,740,2200,Urban Hub,West
DC_019,West Urban Hub DC_019,2026-05-24,Sunday,Evening,592,360,1175,Urban Hub,West
DC_020,Central Regional Center DC_020,2026-05-24,Sunday,Morning,342,175,625,Regional Center,Central
DC_020,Central Regional Center DC_020,2026-05-24,Sunday,Afternoon,492,308,963,Regional Center,Central
DC_020,Central Regional Center DC_020,2026-05-24,Sunday,Evening,327,211,631,Regional Center,Central
DC_021,North Satellite Depot DC_021,2026-05-24,Sunday,Morning,0,0,0,Satellite Depot,North
DC_021,North Satellite Depot DC_021,2026-05-24,Sunday,Afternoon,0,0,0,Satellite Depot,North
DC_021,North Satellite Depot DC_021,2026-05-24,Sunday,Evening,0,0,0,Satellite Depot,North
DC_022,South Urban Hub DC_022,2026-05-24,Sunday,Morning,281,169,513,Urban Hub,South
DC_022,South Urban Hub DC_022,2026-05-24,Sunday,Afternoon,495,260,762,Urban Hub,South
DC_022,South Urban Hub DC_022,2026-05-24,Sunday,Evening,280,144,453,Urban Hub,South
DC_023,East Regional Center DC_023,2026-05-24,Sunday,Morning,857,568,1742,Regional Center,East
DC_023,East Regional Center DC_023,2026-05-24,Sunday,Afternoon,1015,650,2038,Regional Center,East
DC_023,East Regional Center DC_023,2026-05-24,Sunday,Evening,615,474,1373,Regional Center,East
DC_024,West Satellite Depot DC_024,2026-05-24,Sunday,Morning,0,0,0,Satellite Depot,West
DC_024,West Satellite Depot DC_024,2026-05-24,Sunday,Afternoon,0,0,0,Satellite Depot,West
DC_024,West Satellite Depot DC_024,2026-05-24,Sunday,Evening,0,0,0,Satellite Depot,West
DC_001,North Urban Hub DC_001,2026-05-25,Monday,Morning,516,264,853,Urban Hub,North
DC_001,North Urban Hub DC_001,2026-05-25,Monday,Afternoon,721,437,1273,Urban Hub,North
DC_001,North Urban Hub DC_001,2026-05-25,Monday,Evening,396,237,747,Urban Hub,North
DC_002,South Regional Center DC_002,2026-05-25,Monday,Morning,158,104,296,Regional Center,South
DC_002,South Regional Center DC_002,2026-05-25,Monday,Afternoon,228,114,412,Regional Center,South
DC_002,South Regional Center DC_002,2026-05-25,Monday,Evening,120,69,217,Regional Center,South
DC_003,East Satellite Depot DC_003,2026-05-25,Monday,Morning,200,226,684,Satellite Depot,East
DC_003,East Satellite Depot DC_003,2026-05-25,Monday,Afternoon,308,290,1030,Satellite Depot,East
DC_003,East Satellite Depot DC_003,2026-05-25,Monday,Evening,212,210,649,Satellite Depot,East
DC_004,West Urban Hub DC_004,2026-05-25,Monday,Morning,556,367,1060,Urban Hub,West
DC_004,West Urban Hub DC_004,2026-05-25,Monday,Afternoon,888,551,1702,Urban Hub,West
DC_004,West Urban Hub DC_004,2026-05-25,Monday,Evening,418,301,790,Urban Hub,West
DC_005,Central Regional Center DC_005,2026-05-25,Monday,Morning,87,48,154,Regional Center,Central
DC_005,Central Regional Center DC_005,2026-05-25,Monday,Afternoon,140,80,278,Regional Center,Central
DC_005,Central Regional Center DC_005,2026-05-25,Monday,Evening,68,40,141,Regional Center,Central
DC_006,North Satellite Depot DC_006,2026-05-25,Monday,Morning,813,89,291,Satellite Depot,North
DC_006,North Satellite Depot DC_006,2026-05-25,Monday,Afternoon,1170,152,463,Satellite Depot,North
DC_006,North Satellite Depot DC_006,2026-05-25,Monday,Evening,547,87,245,Satellite Depot,North
DC_007,South Urban Hub DC_007,2026-05-25,Monday,Morning,418,305,825,Urban Hub,South
DC_007,South Urban Hub DC_007,2026-05-25,Monday,Afternoon,623,338,1095,Urban Hub,South
DC_007,South Urban Hub DC_007,2026-05-25,Monday,Evening,340,231,633,Urban Hub,South
DC_008,East Regional Center DC_008,2026-05-25,Monday,Morning,2158,261,842,Regional Center,East
DC_008,East Regional Center DC_008,2026-05-25,Monday,Afternoon,2807,285,1019,Regional Center,East
DC_008,East Regional Center DC_008,2026-05-25,Monday,Evening,1259,179,501,Regional Center,East
DC_009,West Satellite Depot DC_009,2026-05-25,Monday,Morning,311,192,548,Satellite Depot,West
DC_009,West Satellite Depot DC_009,2026-05-25,Monday,Afternoon,604,282,852,Satellite Depot,West
DC_009,West Satellite Depot DC_009,2026-05-25,Monday,Evening,287,135,469,Satellite Depot,West
DC_010,Central Urban Hub DC_010,2026-05-25,Monday,Morning,78,80,236,Urban Hub,Central
DC_010,Central Urban Hub DC_010,2026-05-25,Monday,Afternoon,105,99,367,Urban Hub,Central
DC_010,Central Urban Hub DC_010,2026-05-25,Monday,Evening,64,62,219,Urban Hub,Central
DC_011,North Regional Center DC_011,2026-05-25,Monday,Morning,478,314,1035,Regional Center,North
DC_011,North Regional Center DC_011,2026-05-25,Monday,Afternoon,792,582,1539,Regional Center,North
DC_011,North Regional Center DC_011,2026-05-25,Monday,Evening,541,321,865,Regional Center,North
DC_012,South Satellite Depot DC_012,2026-05-25,Monday,Morning,575,311,964,Satellite Depot,South
DC_012,South Satellite Depot DC_012,2026-05-25,Monday,Afternoon,753,501,1440,Satellite Depot,South
DC_012,South Satellite Depot DC_012,2026-05-25,Monday,Evening,455,264,848,Satellite Depot,South
DC_013,East Urban Hub DC_013,2026-05-25,Monday,Morning,293,160,541,Urban Hub,East
DC_013,East Urban Hub DC_013,2026-05-25,Monday,Afternoon,557,326,967,Urban Hub,East
DC_013,East Urban Hub DC_013,2026-05-25,Monday,Evening,261,167,459,Urban Hub,East
DC_014,West Regional Center DC_014,2026-05-25,Monday,Morning,591,406,1179,Regional Center,West
DC_014,West Regional Center DC_014,2026-05-25,Monday,Afternoon,965,528,1775,Regional Center,West
DC_014,West Regional Center DC_014,2026-05-25,Monday,Evening,532,327,945,Regional Center,West
DC_015,Central Satellite Depot DC_015,2026-05-25,Monday,Morning,1732,230,706,Satellite Depot,Central
DC_015,Central Satellite Depot DC_015,2026-05-25,Monday,Afternoon,2687,341,1169,Satellite Depot,Central
DC_015,Central Satellite Depot DC_015,2026-05-25,Monday,Evening,1364,178,562,Satellite Depot,Central
DC_016,North Urban Hub DC_016,2026-05-25,Monday,Morning,205,149,397,Urban Hub,North
DC_016,North Urban Hub DC_016,2026-05-25,Monday,Afternoon,350,239,690,Urban Hub,North
DC_016,North Urban Hub DC_016,2026-05-25,Monday,Evening,208,108,327,Urban Hub,North
DC_017,South Regional Center DC_017,2026-05-25,Monday,Morning,427,212,700,Regional Center,South
DC_017,South Regional Center DC_017,2026-05-25,Monday,Afternoon,642,398,1204,Regional Center,South
DC_017,South Regional Center DC_017,2026-05-25,Monday,Evening,335,222,628,Regional Center,South
DC_018,East Satellite Depot DC_018,2026-05-25,Monday,Morning,200,116,366,Satellite Depot,East
DC_018,East Satellite Depot DC_018,2026-05-25,Monday,Afternoon,302,213,579,Satellite Depot,East
DC_018,East Satellite Depot DC_018,2026-05-25,Monday,Evening,180,91,339,Satellite Depot,East
DC_019,West Urban Hub DC_019,2026-05-25,Monday,Morning,637,324,1235,Urban Hub,West
DC_019,West Urban Hub DC_019,2026-05-25,Monday,Afternoon,1040,680,1941,Urban Hub,West
DC_019,West Urban Hub DC_019,2026-05-25,Monday,Evening,714,372,1192,Urban Hub,West
DC_020,Central Regional Center DC_020,2026-05-25,Monday,Morning,289,194,534,Regional Center,Central
DC_020,Central Regional Center DC_020,2026-05-25,Monday,Afternoon,504,329,921,Regional Center,Central
DC_020,Central Regional Center DC_020,2026-05-25,Monday,Evening,284,160,508,Regional Center,Central
DC_021,North Satellite Depot DC_021,2026-05-25,Monday,Morning,1681,267,681,Satellite Depot,North
DC_021,North Satellite Depot DC_021,2026-05-25,Monday,Afternoon,2634,335,1011,Satellite Depot,North
DC_021,North Satellite Depot DC_021,2026-05-25,Monday,Evening,1612,167,527,Satellite Depot,North
DC_022,South Urban Hub DC_022,2026-05-25,Monday,Morning,225,131,412,Urban Hub,South
DC_022,South Urban Hub DC_022,2026-05-25,Monday,Afternoon,435,217,753,Urban Hub,South
DC_022,South Urban Hub DC_022,2026-05-25,Monday,Evening,230,147,415,Urban Hub,South
DC_023,East Regional Center DC_023,2026-05-25,Monday,Morning,582,385,1122,Regional Center,East
DC_023,East Regional Center DC_023,2026-05-25,Monday,Afternoon,1188,725,2085,Regional Center,East
DC_023,East Regional Center DC_023,2026-05-25,Monday,Evening,614,347,1076,Regional Center,East
DC_024,West Satellite Depot DC_024,2026-05-25,Monday,Morning,294,179,559,Satellite Depot,West
DC_024,West Satellite Depot DC_024,2026-05-25,Monday,Afternoon,503,247,790,Satellite Depot,West
DC_024,West Satellite Depot DC_024,2026-05-25,Monday,Evening,214,134,437,Satellite Depot,West
DC_001,North Urban Hub DC_001,2026-05-26,Tuesday,Morning,332,227,687,Urban Hub,North
DC_001,North Urban Hub DC_001,2026-05-26,Tuesday,Afternoon,586,332,1068,Urban Hub,North
DC_001,North Urban Hub DC_001,2026-05-26,Tuesday,Evening,259,157,564,Urban Hub,North
DC_002,South Regional Center DC_002,2026-05-26,Tuesday,Morning,176,140,379,Regional Center,South
DC_002,South Regional Center DC_002,2026-05-26,Tuesday,Afternoon,259,151,471,Regional Center,South
DC_002,South Regional Center DC_002,2026-05-26,Tuesday,Evening,184,86,291,Regional Center,South
DC_003,East Satellite Depot DC_003,2026-05-26,Tuesday,Morning,286,296,997,Satellite Depot,East
DC_003,East Satellite Depot DC_003,2026-05-26,Tuesday,Afternoon,456,416,1298,Satellite Depot,East
DC_003,East Satellite Depot DC_003,2026-05-26,Tuesday,Evening,277,278,829,Satellite Depot,East
DC_004,West Urban Hub DC_004,2026-05-26,Tuesday,Morning,668,484,1397,Urban Hub,West
DC_004,West Urban Hub DC_004,2026-05-26,Tuesday,Afternoon,1055,605,1885,Urban Hub,West
DC_004,West Urban Hub DC_004,2026-05-26,Tuesday,Evening,672,345,1164,Urban Hub,West
DC_005,Central Regional Center DC_005,2026-05-26,Tuesday,Morning,86,62,198,Regional Center,Central
DC_005,Central Regional Center DC_005,2026-05-26,Tuesday,Afternoon,147,97,292,Regional Center,Central
DC_005,Central Regional Center DC_005,2026-05-26,Tuesday,Evening,76,46,140,Regional Center,Central
DC_006,North Satellite Depot DC_006,2026-05-26,Tuesday,Morning,557,83,214,Satellite Depot,North
DC_006,North Satellite Depot DC_006,2026-05-26,Tuesday,Afternoon,903,115,358,Satellite Depot,North
DC_006,North Satellite Depot DC_006,2026-05-26,Tuesday,Evening,515,68,198,Satellite Depot,North
DC_007,South Urban Hub DC_007,2026-05-26,Tuesday,Morning,330,217,623,Urban Hub,South
DC_007,South Urban Hub DC_007,2026-05-26,Tuesday,Afternoon,495,312,954,Urban Hub,South
DC_007,South Urban Hub DC_007,2026-05-26,Tuesday,Evening,334,204,619,Urban Hub,South
DC_008,East Regional Center DC_008,2026-05-26,Tuesday,Morning,1613,173,566,Regional Center,East
DC_008,East Regional Center DC_008,2026-05-26,Tuesday,Afternoon,2269,280,831,Regional Center,East
DC_008,East Regional Center DC_008,2026-05-26,Tuesday,Evening,1398,151,450,Regional Center,East
DC_009,West Satellite Depot DC_009,2026-05-26,Tuesday,Morning,385,211,737,Satellite Depot,West
DC_009,West Satellite Depot DC_009,2026-05-26,Tuesday,Afternoon,555,307,1095,Satellite Depot,West
DC_009,West Satellite Depot DC_009,2026-05-26,Tuesday,Evening,301,184,570,Satellite Depot,West
DC_010,Central Urban Hub DC_010,2026-05-26,Tuesday,Morning,109,115,338,Urban Hub,Central
DC_010,Central Urban Hub DC_010,2026-05-26,Tuesday,Afternoon,165,146,471,Urban Hub,Central
DC_010,Central Urban Hub DC_010,2026-05-26,Tuesday,Evening,85,80,259,Urban Hub,Central
DC_011,North Regional Center DC_011,2026-05-26,Tuesday,Morning,569,364,1087,Regional Center,North
DC_011,North Regional Center DC_011,2026-05-26,Tuesday,Afternoon,1192,771,2274,Regional Center,North
DC_011,North Regional Center DC_011,2026-05-26,Tuesday,Evening,432,304,915,Regional Center,North
DC_012,South Satellite Depot DC_012,2026-05-26,Tuesday,Morning,558,332,1082,Satellite Depot,South
DC_012,South Satellite Depot DC_012,2026-05-26,Tuesday,Afternoon,967,580,1820,Satellite Depot,South
DC_012,South Satellite Depot DC_012,2026-05-26,Tuesday,Evening,505,306,980,Satellite Depot,South
DC_013,East Urban Hub DC_013,2026-05-26,Tuesday,Morning,419,273,791,Urban Hub,East
DC_013,East Urban Hub DC_013,2026-05-26,Tuesday,Afternoon,535,406,1078,Urban Hub,East
DC_013,East Urban Hub DC_013,2026-05-26,Tuesday,Evening,254,149,520,Urban Hub,East
DC_014,West Regional Center DC_014,2026-05-26,Tuesday,Morning,687,434,1302,Regional Center,West
DC_014,West Regional Center DC_014,2026-05-26,Tuesday,Afternoon,1100,767,2128,Regional Center,West
DC_014,West Regional Center DC_014,2026-05-26,Tuesday,Evening,603,359,1101,Regional Center,West
DC_015,Central Satellite Depot DC_015,2026-05-26,Tuesday,Morning,2059,287,859,Satellite Depot,Central
DC_015,Central Satellite Depot DC_015,2026-05-26,Tuesday,Afternoon,3436,446,1368,Satellite Depot,Central
DC_015,Central Satellite Depot DC_015,2026-05-26,Tuesday,Evening,2381,305,839,Satellite Depot,Central
DC_016,North Urban Hub DC_016,2026-05-26,Tuesday,Morning,169,115,320,Urban Hub,North
DC_016,North Urban Hub DC_016,2026-05-26,Tuesday,Afternoon,229,150,437,Urban Hub,North
DC_016,North Urban Hub DC_016,2026-05-26,Tuesday,Evening,117,82,241,Urban Hub,North
DC_017,South Regional Center DC_017,2026-05-26,Tuesday,Morning,513,305,967,Regional Center,South
DC_017,South Regional Center DC_017,2026-05-26,Tuesday,Afternoon,935,464,1305,Regional Center,South
DC_017,South Regional Center DC_017,2026-05-26,Tuesday,Evening,375,275,730,Regional Center,South
DC_018,East Satellite Depot DC_018,2026-05-26,Tuesday,Morning,183,97,306,Satellite Depot,East
DC_018,East Satellite Depot DC_018,2026-05-26,Tuesday,Afternoon,228,137,460,Satellite Depot,East
DC_018,East Satellite Depot DC_018,2026-05-26,Tuesday,Evening,130,88,265,Satellite Depot,East
DC_019,West Urban Hub DC_019,2026-05-26,Tuesday,Morning,750,419,1243,Urban Hub,West
DC_019,West Urban Hub DC_019,2026-05-26,Tuesday,Afternoon,809,506,1631,Urban Hub,West
DC_019,West Urban Hub DC_019,2026-05-26,Tuesday,Evening,594,255,891,Urban Hub,West
DC_020,Central Regional Center DC_020,2026-05-26,Tuesday,Morning,315,256,663,Regional Center,Central
DC_020,Central Regional Center DC_020,2026-05-26,Tuesday,Afternoon,581,318,1032,Regional Center,Central
DC_020,Central Regional Center DC_020,2026-05-26,Tuesday,Evening,296,203,576,Regional Center,Central
DC_021,North Satellite Depot DC_021,2026-05-26,Tuesday,Morning,1328,157,506,Satellite Depot,North
DC_021,North Satellite Depot DC_021,2026-05-26,Tuesday,Afternoon,2092,296,822,Satellite Depot,North
DC_021,North Satellite Depot DC_021,2026-05-26,Tuesday,Evening,880,122,427,Satellite Depot,North
DC_022,South Urban Hub DC_022,2026-05-26,Tuesday,Morning,148,84,280,Urban Hub,South
DC_022,South Urban Hub DC_022,2026-05-26,Tuesday,Afternoon,303,179,544,Urban Hub,South
DC_022,South Urban Hub DC_022,2026-05-26,Tuesday,Evening,192,94,320,Urban Hub,South
DC_023,East Regional Center DC_023,2026-05-26,Tuesday,Morning,898,454,1535,Regional Center,East
DC_023,East Regional Center DC_023,2026-05-26,Tuesday,Afternoon,1140,685,2027,Regional Center,East
DC_023,East Regional Center DC_023,2026-05-26,Tuesday,Evening,858,588,1505,Regional Center,East
DC_024,West Satellite Depot DC_024,2026-05-26,Tuesday,Morning,306,182,601,Satellite Depot,West
DC_024,West Satellite Depot DC_024,2026-05-26,Tuesday,Afternoon,523,355,1117,Satellite Depot,West
DC_024,West Satellite Depot DC_024,2026-05-26,Tuesday,Evening,224,162,488,Satellite Depot,West
DC_001,North Urban Hub DC_001,2026-05-27,Wednesday,Morning,446,289,804,Urban Hub,North
DC_001,North Urban Hub DC_001,2026-05-27,Wednesday,Afternoon,668,374,1226,Urban Hub,North
DC_001,North Urban Hub DC_001,2026-05-27,Wednesday,Evening,416,254,686,Urban Hub,North
DC_002,South Regional Center DC_002,2026-05-27,Wednesday,Morning,185,118,350,Regional Center,South
DC_002,South Regional Center DC_002,2026-05-27,Wednesday,Afternoon,255,144,498,Regional Center,South
DC_002,South Regional Center DC_002,2026-05-27,Wednesday,Evening,142,81,269,Regional Center,South
DC_003,East Satellite Depot DC_003,2026-05-27,Wednesday,Morning,251,251,777,Satellite Depot,East
DC_003,East Satellite Depot DC_003,2026-05-27,Wednesday,Afternoon,353,358,1112,Satellite Depot,East
DC_003,East Satellite Depot DC_003,2026-05-27,Wednesday,Evening,263,233,722,Satellite Depot,East
DC_004,West Urban Hub DC_004,2026-05-27,Wednesday,Morning,615,406,1387,Urban Hub,West
DC_004,West Urban Hub DC_004,2026-05-27,Wednesday,Afternoon,865,570,1697,Urban Hub,West
DC_004,West Urban Hub DC_004,2026-05-27,Wednesday,Evening,612,398,1064,Urban Hub,West
DC_005,Central Regional Center DC_005,2026-05-27,Wednesday,Morning,92,58,185,Regional Center,Central
DC_005,Central Regional Center DC_005,2026-05-27,Wednesday,Afternoon,154,92,295,Regional Center,Central
DC_005,Central Regional Center DC_005,2026-05-27,Wednesday,Evening,91,53,166,Regional Center,Central
DC_006,North Satellite Depot DC_006,2026-05-27,Wednesday,Morning,867,109,340,Satellite Depot,North
DC_006,North Satellite Depot DC_006,2026-05-27,Wednesday,Afternoon,1191,151,452,Satellite Depot,North
DC_006,North Satellite Depot DC_006,2026-05-27,Wednesday,Evening,687,83,253,Satellite Depot,North
DC_007,South Urban Hub DC_007,2026-05-27,Wednesday,Morning,373,218,709,Urban Hub,South
DC_007,South Urban Hub DC_007,2026-05-27,Wednesday,Afternoon,737,344,1116,Urban Hub,South
DC_007,South Urban Hub DC_007,2026-05-27,Wednesday,Evening,375,193,637,Urban Hub,South
DC_008,East Regional Center DC_008,2026-05-27,Wednesday,Morning,971,134,414,Regional Center,East
DC_008,East Regional Center DC_008,2026-05-27,Wednesday,Afternoon,1453,191,573,Regional Center,East
DC_008,East Regional Center DC_008,2026-05-27,Wednesday,Evening,1032,121,371,Regional Center,East
DC_009,West Satellite Depot DC_009,2026-05-27,Wednesday,Morning,418,188,644,Satellite Depot,West
DC_009,West Satellite Depot DC_009,2026-05-27,Wednesday,Afternoon,565,350,986,Satellite Depot,West
DC_009,West Satellite Depot DC_009,2026-05-27,Wednesday,Evening,361,189,593,Satellite Depot,West
DC_010,Central Urban Hub DC_010,2026-05-27,Wednesday,Morning,95,99,280,Urban Hub,Central
DC_010,Central Urban Hub DC_010,2026-05-27,Wednesday,Afternoon,134,132,416,Urban Hub,Central
DC_010,Central Urban Hub DC_010,2026-05-27,Wednesday,Evening,74,68,227,Urban Hub,Central
DC_011,North Regional Center DC_011,2026-05-27,Wednesday,Morning,554,364,1041,Regional Center,North
DC_011,North Regional Center DC_011,2026-05-27,Wednesday,Afternoon,856,556,1649,Regional Center,North
DC_011,North Regional Center DC_011,2026-05-27,Wednesday,Evening,426,271,903,Regional Center,North
DC_012,South Satellite Depot DC_012,2026-05-27,Wednesday,Morning,590,292,950,Satellite Depot,South
DC_012,South Satellite Depot DC_012,2026-05-27,Wednesday,Afternoon,765,506,1647,Satellite Depot,South
DC_012,South Satellite Depot DC_012,2026-05-27,Wednesday,Evening,566,297,959,Satellite Depot,South
DC_013,East Urban Hub DC_013,2026-05-27,Wednesday,Morning,300,198,635,Urban Hub,East
DC_013,East Urban Hub DC_013,2026-05-27,Wednesday,Afternoon,489,271,991,Urban Hub,East
DC_013,East Urban Hub DC_013,2026-05-27,Wednesday,Evening,293,194,579,Urban Hub,East
DC_014,West Regional Center DC_014,2026-05-27,Wednesday,Morning,885,458,1420,Regional Center,West
DC_014,West Regional Center DC_014,2026-05-27,Wednesday,Afternoon,962,801,2122,Regional Center,West
DC_014,West Regional Center DC_014,2026-05-27,Wednesday,Evening,544,378,1149,Regional Center,West
DC_015,Central Satellite Depot DC_015,2026-05-27,Wednesday,Morning,2542,316,906,Satellite Depot,Central
DC_015,Central Satellite Depot DC_015,2026-05-27,Wednesday,Afternoon,3232,412,1176,Satellite Depot,Central
DC_015,Central Satellite Depot DC_015,2026-05-27,Wednesday,Evening,2158,259,772,Satellite Depot,Central
DC_016,North Urban Hub DC_016,2026-05-27,Wednesday,Morning,205,129,384,Urban Hub,North
DC_016,North Urban Hub DC_016,2026-05-27,Wednesday,Afternoon,289,162,547,Urban Hub,North
DC_016,North Urban Hub DC_016,2026-05-27,Wednesday,Evening,190,109,335,Urban Hub,North
DC_017,South Regional Center DC_017,2026-05-27,Wednesday,Morning,388,240,720,Regional Center,South
DC_017,South Regional Center DC_017,2026-05-27,Wednesday,Afternoon,686,399,1195,Regional Center,South
DC_017,South Regional Center DC_017,2026-05-27,Wednesday,Evening,373,270,775,Regional Center,South
DC_018,East Satellite Depot DC_018,2026-05-27,Wednesday,Morning,200,108,358,Satellite Depot,East
DC_018,East Satellite Depot DC_018,2026-05-27,Wednesday,Afternoon,299,175,567,Satellite Depot,East
DC_018,East Satellite Depot DC_018,2026-05-27,Wednesday,Evening,139,96,296,Satellite Depot,East
DC_019,West Urban Hub DC_019,2026-05-27,Wednesday,Morning,625,337,1148,Urban Hub,West
DC_019,West Urban Hub DC_019,2026-05-27,Wednesday,Afternoon,871,607,1786,Urban Hub,West
DC_019,West Urban Hub DC_019,2026-05-27,Wednesday,Evening,483,335,964,Urban Hub,West
DC_020,Central Regional Center DC_020,2026-05-27,Wednesday,Morning,360,243,699,Regional Center,Central
DC_020,Central Regional Center DC_020,2026-05-27,Wednesday,Afternoon,550,307,978,Regional Center,Central
DC_020,Central Regional Center DC_020,2026-05-27,Wednesday,Evening,347,195,629,Regional Center,Central
DC_021,North Satellite Depot DC_021,2026-05-27,Wednesday,Morning,1593,202,619,Satellite Depot,North
DC_021,North Satellite Depot DC_021,2026-05-27,Wednesday,Afternoon,2157,285,863,Satellite Depot,North
DC_021,North Satellite Depot DC_021,2026-05-27,Wednesday,Evening,1122,153,477,Satellite Depot,North
DC_022,South Urban Hub DC_022,2026-05-27,Wednesday,Morning,207,166,439,Urban Hub,South
DC_022,South Urban Hub DC_022,2026-05-27,Wednesday,Afternoon,430,235,739,Urban Hub,South
DC_022,South Urban Hub DC_022,2026-05-27,Wednesday,Evening,208,104,355,Urban Hub,South
DC_023,East Regional Center DC_023,2026-05-27,Wednesday,Morning,937,541,1723,Regional Center,East
DC_023,East Regional Center DC_023,2026-05-27,Wednesday,Afternoon,1031,879,2260,Regional Center,East
DC_023,East Regional Center DC_023,2026-05-27,Wednesday,Evening,737,513,1288,Regional Center,East
DC_024,West Satellite Depot DC_024,2026-05-27,Wednesday,Morning,269,203,595,Satellite Depot,West
DC_024,West Satellite Depot DC_024,2026-05-27,Wednesday,Afternoon,466,316,977,Satellite Depot,West
DC_024,West Satellite Depot DC_024,2026-05-27,Wednesday,Evening,329,177,516,Satellite Depot,West
DC_001,North Urban Hub DC_001,2026-05-28,Thursday,Morning,469,278,886,Urban Hub,North
DC_001,North Urban Hub DC_001,2026-05-28,Thursday,Afternoon,550,419,1252,Urban Hub,North
DC_001,North Urban Hub DC_001,2026-05-28,Thursday,Evening,408,220,777,Urban Hub,North
DC_002,South Regional Center DC_002,2026-05-28,Thursday,Morning,181,115,345,Regional Center,South
DC_002,South Regional Center DC_002,2026-05-28,Thursday,Afternoon,276,182,581,Regional Center,South
DC_002,South Regional Center DC_002,2026-05-28,Thursday,Evening,199,121,350,Regional Center,South
DC_003,East Satellite Depot DC_003,2026-05-28,Thursday,Morning,298,301,920,Satellite Depot,East
DC_003,East Satellite Depot DC_003,2026-05-28,Thursday,Afternoon,368,423,1273,Satellite Depot,East
DC_003,East Satellite Depot DC_003,2026-05-28,Thursday,Evening,275,262,854,Satellite Depot,East
DC_004,West Urban Hub DC_004,2026-05-28,Thursday,Morning,838,454,1449,Urban Hub,West
DC_004,West Urban Hub DC_004,2026-05-28,Thursday,Afternoon,1248,722,2402,Urban Hub,West
DC_004,West Urban Hub DC_004,2026-05-28,Thursday,Evening,631,388,1220,Urban Hub,West
DC_005,Central Regional Center DC_005,2026-05-28,Thursday,Morning,110,80,221,Regional Center,Central
DC_005,Central Regional Center DC_005,2026-05-28,Thursday,Afternoon,176,108,324,Regional Center,Central
DC_005,Central Regional Center DC_005,2026-05-28,Thursday,Evening,112,71,195,Regional Center,Central
DC_006,North Satellite Depot DC_006,2026-05-28,Thursday,Morning,925,118,309,Satellite Depot,North
DC_006,North Satellite Depot DC_006,2026-05-28,Thursday,Afternoon,1189,145,468,Satellite Depot,North
DC_006,North Satellite Depot DC_006,2026-05-28,Thursday,Evening,696,83,234,Satellite Depot,North
DC_007,South Urban Hub DC_007,2026-05-28,Thursday,Morning,437,227,720,Urban Hub,South
DC_007,South Urban Hub DC_007,2026-05-28,Thursday,Afternoon,556,339,1064,Urban Hub,South
DC_007,South Urban Hub DC_007,2026-05-28,Thursday,Evening,321,210,633,Urban Hub,South
DC_008,East Regional Center DC_008,2026-05-28,Thursday,Morning,1452,231,575,Regional Center,East
DC_008,East Regional Center DC_008,2026-05-28,Thursday,Afternoon,2276,276,895,Regional Center,East
DC_008,East Regional Center DC_008,2026-05-28,Thursday,Evening,1128,150,424,Regional Center,East
DC_009,West Satellite Depot DC_009,2026-05-28,Thursday,Morning,486,275,789,Satellite Depot,West
DC_009,West Satellite Depot DC_009,2026-05-28,Thursday,Afternoon,660,406,1165,Satellite Depot,West
DC_009,West Satellite Depot DC_009,2026-05-28,Thursday,Evening,324,203,666,Satellite Depot,West
DC_010,Central Urban Hub DC_010,2026-05-28,Thursday,Morning,114,113,345,Urban Hub,Central
DC_010,Central Urban Hub DC_010,2026-05-28,Thursday,Afternoon,146,155,460,Urban Hub,Central
DC_010,Central Urban Hub DC_010,2026-05-28,Thursday,Evening,80,77,262,Urban Hub,Central
DC_011,North Regional Center DC_011,2026-05-28,Thursday,Morning,624,471,1376,Regional Center,North
DC_011,North Regional Center DC_011,2026-05-28,Thursday,Afternoon,849,587,1706,Regional Center,North
DC_011,North Regional Center DC_011,2026-05-28,Thursday,Evening,698,378,1087,Regional Center,North
DC_012,South Satellite Depot DC_012,2026-05-28,Thursday,Morning,610,366,1098,Satellite Depot,South
DC_012,South Satellite Depot DC_012,2026-05-28,Thursday,Afternoon,896,577,1886,Satellite Depot,South
DC_012,South Satellite Depot DC_012,2026-05-28,Thursday,Evening,455,289,905,Satellite Depot,South
DC_013,East Urban Hub DC_013,2026-05-28,Thursday,Morning,416,247,780,Urban Hub,East
DC_013,East Urban Hub DC_013,2026-05-28,Thursday,Afternoon,603,328,1113,Urban Hub,East
DC_013,East Urban Hub DC_013,2026-05-28,Thursday,Evening,365,200,618,Urban Hub,East
DC_014,West Regional Center DC_014,2026-05-28,Thursday,Morning,910,473,1425,Regional Center,West
DC_014,West Regional Center DC_014,2026-05-28,Thursday,Afternoon,1401,834,2622,Regional Center,West
DC_014,West Regional Center DC_014,2026-05-28,Thursday,Evening,553,347,1083,Regional Center,West
DC_015,Central Satellite Depot DC_015,2026-05-28,Thursday,Morning,2450,307,966,Satellite Depot,Central
DC_015,Central Satellite Depot DC_015,2026-05-28,Thursday,Afternoon,3502,412,1400,Satellite Depot,Central
DC_015,Central Satellite Depot DC_015,2026-05-28,Thursday,Evening,2351,273,835,Satellite Depot,Central
DC_016,North Urban Hub DC_016,2026-05-28,Thursday,Morning,250,128,414,Urban Hub,North
DC_016,North Urban Hub DC_016,2026-05-28,Thursday,Afternoon,286,186,550,Urban Hub,North
DC_016,North Urban Hub DC_016,2026-05-28,Thursday,Evening,143,112,308,Urban Hub,North
DC_017,South Regional Center DC_017,2026-05-28,Thursday,Morning,453,304,994,Regional Center,South
DC_017,South Regional Center DC_017,2026-05-28,Thursday,Afternoon,779,440,1282,Regional Center,South
DC_017,South Regional Center DC_017,2026-05-28,Thursday,Evening,421,290,807,Regional Center,South
DC_018,East Satellite Depot DC_018,2026-05-28,Thursday,Morning,195,111,338,Satellite Depot,East
DC_018,East Satellite Depot DC_018,2026-05-28,Thursday,Afternoon,370,221,632,Satellite Depot,East
DC_018,East Satellite Depot DC_018,2026-05-28,Thursday,Evening,138,89,275,Satellite Depot,East
DC_019,West Urban Hub DC_019,2026-05-28,Thursday,Morning,614,384,1113,Urban Hub,West
DC_019,West Urban Hub DC_019,2026-05-28,Thursday,Afternoon,778,569,1842,Urban Hub,West
DC_019,West Urban Hub DC_019,2026-05-28,Thursday,Evening,564,359,992,Urban Hub,West
DC_020,Central Regional Center DC_020,2026-05-28,Thursday,Morning,385,259,772,Regional Center,Central
DC_020,Central Regional Center DC_020,2026-05-28,Thursday,Afternoon,637,364,1199,Regional Center,Central
DC_020,Central Regional Center DC_020,2026-05-28,Thursday,Evening,337,217,622,Regional Center,Central
DC_021,North Satellite Depot DC_021,2026-05-28,Thursday,Morning,1417,200,594,Satellite Depot,North
DC_021,North Satellite Depot DC_021,2026-05-28,Thursday,Afternoon,2690,283,933,Satellite Depot,North
DC_021,North Satellite Depot DC_021,2026-05-28,Thursday,Evening,1499,169,513,Satellite Depot,North
DC_022,South Urban Hub DC_022,2026-05-28,Thursday,Morning,283,165,468,Urban Hub,South
DC_022,South Urban Hub DC_022,2026-05-28,Thursday,Afternoon,286,221,649,Urban Hub,South
DC_022,South Urban Hub DC_022,2026-05-28,Thursday,Evening,196,128,377,Urban Hub,South
DC_023,East Regional Center DC_023,2026-05-28,Thursday,Morning,939,561,1688,Regional Center,East
DC_023,East Regional Center DC_023,2026-05-28,Thursday,Afternoon,1156,652,2167,Regional Center,East
DC_023,East Regional Center DC_023,2026-05-28,Thursday,Evening,672,430,1395,Regional Center,East
DC_024,West Satellite Depot DC_024,2026-05-28,Thursday,Morning,384,228,678,Satellite Depot,West
DC_024,West Satellite Depot DC_024,2026-05-28,Thursday,Afternoon,492,287,901,Satellite Depot,West
DC_024,West Satellite Depot DC_024,2026-05-28,Thursday,Evening,327,224,645,Satellite Depot,West
DC_001,North Urban Hub DC_001,2026-05-29,Friday,Morning,441,246,812,Urban Hub,North
DC_001,North Urban Hub DC_001,2026-05-29,Friday,Afternoon,684,443,1352,Urban Hub,North
DC_001,North Urban Hub DC_001,2026-05-29,Friday,Evening,509,231,809,Urban Hub,North
DC_002,South Regional Center DC_002,2026-05-29,Friday,Morning,174,116,352,Regional Center,South
DC_002,South Regional Center DC_002,2026-05-29,Friday,Afternoon,313,182,574,Regional Center,South
DC_002,South Regional Center DC_002,2026-05-29,Friday,Evening,161,97,334,Regional Center,South
DC_003,East Satellite Depot DC_003,2026-05-29,Friday,Morning,264,305,954,Satellite Depot,East
DC_003,East Satellite Depot DC_003,2026-05-29,Friday,Afternoon,468,510,1511,Satellite Depot,East
DC_003,East Satellite Depot DC_003,2026-05-29,Friday,Evening,241,253,783,Satellite Depot,East
DC_004,West Urban Hub DC_004,2026-05-29,Friday,Morning,710,467,1446,Urban Hub,West
DC_004,West Urban Hub DC_004,2026-05-29,Friday,Afternoon,735,531,1606,Urban Hub,West
DC_004,West Urban Hub DC_004,2026-05-29,Friday,Evening,651,361,1090,Urban Hub,West
DC_005,Central Regional Center DC_005,2026-05-29,Friday,Morning,117,70,204,Regional Center,Central
DC_005,Central Regional Center DC_005,2026-05-29,Friday,Afternoon,149,101,334,Regional Center,Central
DC_005,Central Regional Center DC_005,2026-05-29,Friday,Evening,107,62,194,Regional Center,Central
DC_006,North Satellite Depot DC_006,2026-05-29,Friday,Morning,921,112,334,Satellite Depot,North
DC_006,North Satellite Depot DC_006,2026-05-29,Friday,Afternoon,1208,166,517,Satellite Depot,North
DC_006,North Satellite Depot DC_006,2026-05-29,Friday,Evening,647,89,243,Satellite Depot,North
DC_007,South Urban Hub DC_007,2026-05-29,Friday,Morning,427,271,823,Urban Hub,South
DC_007,South Urban Hub DC_007,2026-05-29,Friday,Afternoon,640,395,1251,Urban Hub,South
DC_007,South Urban Hub DC_007,2026-05-29,Friday,Evening,336,192,616,Urban Hub,South
DC_008,East Regional Center DC_008,2026-05-29,Friday,Morning,1647,192,621,Regional Center,East
DC_008,East Regional Center DC_008,2026-05-29,Friday,Afternoon,2330,262,886,Regional Center,East
DC_008,East Regional Center DC_008,2026-05-29,Friday,Evening,1147,157,504,Regional Center,East
DC_009,West Satellite Depot DC_009,2026-05-29,Friday,Morning,506,246,893,Satellite Depot,West
DC_009,West Satellite Depot DC_009,2026-05-29,Friday,Afternoon,564,396,1196,Satellite Depot,West
DC_009,West Satellite Depot DC_009,2026-05-29,Friday,Evening,313,236,669,Satellite Depot,West
DC_010,Central Urban Hub DC_010,2026-05-29,Friday,Morning,131,105,322,Urban Hub,Central
DC_010,Central Urban Hub DC_010,2026-05-29,Friday,Afternoon,151,120,458,Urban Hub,Central
DC_010,Central Urban Hub DC_010,2026-05-29,Friday,Evening,116,96,310,Urban Hub,Central
DC_011,North Regional Center DC_011,2026-05-29,Friday,Morning,788,455,1432,Regional Center,North
DC_011,North Regional Center DC_011,2026-05-29,Friday,Afternoon,1263,726,2063,Regional Center,North
DC_011,North Regional Center DC_011,2026-05-29,Friday,Evening,599,389,1137,Regional Center,North
DC_012,South Satellite Depot DC_012,2026-05-29,Friday,Morning,633,355,1180,Satellite Depot,South
DC_012,South Satellite Depot DC_012,2026-05-29,Friday,Afternoon,864,642,1878,Satellite Depot,South
DC_012,South Satellite Depot DC_012,2026-05-29,Friday,Evening,587,328,1066,Satellite Depot,South
DC_013,East Urban Hub DC_013,2026-05-29,Friday,Morning,334,278,743,Urban Hub,East
DC_013,East Urban Hub DC_013,2026-05-29,Friday,Afternoon,714,418,1353,Urban Hub,East
DC_013,East Urban Hub DC_013,2026-05-29,Friday,Evening,359,251,731,Urban Hub,East
DC_014,West Regional Center DC_014,2026-05-29,Friday,Morning,747,576,1657,Regional Center,West
DC_014,West Regional Center DC_014,2026-05-29,Friday,Afternoon,1423,927,2773,Regional Center,West
DC_014,West Regional Center DC_014,2026-05-29,Friday,Evening,665,468,1223,Regional Center,West
DC_015,Central Satellite Depot DC_015,2026-05-29,Friday,Morning,2636,352,995,Satellite Depot,Central
DC_015,Central Satellite Depot DC_015,2026-05-29,Friday,Afternoon,4315,556,1637,Satellite Depot,Central
DC_015,Central Satellite Depot DC_015,2026-05-29,Friday,Evening,2085,268,836,Satellite Depot,Central
DC_016,North Urban Hub DC_016,2026-05-29,Friday,Morning,214,132,406,Urban Hub,North
DC_016,North Urban Hub DC_016,2026-05-29,Friday,Afternoon,321,181,587,Urban Hub,North
DC_016,North Urban Hub DC_016,2026-05-29,Friday,Evening,204,115,375,Urban Hub,North
DC_017,South Regional Center DC_017,2026-05-29,Friday,Morning,521,293,890,Regional Center,South
DC_017,South Regional Center DC_017,2026-05-29,Friday,Afternoon,850,535,1622,Regional Center,South
DC_017,South Regional Center DC_017,2026-05-29,Friday,Evening,495,247,904,Regional Center,South
DC_018,East Satellite Depot DC_018,2026-05-29,Friday,Morning,228,127,387,Satellite Depot,East
DC_018,East Satellite Depot DC_018,2026-05-29,Friday,Afternoon,343,158,593,Satellite Depot,East
DC_018,East Satellite Depot DC_018,2026-05-29,Friday,Evening,176,116,345,Satellite Depot,East
DC_019,West Urban Hub DC_019,2026-05-29,Friday,Morning,615,474,1271,Urban Hub,West
DC_019,West Urban Hub DC_019,2026-05-29,Friday,Afternoon,990,528,1816,Urban Hub,West
DC_019,West Urban Hub DC_019,2026-05-29,Friday,Evening,551,347,1077,Urban Hub,West
DC_020,Central Regional Center DC_020,2026-05-29,Friday,Morning,510,247,812,Regional Center,Central
DC_020,Central Regional Center DC_020,2026-05-29,Friday,Afternoon,530,375,1086,Regional Center,Central
DC_020,Central Regional Center DC_020,2026-05-29,Friday,Evening,330,216,614,Regional Center,Central
DC_021,North Satellite Depot DC_021,2026-05-29,Friday,Morning,1638,191,599,Satellite Depot,North
DC_021,North Satellite Depot DC_021,2026-05-29,Friday,Afternoon,2508,358,941,Satellite Depot,North
DC_021,North Satellite Depot DC_021,2026-05-29,Friday,Evening,1267,165,540,Satellite Depot,North
DC_022,South Urban Hub DC_022,2026-05-29,Friday,Morning,250,166,480,Urban Hub,South
DC_022,South Urban Hub DC_022,2026-05-29,Friday,Afternoon,364,261,820,Urban Hub,South
DC_022,South Urban Hub DC_022,2026-05-29,Friday,Evening,277,175,486,Urban Hub,South
DC_023,East Regional Center DC_023,2026-05-29,Friday,Morning,863,431,1586,Regional Center,East
DC_023,East Regional Center DC_023,2026-05-29,Friday,Afternoon,1432,858,2466,Regional Center,East
DC_023,East Regional Center DC_023,2026-05-29,Friday,Evening,742,513,1529,Regional Center,East
DC_024,West Satellite Depot DC_024,2026-05-29,Friday,Morning,349,165,584,Satellite Depot,West
DC_024,West Satellite Depot DC_024,2026-05-29,Friday,Afternoon,575,305,1087,Satellite Depot,West
DC_024,West Satellite Depot DC_024,2026-05-29,Friday,Evening,354,214,662,Satellite Depot,West
DC_001,North Urban Hub DC_001,2026-05-30,Saturday,Morning,483,324,883,Urban Hub,North
DC_001,North Urban Hub DC_001,2026-05-30,Saturday,Afternoon,782,363,1224,Urban Hub,North
DC_001,North Urban Hub DC_001,2026-05-30,Saturday,Evening,302,231,675,Urban Hub,North
DC_002,South Regional Center DC_002,2026-05-30,Saturday,Morning,275,184,498,Regional Center,South
DC_002,South Regional Center DC_002,2026-05-30,Saturday,Afternoon,339,252,723,Regional Center,South
DC_002,South Regional Center DC_002,2026-05-30,Saturday,Evening,207,115,355,Regional Center,South
DC_003,East Satellite Depot DC_003,2026-05-30,Saturday,Morning,354,401,1060,Satellite Depot,East
DC_003,East Satellite Depot DC_003,2026-05-30,Saturday,Afternoon,453,492,1500,Satellite Depot,East
DC_003,East Satellite Depot DC_003,2026-05-30,Saturday,Evening,302,289,852,Satellite Depot,East
DC_004,West Urban Hub DC_004,2026-05-30,Saturday,Morning,1054,537,1762,Urban Hub,West
DC_004,West Urban Hub DC_004,2026-05-30,Saturday,Afternoon,1240,817,2384,Urban Hub,West
DC_004,West Urban Hub DC_004,2026-05-30,Saturday,Evening,683,432,1282,Urban Hub,West
DC_005,Central Regional Center DC_005,2026-05-30,Saturday,Morning,126,68,248,Regional Center,Central
DC_005,Central Regional Center DC_005,2026-05-30,Saturday,Afternoon,242,109,371,Regional Center,Central
DC_005,Central Regional Center DC_005,2026-05-30,Saturday,Evening,88,57,198,Regional Center,Central
DC_006,North Satellite Depot DC_006,2026-05-30,Saturday,Morning,754,106,313,Satellite Depot,North
DC_006,North Satellite Depot DC_006,2026-05-30,Saturday,Afternoon,1184,145,489,Satellite Depot,North
DC_006,North Satellite Depot DC_006,2026-05-30,Saturday,Evening,746,78,291,Satellite Depot,North
DC_007,South Urban Hub DC_007,2026-05-30,Saturday,Morning,505,292,801,Urban Hub,South
DC_007,South Urban Hub DC_007,2026-05-30,Saturday,Afternoon,742,441,1384,Urban Hub,South
DC_007,South Urban Hub DC_007,2026-05-30,Saturday,Evening,366,227,658,Urban Hub,South
DC_008,East Regional Center DC_008,2026-05-30,Saturday,Morning,1657,198,636,Regional Center,East
DC_008,East Regional Center DC_008,2026-05-30,Saturday,Afternoon,2542,345,944,Regional Center,East
DC_008,East Regional Center DC_008,2026-05-30,Saturday,Evening,893,129,448,Regional Center,East
DC_009,West Satellite Depot DC_009,2026-05-30,Saturday,Morning,536,303,941,Satellite Depot,West
DC_009,West Satellite Depot DC_009,2026-05-30,Saturday,Afternoon,727,404,1192,Satellite Depot,West
DC_009,West Satellite Depot DC_009,2026-05-30,Saturday,Evening,386,274,783,Satellite Depot,West
DC_010,Central Urban Hub DC_010,2026-05-30,Saturday,Morning,109,123,362,Urban Hub,Central
DC_010,Central Urban Hub DC_010,2026-05-30,Saturday,Afternoon,173,174,557,Urban Hub,Central
DC_010,Central Urban Hub DC_010,2026-05-30,Saturday,Evening,108,106,314,Urban Hub,Central
DC_011,North Regional Center DC_011,2026-05-30,Saturday,Morning,868,451,1384,Regional Center,North
DC_011,North Regional Center DC_011,2026-05-30,Saturday,Afternoon,1494,768,2432,Regional Center,North
DC_011,North Regional Center DC_011,2026-05-30,Saturday,Evening,872,444,1348,Regional Center,North
DC_012,South Satellite Depot DC_012,2026-05-30,Saturday,Morning,815,612,1612,Satellite Depot,South
DC_012,South Satellite Depot DC_012,2026-05-30,Saturday,Afternoon,1291,687,2249,Satellite Depot,South
DC_012,South Satellite Depot DC_012,2026-05-30,Saturday,Evening,600,378,1122,Satellite Depot,South
DC_013,East Urban Hub DC_013,2026-05-30,Saturday,Morning,505,295,897,Urban Hub,East
DC_013,East Urban Hub DC_013,2026-05-30,Saturday,Afternoon,619,388,1219,Urban Hub,East
DC_013,East Urban Hub DC_013,2026-05-30,Saturday,Evening,316,213,651,Urban Hub,East
DC_014,West Regional Center DC_014,2026-05-30,Saturday,Morning,897,569,1811,Regional Center,West
DC_014,West Regional Center DC_014,2026-05-30,Saturday,Afternoon,1606,873,2932,Regional Center,West
DC_014,West Regional Center DC_014,2026-05-30,Saturday,Evening,763,470,1504,Regional Center,West
DC_015,Central Satellite Depot DC_015,2026-05-30,Saturday,Morning,3087,428,1280,Satellite Depot,Central
DC_015,Central Satellite Depot DC_015,2026-05-30,Saturday,Afternoon,4297,569,1657,Satellite Depot,Central
DC_015,Central Satellite Depot DC_015,2026-05-30,Saturday,Evening,2888,328,889,Satellite Depot,Central
DC_016,North Urban Hub DC_016,2026-05-30,Saturday,Morning,286,141,504,Urban Hub,North
DC_016,North Urban Hub DC_016,2026-05-30,Saturday,Afternoon,360,247,673,Urban Hub,North
DC_016,North Urban Hub DC_016,2026-05-30,Saturday,Evening,163,104,362,Urban Hub,North
DC_017,South Regional Center DC_017,2026-05-30,Saturday,Morning,668,390,1116,Regional Center,South
DC_017,South Regional Center DC_017,2026-05-30,Saturday,Afternoon,723,435,1526,Regional Center,South
DC_017,South Regional Center DC_017,2026-05-30,Saturday,Evening,507,265,924,Regional Center,South
DC_018,East Satellite Depot DC_018,2026-05-30,Saturday,Morning,199,117,375,Satellite Depot,East
DC_018,East Satellite Depot DC_018,2026-05-30,Saturday,Afternoon,323,195,569,Satellite Depot,East
DC_018,East Satellite Depot DC_018,2026-05-30,Saturday,Evening,170,121,378,Satellite Depot,East
DC_019,West Urban Hub DC_019,2026-05-30,Saturday,Morning,744,424,1316,Urban Hub,West
DC_019,West Urban Hub DC_019,2026-05-30,Saturday,Afternoon,1036,602,1928,Urban Hub,West
DC_019,West Urban Hub DC_019,2026-05-30,Saturday,Evening,588,355,1084,Urban Hub,West
DC_020,Central Regional Center DC_020,2026-05-30,Saturday,Morning,451,246,811,Regional Center,Central
DC_020,Central Regional Center DC_020,2026-05-30,Saturday,Afternoon,495,342,1071,Regional Center,Central
DC_020,Central Regional Center DC_020,2026-05-30,Saturday,Evening,362,249,727,Regional Center,Central
DC_021,North Satellite Depot DC_021,2026-05-30,Saturday,Morning,1790,206,624,Satellite Depot,North
DC_021,North Satellite Depot DC_021,2026-05-30,Saturday,Afternoon,2919,328,1067,Satellite Depot,North
DC_021,North Satellite Depot DC_021,2026-05-30,Saturday,Evening,1220,134,455,Satellite Depot,North
DC_022,South Urban Hub DC_022,2026-05-30,Saturday,Morning,279,164,481,Urban Hub,South
DC_022,South Urban Hub DC_022,2026-05-30,Saturday,Afternoon,327,165,555,Urban Hub,South
DC_022,South Urban Hub DC_022,2026-05-30,Saturday,Evening,216,154,388,Urban Hub,South
DC_023,East Regional Center DC_023,2026-05-30,Saturday,Morning,789,508,1654,Regional Center,East
DC_023,East Regional Center DC_023,2026-05-30,Saturday,Afternoon,1449,827,2557,Regional Center,East
DC_023,East Regional Center DC_023,2026-05-30,Saturday,Evening,946,468,1433,Regional Center,East
DC_024,West Satellite Depot DC_024,2026-05-30,Saturday,Morning,409,245,813,Satellite Depot,West
DC_024,West Satellite Depot DC_024,2026-05-30,Saturday,Afternoon,540,337,1021,Satellite Depot,West
DC_024,West Satellite Depot DC_024,2026-05-30,Saturday,Evening,349,219,643,Satellite Depot,West
DC_001,North Urban Hub DC_001,2026-05-31,Sunday,Morning,380,250,795,Urban Hub,North
DC_001,North Urban Hub DC_001,2026-05-31,Sunday,Afternoon,705,463,1385,Urban Hub,North
DC_001,North Urban Hub DC_001,2026-05-31,Sunday,Evening,485,261,844,Urban Hub,North
DC_002,South Regional Center DC_002,2026-05-31,Sunday,Morning,207,103,347,Regional Center,South
DC_002,South Regional Center DC_002,2026-05-31,Sunday,Afternoon,296,168,548,Regional Center,South
DC_002,South Regional Center DC_002,2026-05-31,Sunday,Evening,163,92,293,Regional Center,South
DC_003,East Satellite Depot DC_003,2026-05-31,Sunday,Morning,0,0,0,Satellite Depot,East
DC_003,East Satellite Depot DC_003,2026-05-31,Sunday,Afternoon,0,0,0,Satellite Depot,East
DC_003,East Satellite Depot DC_003,2026-05-31,Sunday,Evening,0,0,0,Satellite Depot,East
DC_004,West Urban Hub DC_004,2026-05-31,Sunday,Morning,630,417,1171,Urban Hub,West
DC_004,West Urban Hub DC_004,2026-05-31,Sunday,Afternoon,1379,740,2010,Urban Hub,West
DC_004,West Urban Hub DC_004,2026-05-31,Sunday,Evening,630,407,1227,Urban Hub,West
DC_005,Central Regional Center DC_005,2026-05-31,Sunday,Morning,113,60,190,Regional Center,Central
DC_005,Central Regional Center DC_005,2026-05-31,Sunday,Afternoon,139,98,299,Regional Center,Central
DC_005,Central Regional Center DC_005,2026-05-31,Sunday,Evening,106,57,172,Regional Center,Central
DC_006,North Satellite Depot DC_006,2026-05-31,Sunday,Morning,0,0,0,Satellite Depot,North
DC_006,North Satellite Depot DC_006,2026-05-31,Sunday,Afternoon,0,0,0,Satellite Depot,North
DC_006,North Satellite Depot DC_006,2026-05-31,Sunday,Evening,0,0,0,Satellite Depot,North
DC_007,South Urban Hub DC_007,2026-05-31,Sunday,Morning,512,302,1019,Urban Hub,South
DC_007,South Urban Hub DC_007,2026-05-31,Sunday,Afternoon,724,437,1332,Urban Hub,South
DC_007,South Urban Hub DC_007,2026-05-31,Sunday,Evening,401,259,812,Urban Hub,South
DC_008,East Regional Center DC_008,2026-05-31,Sunday,Morning,1807,199,662,Regional Center,East
DC_008,East Regional Center DC_008,2026-05-31,Sunday,Afternoon,2430,320,1003,Regional Center,East
DC_008,East Regional Center DC_008,2026-05-31,Sunday,Evening,1539,173,545,Regional Center,East
DC_009,West Satellite Depot DC_009,2026-05-31,Sunday,Morning,0,0,0,Satellite Depot,West
DC_009,West Satellite Depot DC_009,2026-05-31,Sunday,Afternoon,0,0,0,Satellite Depot,West
DC_009,West Satellite Depot DC_009,2026-05-31,Sunday,Evening,0,0,0,Satellite Depot,West
DC_010,Central Urban Hub DC_010,2026-05-31,Sunday,Morning,95,95,297,Urban Hub,Central
DC_010,Central Urban Hub DC_010,2026-05-31,Sunday,Afternoon,135,152,442,Urban Hub,Central
DC_010,Central Urban Hub DC_010,2026-05-31,Sunday,Evening,101,110,310,Urban Hub,Central
DC_011,North Regional Center DC_011,2026-05-31,Sunday,Morning,570,397,1190,Regional Center,North
DC_011,North Regional Center DC_011,2026-05-31,Sunday,Afternoon,849,576,1726,Regional Center,North
DC_011,North Regional Center DC_011,2026-05-31,Sunday,Evening,553,357,1133,Regional Center,North
DC_012,South Satellite Depot DC_012,2026-05-31,Sunday,Morning,0,0,0,Satellite Depot,South
DC_012,South Satellite Depot DC_012,2026-05-31,Sunday,Afternoon,0,0,0,Satellite Depot,South
DC_012,South Satellite Depot DC_012,2026-05-31,Sunday,Evening,0,0,0,Satellite Depot,South
DC_013,East Urban Hub DC_013,2026-05-31,Sunday,Morning,484,287,840,Urban Hub,East
DC_013,East Urban Hub DC_013,2026-05-31,Sunday,Afternoon,614,307,1066,Urban Hub,East
DC_013,East Urban Hub DC_013,2026-05-31,Sunday,Evening,335,189,622,Urban Hub,East
DC_014,West Regional Center DC_014,2026-05-31,Sunday,Morning,697,466,1315,Regional Center,West
DC_014,West Regional Center DC_014,2026-05-31,Sunday,Afternoon,1254,756,2222,Regional Center,West
DC_014,West Regional Center DC_014,2026-05-31,Sunday,Evening,671,423,1287,Regional Center,West
DC_015,Central Satellite Depot DC_015,2026-05-31,Sunday,Morning,0,0,0,Satellite Depot,Central
DC_015,Central Satellite Depot DC_015,2026-05-31,Sunday,Afternoon,0,0,0,Satellite Depot,Central
DC_015,Central Satellite Depot DC_015,2026-05-31,Sunday,Evening,0,0,0,Satellite Depot,Central
DC_016,North Urban Hub DC_016,2026-05-31,Sunday,Morning,217,156,482,Urban Hub,North
DC_016,North Urban Hub DC_016,2026-05-31,Sunday,Afternoon,327,225,670,Urban Hub,North
DC_016,North Urban Hub DC_016,2026-05-31,Sunday,Evening,237,122,419,Urban Hub,North
DC_017,South Regional Center DC_017,2026-05-31,Sunday,Morning,414,311,883,Regional Center,South
DC_017,South Regional Center DC_017,2026-05-31,Sunday,Afternoon,636,432,1358,Regional Center,South
DC_017,South Regional Center DC_017,2026-05-31,Sunday,Evening,499,288,913,Regional Center,South
DC_018,East Satellite Depot DC_018,2026-05-31,Sunday,Morning,0,0,0,Satellite Depot,East
DC_018,East Satellite Depot DC_018,2026-05-31,Sunday,Afternoon,0,0,0,Satellite Depot,East
DC_018,East Satellite Depot DC_018,2026-05-31,Sunday,Evening,0,0,0,Satellite Depot,East
DC_019,West Urban Hub DC_019,2026-05-31,Sunday,Morning,807,442,1593,Urban Hub,West
DC_019,West Urban Hub DC_019,2026-05-31,Sunday,Afternoon,1271,719,2472,Urban Hub,West
DC_019,West Urban Hub DC_019,2026-05-31,Sunday,Evening,736,470,1322,Urban Hub,West
DC_020,Central Regional Center DC_020,2026-05-31,Sunday,Morning,360,214,674,Regional Center,Central
DC_020,Central Regional Center DC_020,2026-05-31,Sunday,Afternoon,478,283,878,Regional Center,Central
DC_020,Central Regional Center DC_020,2026-05-31,Sunday,Evening,282,195,614,Regional Center,Central
DC_021,North Satellite Depot DC_021,2026-05-31,Sunday,Morning,0,0,0,Satellite Depot,North
DC_021,North Satellite Depot DC_021,2026-05-31,Sunday,Afternoon,0,0,0,Satellite Depot,North
DC_021,North Satellite Depot DC_021,2026-05-31,Sunday,Evening,0,0,0,Satellite Depot,North
DC_022,South Urban Hub DC_022,2026-05-31,Sunday,Morning,244,141,484,Urban Hub,South
DC_022,South Urban Hub DC_022,2026-05-31,Sunday,Afternoon,598,310,895,Urban Hub,South
DC_022,South Urban Hub DC_022,2026-05-31,Sunday,Evening,209,129,413,Urban Hub,South
DC_023,East Regional Center DC_023,2026-05-31,Sunday,Morning,694,384,1266,Regional Center,East
DC_023,East Regional Center DC_023,2026-05-31,Sunday,Afternoon,1286,814,2450,Regional Center,East
DC_023,East Regional Center DC_023,2026-05-31,Sunday,Evening,656,396,1231,Regional Center,East
DC_024,West Satellite Depot DC_024,2026-05-31,Sunday,Morning,0,0,0,Satellite Depot,West
DC_024,West Satellite Depot DC_024,2026-05-31,Sunday,Afternoon,0,0,0,Satellite Depot,West
DC_024,West Satellite Depot DC_024,2026-05-31,Sunday,Evening,0,0,0,Satellite Depot,West
DC_001,North Urban Hub DC_001,2026-06-01,Monday,Morning,485,286,923,Urban Hub,North
DC_001,North Urban Hub DC_001,2026-06-01,Monday,Afternoon,544,366,1199,Urban Hub,North
DC_001,North Urban Hub DC_001,2026-06-01,Monday,Evening,424,215,724,Urban Hub,North
DC_002,South Regional Center DC_002,2026-06-01,Monday,Morning,118,92,270,Regional Center,South
DC_002,South Regional Center DC_002,2026-06-01,Monday,Afternoon,274,145,506,Regional Center,South
DC_002,South Regional Center DC_002,2026-06-01,Monday,Evening,124,70,233,Regional Center,South
DC_003,East Satellite Depot DC_003,2026-06-01,Monday,Morning,219,252,751,Satellite Depot,East
DC_003,East Satellite Depot DC_003,2026-06-01,Monday,Afternoon,309,367,1074,Satellite Depot,East
DC_003,East Satellite Depot DC_003,2026-06-01,Monday,Evening,205,197,622,Satellite Depot,East
DC_004,West Urban Hub DC_004,2026-06-01,Monday,Morning,623,356,1081,Urban Hub,West
DC_004,West Urban Hub DC_004,2026-06-01,Monday,Afternoon,876,467,1630,Urban Hub,West
DC_004,West Urban Hub DC_004,2026-06-01,Monday,Evening,501,333,967,Urban Hub,West
DC_005,Central Regional Center DC_005,2026-06-01,Monday,Morning,68,54,153,Regional Center,Central
DC_005,Central Regional Center DC_005,2026-06-01,Monday,Afternoon,128,82,248,Regional Center,Central
DC_005,Central Regional Center DC_005,2026-06-01,Monday,Evening,72,42,126,Regional Center,Central
DC_006,North Satellite Depot DC_006,2026-06-01,Monday,Morning,675,95,295,Satellite Depot,North
DC_006,North Satellite Depot DC_006,2026-06-01,Monday,Afternoon,1148,138,450,Satellite Depot,North
DC_006,North Satellite Depot DC_006,2026-06-01,Monday,Evening,602,91,253,Satellite Depot,North
DC_007,South Urban Hub DC_007,2026-06-01,Monday,Morning,462,281,867,Urban Hub,South
DC_007,South Urban Hub DC_007,2026-06-01,Monday,Afternoon,678,418,1123,Urban Hub,South
DC_007,South Urban Hub DC_007,2026-06-01,Monday,Evening,312,217,620,Urban Hub,South
DC_008,East Regional Center DC_008,2026-06-01,Monday,Morning,1734,204,613,Regional Center,East
DC_008,East Regional Center DC_008,2026-06-01,Monday,Afternoon,2666,304,1020,Regional Center,East
DC_008,East Regional Center DC_008,2026-06-01,Monday,Evening,1386,238,641,Regional Center,East
DC_009,West Satellite Depot DC_009,2026-06-01,Monday,Morning,268,180,537,Satellite Depot,West
DC_009,West Satellite Depot DC_009,2026-06-01,Monday,Afternoon,482,264,924,Satellite Depot,West
DC_009,West Satellite Depot DC_009,2026-06-01,Monday,Evening,251,174,521,Satellite Depot,West
DC_010,Central Urban Hub DC_010,2026-06-01,Monday,Morning,83,92,250,Urban Hub,Central
DC_010,Central Urban Hub DC_010,2026-06-01,Monday,Afternoon,127,140,422,Urban Hub,Central
DC_010,Central Urban Hub DC_010,2026-06-01,Monday,Evening,79,87,230,Urban Hub,Central
DC_011,North Regional Center DC_011,2026-06-01,Monday,Morning,678,366,1116,Regional Center,North
DC_011,North Regional Center DC_011,2026-06-01,Monday,Afternoon,808,475,1574,Regional Center,North
DC_011,North Regional Center DC_011,2026-06-01,Monday,Evening,455,310,900,Regional Center,North
DC_012,South Satellite Depot DC_012,2026-06-01,Monday,Morning,616,283,989,Satellite Depot,South
DC_012,South Satellite Depot DC_012,2026-06-01,Monday,Afternoon,709,465,1287,Satellite Depot,South
DC_012,South Satellite Depot DC_012,2026-06-01,Monday,Evening,403,255,758,Satellite Depot,South
DC_013,East Urban Hub DC_013,2026-06-01,Monday,Morning,346,223,664,Urban Hub,East
DC_013,East Urban Hub DC_013,2026-06-01,Monday,Afternoon,430,271,903,Urban Hub,East
DC_013,East Urban Hub DC_013,2026-06-01,Monday,Evening,263,143,461,Urban Hub,East
DC_014,West Regional Center DC_014,2026-06-01,Monday,Morning,739,379,1247,Regional Center,West
DC_014,West Regional Center DC_014,2026-06-01,Monday,Afternoon,799,523,1690,Regional Center,West
DC_014,West Regional Center DC_014,2026-06-01,Monday,Evening,516,310,919,Regional Center,West
DC_015,Central Satellite Depot DC_015,2026-06-01,Monday,Morning,2106,284,800,Satellite Depot,Central
DC_015,Central Satellite Depot DC_015,2026-06-01,Monday,Afternoon,2579,332,1053,Satellite Depot,Central
DC_015,Central Satellite Depot DC_015,2026-06-01,Monday,Evening,1669,225,664,Satellite Depot,Central
DC_016,North Urban Hub DC_016,2026-06-01,Monday,Morning,181,125,423,Urban Hub,North
DC_016,North Urban Hub DC_016,2026-06-01,Monday,Afternoon,343,256,611,Urban Hub,North
DC_016,North Urban Hub DC_016,2026-06-01,Monday,Evening,187,127,377,Urban Hub,North
DC_017,South Regional Center DC_017,2026-06-01,Monday,Morning,393,204,656,Regional Center,South
DC_017,South Regional Center DC_017,2026-06-01,Monday,Afternoon,550,353,1103,Regional Center,South
DC_017,South Regional Center DC_017,2026-06-01,Monday,Evening,342,201,665,Regional Center,South
DC_018,East Satellite Depot DC_018,2026-06-01,Monday,Morning,197,108,326,Satellite Depot,East
DC_018,East Satellite Depot DC_018,2026-06-01,Monday,Afternoon,287,208,637,Satellite Depot,East
DC_018,East Satellite Depot DC_018,2026-06-01,Monday,Evening,203,93,310,Satellite Depot,East
DC_019,West Urban Hub DC_019,2026-06-01,Monday,Morning,511,423,1234,Urban Hub,West
DC_019,West Urban Hub DC_019,2026-06-01,Monday,Afternoon,1123,796,2262,Urban Hub,West
DC_019,West Urban Hub DC_019,2026-06-01,Monday,Evening,543,360,1096,Urban Hub,West
DC_020,Central Regional Center DC_020,2026-06-01,Monday,Morning,297,185,602,Regional Center,Central
DC_020,Central Regional Center DC_020,2026-06-01,Monday,Afternoon,508,274,845,Regional Center,Central
DC_020,Central Regional Center DC_020,2026-06-01,Monday,Evening,310,152,477,Regional Center,Central
DC_021,North Satellite Depot DC_021,2026-06-01,Monday,Morning,1894,213,642,Satellite Depot,North
DC_021,North Satellite Depot DC_021,2026-06-01,Monday,Afternoon,2057,300,946,Satellite Depot,North
DC_021,North Satellite Depot DC_021,2026-06-01,Monday,Evening,1523,222,584,Satellite Depot,North
DC_022,South Urban Hub DC_022,2026-06-01,Monday,Morning,281,164,494,Urban Hub,South
DC_022,South Urban Hub DC_022,2026-06-01,Monday,Afternoon,340,191,643,Urban Hub,South
DC_022,South Urban Hub DC_022,2026-06-01,Monday,Evening,194,119,420,Urban Hub,South
DC_023,East Regional Center DC_023,2026-06-01,Monday,Morning,649,408,1079,Regional Center,East
DC_023,East Regional Center DC_023,2026-06-01,Monday,Afternoon,1160,683,2033,Regional Center,East
DC_023,East Regional Center DC_023,2026-06-01,Monday,Evening,542,387,1057,Regional Center,East
DC_024,West Satellite Depot DC_024,2026-06-01,Monday,Morning,252,139,474,Satellite Depot,West
DC_024,West Satellite Depot DC_024,2026-06-01,Monday,Afternoon,455,308,789,Satellite Depot,West
DC_024,West Satellite Depot DC_024,2026-06-01,Monday,Evening,271,168,473,Satellite Depot,West
DC_001,North Urban Hub DC_001,2026-06-02,Tuesday,Morning,379,214,613,Urban Hub,North
DC_001,North Urban Hub DC_001,2026-06-02,Tuesday,Afternoon,630,332,1045,Urban Hub,North
DC_001,North Urban Hub DC_001,2026-06-02,Tuesday,Evening,254,217,580,Urban Hub,North
DC_002,South Regional Center DC_002,2026-06-02,Tuesday,Morning,187,125,357,Regional Center,South
DC_002,South Regional Center DC_002,2026-06-02,Tuesday,Afternoon,264,170,532,Regional Center,South
DC_002,South Regional Center DC_002,2026-06-02,Tuesday,Evening,220,113,326,Regional Center,South
DC_003,East Satellite Depot DC_003,2026-06-02,Tuesday,Morning,280,292,945,Satellite Depot,East
DC_003,East Satellite Depot DC_003,2026-06-02,Tuesday,Afternoon,552,423,1394,Satellite Depot,East
DC_003,East Satellite Depot DC_003,2026-06-02,Tuesday,Evening,263,203,763,Satellite Depot,East
DC_004,West Urban Hub DC_004,2026-06-02,Tuesday,Morning,875,405,1295,Urban Hub,West
DC_004,West Urban Hub DC_004,2026-06-02,Tuesday,Afternoon,862,557,1803,Urban Hub,West
DC_004,West Urban Hub DC_004,2026-06-02,Tuesday,Evening,470,303,1012,Urban Hub,West
DC_005,Central Regional Center DC_005,2026-06-02,Tuesday,Morning,98,56,182,Regional Center,Central
DC_005,Central Regional Center DC_005,2026-06-02,Tuesday,Afternoon,156,91,284,Regional Center,Central
DC_005,Central Regional Center DC_005,2026-06-02,Tuesday,Evening,101,47,148,Regional Center,Central
DC_006,North Satellite Depot DC_006,2026-06-02,Tuesday,Morning,600,79,210,Satellite Depot,North
DC_006,North Satellite Depot DC_006,2026-06-02,Tuesday,Afternoon,807,107,326,Satellite Depot,North
DC_006,North Satellite Depot DC_006,2026-06-02,Tuesday,Evening,603,69,204,Satellite Depot,North
DC_007,South Urban Hub DC_007,2026-06-02,Tuesday,Morning,349,197,652,Urban Hub,South
DC_007,South Urban Hub DC_007,2026-06-02,Tuesday,Afternoon,558,388,1023,Urban Hub,South
DC_007,South Urban Hub DC_007,2026-06-02,Tuesday,Evening,266,171,496,Urban Hub,South
DC_008,East Regional Center DC_008,2026-06-02,Tuesday,Morning,1394,147,544,Regional Center,East
DC_008,East Regional Center DC_008,2026-06-02,Tuesday,Afternoon,2209,309,856,Regional Center,East
DC_008,East Regional Center DC_008,2026-06-02,Tuesday,Evening,1294,165,544,Regional Center,East
DC_009,West Satellite Depot DC_009,2026-06-02,Tuesday,Morning,421,251,759,Satellite Depot,West
DC_009,West Satellite Depot DC_009,2026-06-02,Tuesday,Afternoon,585,459,1167,Satellite Depot,West
DC_009,West Satellite Depot DC_009,2026-06-02,Tuesday,Evening,333,178,591,Satellite Depot,West
DC_010,Central Urban Hub DC_010,2026-06-02,Tuesday,Morning,119,97,307,Urban Hub,Central
DC_010,Central Urban Hub DC_010,2026-06-02,Tuesday,Afternoon,142,140,456,Urban Hub,Central
DC_010,Central Urban Hub DC_010,2026-06-02,Tuesday,Evening,86,89,277,Urban Hub,Central
DC_011,North Regional Center DC_011,2026-06-02,Tuesday,Morning,585,402,1338,Regional Center,North
DC_011,North Regional Center DC_011,2026-06-02,Tuesday,Afternoon,955,591,1869,Regional Center,North
DC_011,North Regional Center DC_011,2026-06-02,Tuesday,Evening,450,351,1023,Regional Center,North
DC_012,South Satellite Depot DC_012,2026-06-02,Tuesday,Morning,675,459,1253,Satellite Depot,South
DC_012,South Satellite Depot DC_012,2026-06-02,Tuesday,Afternoon,953,522,1695,Satellite Depot,South
DC_012,South Satellite Depot DC_012,2026-06-02,Tuesday,Evening,569,278,963,Satellite Depot,South
DC_013,East Urban Hub DC_013,2026-06-02,Tuesday,Morning,362,249,785,Urban Hub,East
DC_013,East Urban Hub DC_013,2026-06-02,Tuesday,Afternoon,538,366,1080,Urban Hub,East
DC_013,East Urban Hub DC_013,2026-06-02,Tuesday,Evening,329,222,608,Urban Hub,East
DC_014,West Regional Center DC_014,2026-06-02,Tuesday,Morning,809,479,1455,Regional Center,West
DC_014,West Regional Center DC_014,2026-06-02,Tuesday,Afternoon,1053,770,2223,Regional Center,West
DC_014,West Regional Center DC_014,2026-06-02,Tuesday,Evening,671,404,1168,Regional Center,West
DC_015,Central Satellite Depot DC_015,2026-06-02,Tuesday,Morning,2350,275,893,Satellite Depot,Central
DC_015,Central Satellite Depot DC_015,2026-06-02,Tuesday,Afternoon,4147,421,1443,Satellite Depot,Central
DC_015,Central Satellite Depot DC_015,2026-06-02,Tuesday,Evening,2376,247,841,Satellite Depot,Central
DC_016,North Urban Hub DC_016,2026-06-02,Tuesday,Morning,185,107,342,Urban Hub,North
DC_016,North Urban Hub DC_016,2026-06-02,Tuesday,Afternoon,252,159,499,Urban Hub,North
DC_016,North Urban Hub DC_016,2026-06-02,Tuesday,Evening,179,84,270,Urban Hub,North
DC_017,South Regional Center DC_017,2026-06-02,Tuesday,Morning,422,265,853,Regional Center,South
DC_017,South Regional Center DC_017,2026-06-02,Tuesday,Afternoon,621,407,1283,Regional Center,South
DC_017,South Regional Center DC_017,2026-06-02,Tuesday,Evening,401,211,743,Regional Center,South
DC_018,East Satellite Depot DC_018,2026-06-02,Tuesday,Morning,162,106,295,Satellite Depot,East
DC_018,East Satellite Depot DC_018,2026-06-02,Tuesday,Afternoon,280,166,496,Satellite Depot,East
DC_018,East Satellite Depot DC_018,2026-06-02,Tuesday,Evening,132,90,250,Satellite Depot,East
DC_019,West Urban Hub DC_019,2026-06-02,Tuesday,Morning,431,329,847,Urban Hub,West
DC_019,West Urban Hub DC_019,2026-06-02,Tuesday,Afternoon,765,540,1653,Urban Hub,West
DC_019,West Urban Hub DC_019,2026-06-02,Tuesday,Evening,506,271,949,Urban Hub,West
DC_020,Central Regional Center DC_020,2026-06-02,Tuesday,Morning,446,210,645,Regional Center,Central
DC_020,Central Regional Center DC_020,2026-06-02,Tuesday,Afternoon,578,384,1142,Regional Center,Central
DC_020,Central Regional Center DC_020,2026-06-02,Tuesday,Evening,279,186,573,Regional Center,Central
DC_021,North Satellite Depot DC_021,2026-06-02,Tuesday,Morning,1699,187,625,Satellite Depot,North
DC_021,North Satellite Depot DC_021,2026-06-02,Tuesday,Afternoon,2277,275,823,Satellite Depot,North
DC_021,North Satellite Depot DC_021,2026-06-02,Tuesday,Evening,1185,146,466,Satellite Depot,North
DC_022,South Urban Hub DC_022,2026-06-02,Tuesday,Morning,163,103,325,Urban Hub,South
DC_022,South Urban Hub DC_022,2026-06-02,Tuesday,Afternoon,287,186,559,Urban Hub,South
DC_022,South Urban Hub DC_022,2026-06-02,Tuesday,Evening,162,100,297,Urban Hub,South
DC_023,East Regional Center DC_023,2026-06-02,Tuesday,Morning,880,630,1799,Regional Center,East
DC_023,East Regional Center DC_023,2026-06-02,Tuesday,Afternoon,1485,860,2672,Regional Center,East
DC_023,East Regional Center DC_023,2026-06-02,Tuesday,Evening,900,450,1368,Regional Center,East
DC_024,West Satellite Depot DC_024,2026-06-02,Tuesday,Morning,312,187,597,Satellite Depot,West
DC_024,West Satellite Depot DC_024,2026-06-02,Tuesday,Afternoon,503,277,933,Satellite Depot,West
DC_024,West Satellite Depot DC_024,2026-06-02,Tuesday,Evening,283,170,534,Satellite Depot,West
DC_001,North Urban Hub DC_001,2026-06-03,Wednesday,Morning,507,326,968,Urban Hub,North
DC_001,North Urban Hub DC_001,2026-06-03,Wednesday,Afternoon,663,359,1072,Urban Hub,North
DC_001,North Urban Hub DC_001,2026-06-03,Wednesday,Evening,392,219,697,Urban Hub,North
DC_002,South Regional Center DC_002,2026-06-03,Wednesday,Morning,181,96,311,Regional Center,South
DC_002,South Regional Center DC_002,2026-06-03,Wednesday,Afternoon,323,171,542,Regional Center,South
DC_002,South Regional Center DC_002,2026-06-03,Wednesday,Evening,143,78,230,Regional Center,South
DC_003,East Satellite Depot DC_003,2026-06-03,Wednesday,Morning,298,295,854,Satellite Depot,East
DC_003,East Satellite Depot DC_003,2026-06-03,Wednesday,Afternoon,378,405,1176,Satellite Depot,East
DC_003,East Satellite Depot DC_003,2026-06-03,Wednesday,Evening,250,241,755,Satellite Depot,East
DC_004,West Urban Hub DC_004,2026-06-03,Wednesday,Morning,583,335,1142,Urban Hub,West
DC_004,West Urban Hub DC_004,2026-06-03,Wednesday,Afternoon,1152,594,2005,Urban Hub,West
DC_004,West Urban Hub DC_004,2026-06-03,Wednesday,Evening,499,334,1026,Urban Hub,West
DC_005,Central Regional Center DC_005,2026-06-03,Wednesday,Morning,87,53,177,Regional Center,Central
DC_005,Central Regional Center DC_005,2026-06-03,Wednesday,Afternoon,159,99,304,Regional Center,Central
DC_005,Central Regional Center DC_005,2026-06-03,Wednesday,Evening,76,40,121,Regional Center,Central
DC_006,North Satellite Depot DC_006,2026-06-03,Wednesday,Morning,648,98,271,Satellite Depot,North
DC_006,North Satellite Depot DC_006,2026-06-03,Wednesday,Afternoon,1155,126,427,Satellite Depot,North
DC_006,North Satellite Depot DC_006,2026-06-03,Wednesday,Evening,582,75,235,Satellite Depot,North
DC_007,South Urban Hub DC_007,2026-06-03,Wednesday,Morning,397,261,806,Urban Hub,South
DC_007,South Urban Hub DC_007,2026-06-03,Wednesday,Afternoon,531,315,975,Urban Hub,South
DC_007,South Urban Hub DC_007,2026-06-03,Wednesday,Evening,367,189,641,Urban Hub,South
DC_008,East Regional Center DC_008,2026-06-03,Wednesday,Morning,1346,159,475,Regional Center,East
DC_008,East Regional Center DC_008,2026-06-03,Wednesday,Afternoon,1992,244,822,Regional Center,East
DC_008,East Regional Center DC_008,2026-06-03,Wednesday,Evening,1002,124,363,Regional Center,East
DC_009,West Satellite Depot DC_009,2026-06-03,Wednesday,Morning,348,216,643,Satellite Depot,West
DC_009,West Satellite Depot DC_009,2026-06-03,Wednesday,Afternoon,532,302,922,Satellite Depot,West
DC_009,West Satellite Depot DC_009,2026-06-03,Wednesday,Evening,358,180,575,Satellite Depot,West
DC_010,Central Urban Hub DC_010,2026-06-03,Wednesday,Morning,101,104,308,Urban Hub,Central
DC_010,Central Urban Hub DC_010,2026-06-03,Wednesday,Afternoon,158,143,443,Urban Hub,Central
DC_010,Central Urban Hub DC_010,2026-06-03,Wednesday,Evening,83,69,211,Urban Hub,Central
DC_011,North Regional Center DC_011,2026-06-03,Wednesday,Morning,543,302,1019,Regional Center,North
DC_011,North Regional Center DC_011,2026-06-03,Wednesday,Afternoon,1030,582,1953,Regional Center,North
DC_011,North Regional Center DC_011,2026-06-03,Wednesday,Evening,539,372,975,Regional Center,North
DC_012,South Satellite Depot DC_012,2026-06-03,Wednesday,Morning,710,348,1199,Satellite Depot,South
DC_012,South Satellite Depot DC_012,2026-06-03,Wednesday,Afternoon,976,522,1660,Satellite Depot,South
DC_012,South Satellite Depot DC_012,2026-06-03,Wednesday,Evening,480,348,1035,Satellite Depot,South
DC_013,East Urban Hub DC_013,2026-06-03,Wednesday,Morning,332,206,630,Urban Hub,East
DC_013,East Urban Hub DC_013,2026-06-03,Wednesday,Afternoon,546,410,1098,Urban Hub,East
DC_013,East Urban Hub DC_013,2026-06-03,Wednesday,Evening,313,186,577,Urban Hub,East
DC_014,West Regional Center DC_014,2026-06-03,Wednesday,Morning,648,406,1358,Regional Center,West
DC_014,West Regional Center DC_014,2026-06-03,Wednesday,Afternoon,1005,629,1878,Regional Center,West
DC_014,West Regional Center DC_014,2026-06-03,Wednesday,Evening,517,270,961,Regional Center,West
DC_015,Central Satellite Depot DC_015,2026-06-03,Wednesday,Morning,1936,243,749,Satellite Depot,Central
DC_015,Central Satellite Depot DC_015,2026-06-03,Wednesday,Afternoon,3788,485,1331,Satellite Depot,Central
DC_015,Central Satellite Depot DC_015,2026-06-03,Wednesday,Evening,1470,225,643,Satellite Depot,Central
DC_016,North Urban Hub DC_016,2026-06-03,Wednesday,Morning,168,130,380,Urban Hub,North
DC_016,North Urban Hub DC_016,2026-06-03,Wednesday,Afternoon,294,182,610,Urban Hub,North
DC_016,North Urban Hub DC_016,2026-06-03,Wednesday,Evening,169,93,295,Urban Hub,North
DC_017,South Regional Center DC_017,2026-06-03,Wednesday,Morning,540,315,939,Regional Center,South
DC_017,South Regional Center DC_017,2026-06-03,Wednesday,Afternoon,633,386,1261,Regional Center,South
DC_017,South Regional Center DC_017,2026-06-03,Wednesday,Evening,355,200,632,Regional Center,South
DC_018,East Satellite Depot DC_018,2026-06-03,Wednesday,Morning,223,132,409,Satellite Depot,East
DC_018,East Satellite Depot DC_018,2026-06-03,Wednesday,Afternoon,230,163,511,Satellite Depot,East
DC_018,East Satellite Depot DC_018,2026-06-03,Wednesday,Evening,178,108,336,Satellite Depot,East
DC_019,West Urban Hub DC_019,2026-06-03,Wednesday,Morning,725,316,1078,Urban Hub,West
DC_019,West Urban Hub DC_019,2026-06-03,Wednesday,Afternoon,965,663,1849,Urban Hub,West
DC_019,West Urban Hub DC_019,2026-06-03,Wednesday,Evening,457,268,947,Urban Hub,West
DC_020,Central Regional Center DC_020,2026-06-03,Wednesday,Morning,294,187,589,Regional Center,Central
DC_020,Central Regional Center DC_020,2026-06-03,Wednesday,Afternoon,416,308,921,Regional Center,Central
DC_020,Central Regional Center DC_020,2026-06-03,Wednesday,Evening,291,183,568,Regional Center,Central
DC_021,North Satellite Depot DC_021,2026-06-03,Wednesday,Morning,1710,221,681,Satellite Depot,North
DC_021,North Satellite Depot DC_021,2026-06-03,Wednesday,Afternoon,2353,301,1022,Satellite Depot,North
DC_021,North Satellite Depot DC_021,2026-06-03,Wednesday,Evening,872,112,352,Satellite Depot,North
DC_022,South Urban Hub DC_022,2026-06-03,Wednesday,Morning,223,140,443,Urban Hub,South
DC_022,South Urban Hub DC_022,2026-06-03,Wednesday,Afternoon,384,202,703,Urban Hub,South
DC_022,South Urban Hub DC_022,2026-06-03,Wednesday,Evening,199,122,394,Urban Hub,South
DC_023,East Regional Center DC_023,2026-06-03,Wednesday,Morning,750,504,1548,Regional Center,East
DC_023,East Regional Center DC_023,2026-06-03,Wednesday,Afternoon,1201,641,2294,Regional Center,East
DC_023,East Regional Center DC_023,2026-06-03,Wednesday,Evening,728,349,1285,Regional Center,East
DC_024,West Satellite Depot DC_024,2026-06-03,Wednesday,Morning,241,165,482,Satellite Depot,West
DC_024,West Satellite Depot DC_024,2026-06-03,Wednesday,Afternoon,519,344,999,Satellite Depot,West
DC_024,West Satellite Depot DC_024,2026-06-03,Wednesday,Evening,270,156,472,Satellite Depot,West
DC_001,North Urban Hub DC_001,2026-06-04,Thursday,Morning,436,240,760,Urban Hub,North
DC_001,North Urban Hub DC_001,2026-06-04,Thursday,Afternoon,711,450,1207,Urban Hub,North
DC_001,North Urban Hub DC_001,2026-06-04,Thursday,Evening,337,203,666,Urban Hub,North
DC_002,South Regional Center DC_002,2026-06-04,Thursday,Morning,185,119,400,Regional Center,South
DC_002,South Regional Center DC_002,2026-06-04,Thursday,Afternoon,286,262,698,Regional Center,South
DC_002,South Regional Center DC_002,2026-06-04,Thursday,Evening,140,82,263,Regional Center,South
DC_003,East Satellite Depot DC_003,2026-06-04,Thursday,Morning,276,301,914,Satellite Depot,East
DC_003,East Satellite Depot DC_003,2026-06-04,Thursday,Afternoon,444,428,1304,Satellite Depot,East
DC_003,East Satellite Depot DC_003,2026-06-04,Thursday,Evening,277,270,818,Satellite Depot,East
DC_004,West Urban Hub DC_004,2026-06-04,Thursday,Morning,788,430,1452,Urban Hub,West
DC_004,West Urban Hub DC_004,2026-06-04,Thursday,Afternoon,1154,607,1929,Urban Hub,West
DC_004,West Urban Hub DC_004,2026-06-04,Thursday,Evening,694,348,1194,Urban Hub,West
DC_005,Central Regional Center DC_005,2026-06-04,Thursday,Morning,139,70,245,Regional Center,Central
DC_005,Central Regional Center DC_005,2026-06-04,Thursday,Afternoon,124,89,257,Regional Center,Central
DC_005,Central Regional Center DC_005,2026-06-04,Thursday,Evening,112,62,190,Regional Center,Central
DC_006,North Satellite Depot DC_006,2026-06-04,Thursday,Morning,677,72,257,Satellite Depot,North
DC_006,North Satellite Depot DC_006,2026-06-04,Thursday,Afternoon,875,136,408,Satellite Depot,North
DC_006,North Satellite Depot DC_006,2026-06-04,Thursday,Evening,784,85,256,Satellite Depot,North
DC_007,South Urban Hub DC_007,2026-06-04,Thursday,Morning,308,212,666,Urban Hub,South
DC_007,South Urban Hub DC_007,2026-06-04,Thursday,Afternoon,530,305,869,Urban Hub,South
DC_007,South Urban Hub DC_007,2026-06-04,Thursday,Evening,308,206,623,Urban Hub,South
DC_008,East Regional Center DC_008,2026-06-04,Thursday,Morning,1300,191,539,Regional Center,East
DC_008,East Regional Center DC_008,2026-06-04,Thursday,Afternoon,2182,289,876,Regional Center,East
DC_008,East Regional Center DC_008,2026-06-04,Thursday,Evening,1238,150,484,Regional Center,East
DC_009,West Satellite Depot DC_009,2026-06-04,Thursday,Morning,334,198,666,Satellite Depot,West
DC_009,West Satellite Depot DC_009,2026-06-04,Thursday,Afternoon,577,373,1146,Satellite Depot,West
DC_009,West Satellite Depot DC_009,2026-06-04,Thursday,Evening,352,236,665,Satellite Depot,West
DC_010,Central Urban Hub DC_010,2026-06-04,Thursday,Morning,133,109,347,Urban Hub,Central
DC_010,Central Urban Hub DC_010,2026-06-04,Thursday,Afternoon,159,150,472,Urban Hub,Central
DC_010,Central Urban Hub DC_010,2026-06-04,Thursday,Evening,78,81,254,Urban Hub,Central
DC_011,North Regional Center DC_011,2026-06-04,Thursday,Morning,598,402,1268,Regional Center,North
DC_011,North Regional Center DC_011,2026-06-04,Thursday,Afternoon,984,609,2102,Regional Center,North
DC_011,North Regional Center DC_011,2026-06-04,Thursday,Evening,638,424,1163,Regional Center,North
DC_012,South Satellite Depot DC_012,2026-06-04,Thursday,Morning,611,398,1270,Satellite Depot,South
DC_012,South Satellite Depot DC_012,2026-06-04,Thursday,Afternoon,666,407,1357,Satellite Depot,South
DC_012,South Satellite Depot DC_012,2026-06-04,Thursday,Evening,493,312,1016,Satellite Depot,South
DC_013,East Urban Hub DC_013,2026-06-04,Thursday,Morning,352,267,743,Urban Hub,East
DC_013,East Urban Hub DC_013,2026-06-04,Thursday,Afternoon,635,406,1174,Urban Hub,East
DC_013,East Urban Hub DC_013,2026-06-04,Thursday,Evening,317,197,671,Urban Hub,East
DC_014,West Regional Center DC_014,2026-06-04,Thursday,Morning,1056,599,1658,Regional Center,West
DC_014,West Regional Center DC_014,2026-06-04,Thursday,Afternoon,1272,801,2382,Regional Center,West
DC_014,West Regional Center DC_014,2026-06-04,Thursday,Evening,793,465,1505,Regional Center,West
DC_015,Central Satellite Depot DC_015,2026-06-04,Thursday,Morning,2827,294,1101,Satellite Depot,Central
DC_015,Central Satellite Depot DC_015,2026-06-04,Thursday,Afternoon,3882,494,1416,Satellite Depot,Central
DC_015,Central Satellite Depot DC_015,2026-06-04,Thursday,Evening,2292,323,957,Satellite Depot,Central
DC_016,North Urban Hub DC_016,2026-06-04,Thursday,Morning,160,107,341,Urban Hub,North
DC_016,North Urban Hub DC_016,2026-06-04,Thursday,Afternoon,327,189,611,Urban Hub,North
DC_016,North Urban Hub DC_016,2026-06-04,Thursday,Evening,177,102,312,Urban Hub,North
DC_017,South Regional Center DC_017,2026-06-04,Thursday,Morning,440,263,867,Regional Center,South
DC_017,South Regional Center DC_017,2026-06-04,Thursday,Afternoon,775,505,1550,Regional Center,South
DC_017,South Regional Center DC_017,2026-06-04,Thursday,Evening,439,260,897,Regional Center,South
DC_018,East Satellite Depot DC_018,2026-06-04,Thursday,Morning,206,120,383,Satellite Depot,East
DC_018,East Satellite Depot DC_018,2026-06-04,Thursday,Afternoon,327,194,547,Satellite Depot,East
DC_018,East Satellite Depot DC_018,2026-06-04,Thursday,Evening,138,85,256,Satellite Depot,East
DC_019,West Urban Hub DC_019,2026-06-04,Thursday,Morning,526,326,1003,Urban Hub,West
DC_019,West Urban Hub DC_019,2026-06-04,Thursday,Afternoon,829,579,1860,Urban Hub,West
DC_019,West Urban Hub DC_019,2026-06-04,Thursday,Evening,447,287,892,Urban Hub,West
DC_020,Central Regional Center DC_020,2026-06-04,Thursday,Morning,415,240,715,Regional Center,Central
DC_020,Central Regional Center DC_020,2026-06-04,Thursday,Afternoon,533,334,1078,Regional Center,Central
DC_020,Central Regional Center DC_020,2026-06-04,Thursday,Evening,348,217,696,Regional Center,Central
DC_021,North Satellite Depot DC_021,2026-06-04,Thursday,Morning,1588,187,554,Satellite Depot,North
DC_021,North Satellite Depot DC_021,2026-06-04,Thursday,Afternoon,2758,282,804,Satellite Depot,North
DC_021,North Satellite Depot DC_021,2026-06-04,Thursday,Evening,1330,178,534,Satellite Depot,North
DC_022,South Urban Hub DC_022,2026-06-04,Thursday,Morning,278,134,424,Urban Hub,South
DC_022,South Urban Hub DC_022,2026-06-04,Thursday,Afternoon,366,256,680,Urban Hub,South
DC_022,South Urban Hub DC_022,2026-06-04,Thursday,Evening,157,105,331,Urban Hub,South
DC_023,East Regional Center DC_023,2026-06-04,Thursday,Morning,640,531,1478,Regional Center,East
DC_023,East Regional Center DC_023,2026-06-04,Thursday,Afternoon,1451,863,2453,Regional Center,East
DC_023,East Regional Center DC_023,2026-06-04,Thursday,Evening,672,391,1339,Regional Center,East
DC_024,West Satellite Depot DC_024,2026-06-04,Thursday,Morning,390,205,660,Satellite Depot,West
DC_024,West Satellite Depot DC_024,2026-06-04,Thursday,Afternoon,553,336,1063,Satellite Depot,West
DC_024,West Satellite Depot DC_024,2026-06-04,Thursday,Evening,297,184,563,Satellite Depot,West
DC_001,North Urban Hub DC_001,2026-06-05,Friday,Morning,436,317,997,Urban Hub,North
DC_001,North Urban Hub DC_001,2026-06-05,Friday,Afternoon,715,469,1377,Urban Hub,North
DC_001,North Urban Hub DC_001,2026-06-05,Friday,Evening,415,271,812,Urban Hub,North
DC_002,South Regional Center DC_002,2026-06-05,Friday,Morning,237,156,447,Regional Center,South
DC_002,South Regional Center DC_002,2026-06-05,Friday,Afternoon,334,192,642,Regional Center,South
DC_002,South Regional Center DC_002,2026-06-05,Friday,Evening,199,124,370,Regional Center,South
DC_003,East Satellite Depot DC_003,2026-06-05,Friday,Morning,312,311,1001,Satellite Depot,East
DC_003,East Satellite Depot DC_003,2026-06-05,Friday,Afternoon,500,459,1536,Satellite Depot,East
DC_003,East Satellite Depot DC_003,2026-06-05,Friday,Evening,205,239,788,Satellite Depot,East
DC_004,West Urban Hub DC_004,2026-06-05,Friday,Morning,718,417,1373,Urban Hub,West
DC_004,West Urban Hub DC_004,2026-06-05,Friday,Afternoon,1369,775,2200,Urban Hub,West
DC_004,West Urban Hub DC_004,2026-06-05,Friday,Evening,841,479,1312,Urban Hub,West
DC_005,Central Regional Center DC_005,2026-06-05,Friday,Morning,131,82,240,Regional Center,Central
DC_005,Central Regional Center DC_005,2026-06-05,Friday,Afternoon,206,103,332,Regional Center,Central
DC_005,Central Regional Center DC_005,2026-06-05,Friday,Evening,101,56,180,Regional Center,Central
DC_006,North Satellite Depot DC_006,2026-06-05,Friday,Morning,877,122,316,Satellite Depot,North
DC_006,North Satellite Depot DC_006,2026-06-05,Friday,Afternoon,1278,168,499,Satellite Depot,North
DC_006,North Satellite Depot DC_006,2026-06-05,Friday,Evening,636,77,247,Satellite Depot,North
DC_007,South Urban Hub DC_007,2026-06-05,Friday,Morning,379,252,825,Urban Hub,South
DC_007,South Urban Hub DC_007,2026-06-05,Friday,Afternoon,605,391,1217,Urban Hub,South
DC_007,South Urban Hub DC_007,2026-06-05,Friday,Evening,324,238,685,Urban Hub,South
DC_008,East Regional Center DC_008,2026-06-05,Friday,Morning,1208,164,522,Regional Center,East
DC_008,East Regional Center DC_008,2026-06-05,Friday,Afternoon,2345,300,759,Regional Center,East
DC_008,East Regional Center DC_008,2026-06-05,Friday,Evening,1269,171,506,Regional Center,East
DC_009,West Satellite Depot DC_009,2026-06-05,Friday,Morning,488,276,833,Satellite Depot,West
DC_009,West Satellite Depot DC_009,2026-06-05,Friday,Afternoon,693,437,1124,Satellite Depot,West
DC_009,West Satellite Depot DC_009,2026-06-05,Friday,Evening,285,206,589,Satellite Depot,West
DC_010,Central Urban Hub DC_010,2026-06-05,Friday,Morning,109,119,369,Urban Hub,Central
DC_010,Central Urban Hub DC_010,2026-06-05,Friday,Afternoon,164,172,515,Urban Hub,Central
DC_010,Central Urban Hub DC_010,2026-06-05,Friday,Evening,88,93,322,Urban Hub,Central
DC_011,North Regional Center DC_011,2026-06-05,Friday,Morning,667,387,1201,Regional Center,North
DC_011,North Regional Center DC_011,2026-06-05,Friday,Afternoon,1442,847,2256,Regional Center,North
DC_011,North Regional Center DC_011,2026-06-05,Friday,Evening,751,489,1335,Regional Center,North
DC_012,South Satellite Depot DC_012,2026-06-05,Friday,Morning,635,428,1238,Satellite Depot,South
DC_012,South Satellite Depot DC_012,2026-06-05,Friday,Afternoon,1220,779,2076,Satellite Depot,South
DC_012,South Satellite Depot DC_012,2026-06-05,Friday,Evening,646,418,1260,Satellite Depot,South
DC_013,East Urban Hub DC_013,2026-06-05,Friday,Morning,382,252,819,Urban Hub,East
DC_013,East Urban Hub DC_013,2026-06-05,Friday,Afternoon,790,450,1400,Urban Hub,East
DC_013,East Urban Hub DC_013,2026-06-05,Friday,Evening,413,239,735,Urban Hub,East
DC_014,West Regional Center DC_014,2026-06-05,Friday,Morning,832,586,1624,Regional Center,West
DC_014,West Regional Center DC_014,2026-06-05,Friday,Afternoon,1381,877,2673,Regional Center,West
DC_014,West Regional Center DC_014,2026-06-05,Friday,Evening,812,502,1471,Regional Center,West
DC_015,Central Satellite Depot DC_015,2026-06-05,Friday,Morning,2828,389,1158,Satellite Depot,Central
DC_015,Central Satellite Depot DC_015,2026-06-05,Friday,Afternoon,4166,535,1586,Satellite Depot,Central
DC_015,Central Satellite Depot DC_015,2026-06-05,Friday,Evening,2598,334,1038,Satellite Depot,Central
DC_016,North Urban Hub DC_016,2026-06-05,Friday,Morning,198,135,399,Urban Hub,North
DC_016,North Urban Hub DC_016,2026-06-05,Friday,Afternoon,303,192,613,Urban Hub,North
DC_016,North Urban Hub DC_016,2026-06-05,Friday,Evening,155,92,287,Urban Hub,North
DC_017,South Regional Center DC_017,2026-06-05,Friday,Morning,531,382,1012,Regional Center,South
DC_017,South Regional Center DC_017,2026-06-05,Friday,Afternoon,710,381,1207,Regional Center,South
DC_017,South Regional Center DC_017,2026-06-05,Friday,Evening,373,246,643,Regional Center,South
DC_018,East Satellite Depot DC_018,2026-06-05,Friday,Morning,177,130,396,Satellite Depot,East
DC_018,East Satellite Depot DC_018,2026-06-05,Friday,Afternoon,296,193,601,Satellite Depot,East
DC_018,East Satellite Depot DC_018,2026-06-05,Friday,Evening,162,103,331,Satellite Depot,East
DC_019,West Urban Hub DC_019,2026-06-05,Friday,Morning,736,453,1364,Urban Hub,West
DC_019,West Urban Hub DC_019,2026-06-05,Friday,Afternoon,1181,630,2147,Urban Hub,West
DC_019,West Urban Hub DC_019,2026-06-05,Friday,Evening,476,316,1018,Urban Hub,West
DC_020,Central Regional Center DC_020,2026-06-05,Friday,Morning,371,249,731,Regional Center,Central
DC_020,Central Regional Center DC_020,2026-06-05,Friday,Afternoon,666,389,1192,Regional Center,Central
DC_020,Central Regional Center DC_020,2026-06-05,Friday,Evening,360,252,710,Regional Center,Central
DC_021,North Satellite Depot DC_021,2026-06-05,Friday,Morning,1536,192,611,Satellite Depot,North
DC_021,North Satellite Depot DC_021,2026-06-05,Friday,Afternoon,2120,287,948,Satellite Depot,North
DC_021,North Satellite Depot DC_021,2026-06-05,Friday,Evening,1467,174,529,Satellite Depot,North
DC_022,South Urban Hub DC_022,2026-06-05,Friday,Morning,224,141,471,Urban Hub,South
DC_022,South Urban Hub DC_022,2026-06-05,Friday,Afternoon,364,220,728,Urban Hub,South
DC_022,South Urban Hub DC_022,2026-06-05,Friday,Evening,208,125,405,Urban Hub,South
DC_023,East Regional Center DC_023,2026-06-05,Friday,Morning,1084,643,1883,Regional Center,East
DC_023,East Regional Center DC_023,2026-06-05,Friday,Afternoon,1518,972,2656,Regional Center,East
DC_023,East Regional Center DC_023,2026-06-05,Friday,Evening,820,576,1592,Regional Center,East
DC_024,West Satellite Depot DC_024,2026-06-05,Friday,Morning,394,231,726,Satellite Depot,West
DC_024,West Satellite Depot DC_024,2026-06-05,Friday,Afternoon,622,314,1015,Satellite Depot,West
DC_024,West Satellite Depot DC_024,2026-06-05,Friday,Evening,295,179,541,Satellite Depot,West
DC_001,North Urban Hub DC_001,2026-06-06,Saturday,Morning,514,282,988,Urban Hub,North
DC_001,North Urban Hub DC_001,2026-06-06,Saturday,Afternoon,641,528,1306,Urban Hub,North
DC_001,North Urban Hub DC_001,2026-06-06,Saturday,Evening,613,249,925,Urban Hub,North
DC_002,South Regional Center DC_002,2026-06-06,Saturday,Morning,199,125,422,Regional Center,South
DC_002,South Regional Center DC_002,2026-06-06,Saturday,Afternoon,347,218,630,Regional Center,South
DC_002,South Regional Center DC_002,2026-06-06,Saturday,Evening,214,133,385,Regional Center,South
DC_003,East Satellite Depot DC_003,2026-06-06,Saturday,Morning,385,361,1090,Satellite Depot,East
DC_003,East Satellite Depot DC_003,2026-06-06,Saturday,Afternoon,544,531,1582,Satellite Depot,East
DC_003,East Satellite Depot DC_003,2026-06-06,Saturday,Evening,322,325,978,Satellite Depot,East
DC_004,West Urban Hub DC_004,2026-06-06,Saturday,Morning,792,547,1554,Urban Hub,West
DC_004,West Urban Hub DC_004,2026-06-06,Saturday,Afternoon,1270,922,2445,Urban Hub,West
DC_004,West Urban Hub DC_004,2026-06-06,Saturday,Evening,701,518,1502,Urban Hub,West
DC_005,Central Regional Center DC_005,2026-06-06,Saturday,Morning,114,80,219,Regional Center,Central
DC_005,Central Regional Center DC_005,2026-06-06,Saturday,Afternoon,223,114,400,Regional Center,Central
DC_005,Central Regional Center DC_005,2026-06-06,Saturday,Evening,101,55,187,Regional Center,Central
DC_006,North Satellite Depot DC_006,2026-06-06,Saturday,Morning,860,101,342,Satellite Depot,North
DC_006,North Satellite Depot DC_006,2026-06-06,Saturday,Afternoon,1480,184,503,Satellite Depot,North
DC_006,North Satellite Depot DC_006,2026-06-06,Saturday,Evening,762,91,306,Satellite Depot,North
DC_007,South Urban Hub DC_007,2026-06-06,Saturday,Morning,538,346,870,Urban Hub,South
DC_007,South Urban Hub DC_007,2026-06-06,Saturday,Afternoon,831,524,1641,Urban Hub,South
DC_007,South Urban Hub DC_007,2026-06-06,Saturday,Evening,468,261,758,Urban Hub,South
DC_008,East Regional Center DC_008,2026-06-06,Saturday,Morning,1696,240,699,Regional Center,East
DC_008,East Regional Center DC_008,2026-06-06,Saturday,Afternoon,2254,275,830,Regional Center,East
DC_008,East Regional Center DC_008,2026-06-06,Saturday,Evening,1564,212,595,Regional Center,East
DC_009,West Satellite Depot DC_009,2026-06-06,Saturday,Morning,437,303,842,Satellite Depot,West
DC_009,West Satellite Depot DC_009,2026-06-06,Saturday,Afternoon,624,418,1310,Satellite Depot,West
DC_009,West Satellite Depot DC_009,2026-06-06,Saturday,Evening,370,246,660,Satellite Depot,West
DC_010,Central Urban Hub DC_010,2026-06-06,Saturday,Morning,114,127,364,Urban Hub,Central
DC_010,Central Urban Hub DC_010,2026-06-06,Saturday,Afternoon,191,240,637,Urban Hub,Central
DC_010,Central Urban Hub DC_010,2026-06-06,Saturday,Evening,94,75,264,Urban Hub,Central
DC_011,North Regional Center DC_011,2026-06-06,Saturday,Morning,747,523,1623,Regional Center,North
DC_011,North Regional Center DC_011,2026-06-06,Saturday,Afternoon,1353,701,2234,Regional Center,North
DC_011,North Regional Center DC_011,2026-06-06,Saturday,Evening,677,355,1243,Regional Center,North
DC_012,South Satellite Depot DC_012,2026-06-06,Saturday,Morning,662,519,1404,Satellite Depot,South
DC_012,South Satellite Depot DC_012,2026-06-06,Saturday,Afternoon,1427,789,2585,Satellite Depot,South
DC_012,South Satellite Depot DC_012,2026-06-06,Saturday,Evening,707,382,1264,Satellite Depot,South
DC_013,East Urban Hub DC_013,2026-06-06,Saturday,Morning,546,327,955,Urban Hub,East
DC_013,East Urban Hub DC_013,2026-06-06,Saturday,Afternoon,724,390,1344,Urban Hub,East
DC_013,East Urban Hub DC_013,2026-06-06,Saturday,Evening,421,242,786,Urban Hub,East
DC_014,West Regional Center DC_014,2026-06-06,Saturday,Morning,842,469,1488,Regional Center,West
DC_014,West Regional Center DC_014,2026-06-06,Saturday,Afternoon,1518,839,2908,Regional Center,West
DC_014,West Regional Center DC_014,2026-06-06,Saturday,Evening,886,518,1586,Regional Center,West
DC_015,Central Satellite Depot DC_015,2026-06-06,Saturday,Morning,3229,344,1197,Satellite Depot,Central
DC_015,Central Satellite Depot DC_015,2026-06-06,Saturday,Afternoon,3968,483,1585,Satellite Depot,Central
DC_015,Central Satellite Depot DC_015,2026-06-06,Saturday,Evening,2564,306,942,Satellite Depot,Central
DC_016,North Urban Hub DC_016,2026-06-06,Saturday,Morning,279,176,499,Urban Hub,North
DC_016,North Urban Hub DC_016,2026-06-06,Saturday,Afternoon,393,229,767,Urban Hub,North
DC_016,North Urban Hub DC_016,2026-06-06,Saturday,Evening,182,123,414,Urban Hub,North
DC_017,South Regional Center DC_017,2026-06-06,Saturday,Morning,521,346,1024,Regional Center,South
DC_017,South Regional Center DC_017,2026-06-06,Saturday,Afternoon,969,519,1571,Regional Center,South
DC_017,South Regional Center DC_017,2026-06-06,Saturday,Evening,506,335,945,Regional Center,South
DC_018,East Satellite Depot DC_018,2026-06-06,Saturday,Morning,170,121,386,Satellite Depot,East
DC_018,East Satellite Depot DC_018,2026-06-06,Saturday,Afternoon,313,169,615,Satellite Depot,East
DC_018,East Satellite Depot DC_018,2026-06-06,Saturday,Evening,280,102,384,Satellite Depot,East
DC_019,West Urban Hub DC_019,2026-06-06,Saturday,Morning,671,438,1235,Urban Hub,West
DC_019,West Urban Hub DC_019,2026-06-06,Saturday,Afternoon,1060,792,2045,Urban Hub,West
DC_019,West Urban Hub DC_019,2026-06-06,Saturday,Evening,574,415,1199,Urban Hub,West
DC_020,Central Regional Center DC_020,2026-06-06,Saturday,Morning,397,244,736,Regional Center,Central
DC_020,Central Regional Center DC_020,2026-06-06,Saturday,Afternoon,711,366,1183,Regional Center,Central
DC_020,Central Regional Center DC_020,2026-06-06,Saturday,Evening,429,252,723,Regional Center,Central
DC_021,North Satellite Depot DC_021,2026-06-06,Saturday,Morning,2090,233,734,Satellite Depot,North
DC_021,North Satellite Depot DC_021,2026-06-06,Saturday,Afternoon,3159,435,1217,Satellite Depot,North
DC_021,North Satellite Depot DC_021,2026-06-06,Saturday,Evening,1639,204,624,Satellite Depot,North
DC_022,South Urban Hub DC_022,2026-06-06,Saturday,Morning,272,176,546,Urban Hub,South
DC_022,South Urban Hub DC_022,2026-06-06,Saturday,Afternoon,348,231,785,Urban Hub,South
DC_022,South Urban Hub DC_022,2026-06-06,Saturday,Evening,246,164,468,Urban Hub,South
DC_023,East Regional Center DC_023,2026-06-06,Saturday,Morning,1084,698,2064,Regional Center,East
DC_023,East Regional Center DC_023,2026-06-06,Saturday,Afternoon,1635,828,2785,Regional Center,East
DC_023,East Regional Center DC_023,2026-06-06,Saturday,Evening,870,539,1664,Regional Center,East
DC_024,West Satellite Depot DC_024,2026-06-06,Saturday,Morning,490,266,732,Satellite Depot,West
DC_024,West Satellite Depot DC_024,2026-06-06,Saturday,Afternoon,636,344,1092,Satellite Depot,West
DC_024,West Satellite Depot DC_024,2026-06-06,Saturday,Evening,370,199,687,Satellite Depot,West
DC_001,North Urban Hub DC_001,2026-06-07,Sunday,Morning,527,317,977,Urban Hub,North
DC_001,North Urban Hub DC_001,2026-06-07,Sunday,Afternoon,896,543,1701,Urban Hub,North
DC_001,North Urban Hub DC_001,2026-06-07,Sunday,Evening,440,223,754,Urban Hub,North
DC_002,South Regional Center DC_002,2026-06-07,Sunday,Morning,144,95,306,Regional Center,South
DC_002,South Regional Center DC_002,2026-06-07,Sunday,Afternoon,300,145,517,Regional Center,South
DC_002,South Regional Center DC_002,2026-06-07,Sunday,Evening,183,109,340,Regional Center,South
DC_003,East Satellite Depot DC_003,2026-06-07,Sunday,Morning,0,0,0,Satellite Depot,East
DC_003,East Satellite Depot DC_003,2026-06-07,Sunday,Afternoon,0,0,0,Satellite Depot,East
DC_003,East Satellite Depot DC_003,2026-06-07,Sunday,Evening,0,0,0,Satellite Depot,East
DC_004,West Urban Hub DC_004,2026-06-07,Sunday,Morning,747,389,1218,Urban Hub,West
DC_004,West Urban Hub DC_004,2026-06-07,Sunday,Afternoon,973,695,1873,Urban Hub,West
DC_004,West Urban Hub DC_004,2026-06-07,Sunday,Evening,693,376,1169,Urban Hub,West
DC_005,Central Regional Center DC_005,2026-06-07,Sunday,Morning,90,63,197,Regional Center,Central
DC_005,Central Regional Center DC_005,2026-06-07,Sunday,Afternoon,178,102,352,Regional Center,Central
DC_005,Central Regional Center DC_005,2026-06-07,Sunday,Evening,86,49,166,Regional Center,Central
DC_006,North Satellite Depot DC_006,2026-06-07,Sunday,Morning,0,0,0,Satellite Depot,North
DC_006,North Satellite Depot DC_006,2026-06-07,Sunday,Afternoon,0,0,0,Satellite Depot,North
DC_006,North Satellite Depot DC_006,2026-06-07,Sunday,Evening,0,0,0,Satellite Depot,North
DC_007,South Urban Hub DC_007,2026-06-07,Sunday,Morning,508,308,885,Urban Hub,South
DC_007,South Urban Hub DC_007,2026-06-07,Sunday,Afternoon,870,450,1487,Urban Hub,South
DC_007,South Urban Hub DC_007,2026-06-07,Sunday,Evening,454,232,808,Urban Hub,South
DC_008,East Regional Center DC_008,2026-06-07,Sunday,Morning,1309,185,589,Regional Center,East
DC_008,East Regional Center DC_008,2026-06-07,Sunday,Afternoon,1865,250,834,Regional Center,East
DC_008,East Regional Center DC_008,2026-06-07,Sunday,Evening,1527,198,537,Regional Center,East
DC_009,West Satellite Depot DC_009,2026-06-07,Sunday,Morning,0,0,0,Satellite Depot,West
DC_009,West Satellite Depot DC_009,2026-06-07,Sunday,Afternoon,0,0,0,Satellite Depot,West
DC_009,West Satellite Depot DC_009,2026-06-07,Sunday,Evening,0,0,0,Satellite Depot,West
DC_010,Central Urban Hub DC_010,2026-06-07,Sunday,Morning,104,112,337,Urban Hub,Central
DC_010,Central Urban Hub DC_010,2026-06-07,Sunday,Afternoon,157,151,466,Urban Hub,Central
DC_010,Central Urban Hub DC_010,2026-06-07,Sunday,Evening,83,82,243,Urban Hub,Central
DC_011,North Regional Center DC_011,2026-06-07,Sunday,Morning,582,365,1203,Regional Center,North
DC_011,North Regional Center DC_011,2026-06-07,Sunday,Afternoon,1067,579,1773,Regional Center,North
DC_011,North Regional Center DC_011,2026-06-07,Sunday,Evening,738,408,1248,Regional Center,North
DC_012,South Satellite Depot DC_012,2026-06-07,Sunday,Morning,0,0,0,Satellite Depot,South
DC_012,South Satellite Depot DC_012,2026-06-07,Sunday,Afternoon,0,0,0,Satellite Depot,South
DC_012,South Satellite Depot DC_012,2026-06-07,Sunday,Evening,0,0,0,Satellite Depot,South
DC_013,East Urban Hub DC_013,2026-06-07,Sunday,Morning,386,226,788,Urban Hub,East
DC_013,East Urban Hub DC_013,2026-06-07,Sunday,Afternoon,543,367,1250,Urban Hub,East
DC_013,East Urban Hub DC_013,2026-06-07,Sunday,Evening,292,181,594,Urban Hub,East
DC_014,West Regional Center DC_014,2026-06-07,Sunday,Morning,1017,534,1731,Regional Center,West
DC_014,West Regional Center DC_014,2026-06-07,Sunday,Afternoon,1079,699,2129,Regional Center,West
DC_014,West Regional Center DC_014,2026-06-07,Sunday,Evening,800,394,1299,Regional Center,West
DC_015,Central Satellite Depot DC_015,2026-06-07,Sunday,Morning,0,0,0,Satellite Depot,Central
DC_015,Central Satellite Depot DC_015,2026-06-07,Sunday,Afternoon,0,0,0,Satellite Depot,Central
DC_015,Central Satellite Depot DC_015,2026-06-07,Sunday,Evening,0,0,0,Satellite Depot,Central
DC_016,North Urban Hub DC_016,2026-06-07,Sunday,Morning,218,160,497,Urban Hub,North
DC_016,North Urban Hub DC_016,2026-06-07,Sunday,Afternoon,316,232,701,Urban Hub,North
DC_016,North Urban Hub DC_016,2026-06-07,Sunday,Evening,204,127,355,Urban Hub,North
DC_017,South Regional Center DC_017,2026-06-07,Sunday,Morning,433,255,785,Regional Center,South
DC_017,South Regional Center DC_017,2026-06-07,Sunday,Afternoon,755,464,1505,Regional Center,South
DC_017,South Regional Center DC_017,2026-06-07,Sunday,Evening,348,206,709,Regional Center,South
DC_018,East Satellite Depot DC_018,2026-06-07,Sunday,Morning,0,0,0,Satellite Depot,East
DC_018,East Satellite Depot DC_018,2026-06-07,Sunday,Afternoon,0,0,0,Satellite Depot,East
DC_018,East Satellite Depot DC_018,2026-06-07,Sunday,Evening,0,0,0,Satellite Depot,East
DC_019,West Urban Hub DC_019,2026-06-07,Sunday,Morning,780,482,1442,Urban Hub,West
DC_019,West Urban Hub DC_019,2026-06-07,Sunday,Afternoon,1105,696,2206,Urban Hub,West
DC_019,West Urban Hub DC_019,2026-06-07,Sunday,Evening,700,473,1363,Urban Hub,West
DC_020,Central Regional Center DC_020,2026-06-07,Sunday,Morning,377,220,670,Regional Center,Central
DC_020,Central Regional Center DC_020,2026-06-07,Sunday,Afternoon,536,362,1198,Regional Center,Central
DC_020,Central Regional Center DC_020,2026-06-07,Sunday,Evening,360,186,587,Regional Center,Central
DC_021,North Satellite Depot DC_021,2026-06-07,Sunday,Morning,0,0,0,Satellite Depot,North
DC_021,North Satellite Depot DC_021,2026-06-07,Sunday,Afternoon,0,0,0,Satellite Depot,North
DC_021,North Satellite Depot DC_021,2026-06-07,Sunday,Evening,0,0,0,Satellite Depot,North
DC_022,South Urban Hub DC_022,2026-06-07,Sunday,Morning,280,188,579,Urban Hub,South
DC_022,South Urban Hub DC_022,2026-06-07,Sunday,Afternoon,497,277,874,Urban Hub,South
DC_022,South Urban Hub DC_022,2026-06-07,Sunday,Evening,255,167,495,Urban Hub,South
DC_023,East Regional Center DC_023,2026-06-07,Sunday,Morning,757,552,1561,Regional Center,East
DC_023,East Regional Center DC_023,2026-06-07,Sunday,Afternoon,1114,740,2214,Regional Center,East
DC_023,East Regional Center DC_023,2026-06-07,Sunday,Evening,554,416,1176,Regional Center,East
DC_024,West Satellite Depot DC_024,2026-06-07,Sunday,Morning,0,0,0,Satellite Depot,West
DC_024,West Satellite Depot DC_024,2026-06-07,Sunday,Afternoon,0,0,0,Satellite Depot,West
DC_024,West Satellite Depot DC_024,2026-06-07,Sunday,Evening,0,0,0,Satellite Depot,West
DC_001,North Urban Hub DC_001,2026-06-08,Monday,Morning,536,261,948,Urban Hub,North
DC_001,North Urban Hub DC_001,2026-06-08,Monday,Afternoon,703,316,1118,Urban Hub,North
DC_001,North Urban Hub DC_001,2026-06-08,Monday,Evening,392,237,761,Urban Hub,North
DC_002,South Regional Center DC_002,2026-06-08,Monday,Morning,166,112,321,Regional Center,South
DC_002,South Regional Center DC_002,2026-06-08,Monday,Afternoon,246,142,491,Regional Center,South
DC_002,South Regional Center DC_002,2026-06-08,Monday,Evening,151,105,292,Regional Center,South
DC_003,East Satellite Depot DC_003,2026-06-08,Monday,Morning,302,265,844,Satellite Depot,East
DC_003,East Satellite Depot DC_003,2026-06-08,Monday,Afternoon,365,329,1084,Satellite Depot,East
DC_003,East Satellite Depot DC_003,2026-06-08,Monday,Evening,193,217,628,Satellite Depot,East
DC_004,West Urban Hub DC_004,2026-06-08,Monday,Morning,632,360,1098,Urban Hub,West
DC_004,West Urban Hub DC_004,2026-06-08,Monday,Afternoon,747,545,1655,Urban Hub,West
DC_004,West Urban Hub DC_004,2026-06-08,Monday,Evening,361,240,770,Urban Hub,West
DC_005,Central Regional Center DC_005,2026-06-08,Monday,Morning,93,59,168,Regional Center,Central
DC_005,Central Regional Center DC_005,2026-06-08,Monday,Afternoon,156,111,295,Regional Center,Central
DC_005,Central Regional Center DC_005,2026-06-08,Monday,Evening,69,46,145,Regional Center,Central
DC_006,North Satellite Depot DC_006,2026-06-08,Monday,Morning,819,100,287,Satellite Depot,North
DC_006,North Satellite Depot DC_006,2026-06-08,Monday,Afternoon,1353,194,521,Satellite Depot,North
DC_006,North Satellite Depot DC_006,2026-06-08,Monday,Evening,677,89,266,Satellite Depot,North
DC_007,South Urban Hub DC_007,2026-06-08,Monday,Morning,427,213,720,Urban Hub,South
DC_007,South Urban Hub DC_007,2026-06-08,Monday,Afternoon,610,379,1199,Urban Hub,South
DC_007,South Urban Hub DC_007,2026-06-08,Monday,Evening,374,220,670,Urban Hub,South
DC_008,East Regional Center DC_008,2026-06-08,Monday,Morning,1728,272,761,Regional Center,East
DC_008,East Regional Center DC_008,2026-06-08,Monday,Afternoon,2452,288,1027,Regional Center,East
DC_008,East Regional Center DC_008,2026-06-08,Monday,Evening,1854,194,663,Regional Center,East
DC_009,West Satellite Depot DC_009,2026-06-08,Monday,Morning,290,182,601,Satellite Depot,West
DC_009,West Satellite Depot DC_009,2026-06-08,Monday,Afternoon,407,240,806,Satellite Depot,West
DC_009,West Satellite Depot DC_009,2026-06-08,Monday,Evening,271,184,497,Satellite Depot,West
DC_010,Central Urban Hub DC_010,2026-06-08,Monday,Morning,87,96,275,Urban Hub,Central
DC_010,Central Urban Hub DC_010,2026-06-08,Monday,Afternoon,121,129,381,Urban Hub,Central
DC_010,Central Urban Hub DC_010,2026-06-08,Monday,Evening,84,63,216,Urban Hub,Central
DC_011,North Regional Center DC_011,2026-06-08,Monday,Morning,638,431,1072,Regional Center,North
DC_011,North Regional Center DC_011,2026-06-08,Monday,Afternoon,877,551,1738,Regional Center,North
DC_011,North Regional Center DC_011,2026-06-08,Monday,Evening,468,303,954,Regional Center,North
DC_012,South Satellite Depot DC_012,2026-06-08,Monday,Morning,544,306,981,Satellite Depot,South
DC_012,South Satellite Depot DC_012,2026-06-08,Monday,Afternoon,898,482,1671,Satellite Depot,South
DC_012,South Satellite Depot DC_012,2026-06-08,Monday,Evening,441,232,860,Satellite Depot,South
DC_013,East Urban Hub DC_013,2026-06-08,Monday,Morning,327,246,714,Urban Hub,East
DC_013,East Urban Hub DC_013,2026-06-08,Monday,Afternoon,597,365,1112,Urban Hub,East
DC_013,East Urban Hub DC_013,2026-06-08,Monday,Evening,224,154,435,Urban Hub,East
DC_014,West Regional Center DC_014,2026-06-08,Monday,Morning,779,366,1298,Regional Center,West
DC_014,West Regional Center DC_014,2026-06-08,Monday,Afternoon,859,692,1969,Regional Center,West
DC_014,West Regional Center DC_014,2026-06-08,Monday,Evening,759,374,1178,Regional Center,West
DC_015,Central Satellite Depot DC_015,2026-06-08,Monday,Morning,2097,262,777,Satellite Depot,Central
DC_015,Central Satellite Depot DC_015,2026-06-08,Monday,Afternoon,3346,381,1138,Satellite Depot,Central
DC_015,Central Satellite Depot DC_015,2026-06-08,Monday,Evening,1597,217,689,Satellite Depot,Central
DC_016,North Urban Hub DC_016,2026-06-08,Monday,Morning,280,151,451,Urban Hub,North
DC_016,North Urban Hub DC_016,2026-06-08,Monday,Afternoon,337,227,654,Urban Hub,North
DC_016,North Urban Hub DC_016,2026-06-08,Monday,Evening,207,127,370,Urban Hub,North
DC_017,South Regional Center DC_017,2026-06-08,Monday,Morning,424,269,798,Regional Center,South
DC_017,South Regional Center DC_017,2026-06-08,Monday,Afternoon,653,367,1101,Regional Center,South
DC_017,South Regional Center DC_017,2026-06-08,Monday,Evening,362,208,696,Regional Center,South
DC_018,East Satellite Depot DC_018,2026-06-08,Monday,Morning,228,150,403,Satellite Depot,East
DC_018,East Satellite Depot DC_018,2026-06-08,Monday,Afternoon,306,184,537,Satellite Depot,East
DC_018,East Satellite Depot DC_018,2026-06-08,Monday,Evening,169,95,348,Satellite Depot,East
DC_019,West Urban Hub DC_019,2026-06-08,Monday,Morning,553,343,1199,Urban Hub,West
DC_019,West Urban Hub DC_019,2026-06-08,Monday,Afternoon,957,551,1879,Urban Hub,West
DC_019,West Urban Hub DC_019,2026-06-08,Monday,Evening,571,360,1059,Urban Hub,West
DC_020,Central Regional Center DC_020,2026-06-08,Monday,Morning,251,162,475,Regional Center,Central
DC_020,Central Regional Center DC_020,2026-06-08,Monday,Afternoon,410,293,802,Regional Center,Central
DC_020,Central Regional Center DC_020,2026-06-08,Monday,Evening,264,173,519,Regional Center,Central
DC_021,North Satellite Depot DC_021,2026-06-08,Monday,Morning,1856,194,636,Satellite Depot,North
DC_021,North Satellite Depot DC_021,2026-06-08,Monday,Afternoon,2451,302,974,Satellite Depot,North
DC_021,North Satellite Depot DC_021,2026-06-08,Monday,Evening,1530,151,506,Satellite Depot,North
DC_022,South Urban Hub DC_022,2026-06-08,Monday,Morning,274,153,489,Urban Hub,South
DC_022,South Urban Hub DC_022,2026-06-08,Monday,Afternoon,367,259,765,Urban Hub,South
DC_022,South Urban Hub DC_022,2026-06-08,Monday,Evening,207,113,340,Urban Hub,South
DC_023,East Regional Center DC_023,2026-06-08,Monday,Morning,856,506,1494,Regional Center,East
DC_023,East Regional Center DC_023,2026-06-08,Monday,Afternoon,1070,616,1908,Regional Center,East
DC_023,East Regional Center DC_023,2026-06-08,Monday,Evening,482,327,1001,Regional Center,East
DC_024,West Satellite Depot DC_024,2026-06-08,Monday,Morning,393,187,655,Satellite Depot,West
DC_024,West Satellite Depot DC_024,2026-06-08,Monday,Afternoon,505,304,911,Satellite Depot,West
DC_024,West Satellite Depot DC_024,2026-06-08,Monday,Evening,246,136,422,Satellite Depot,West
DC_001,North Urban Hub DC_001,2026-06-09,Tuesday,Morning,465,201,738,Urban Hub,North
DC_001,North Urban Hub DC_001,2026-06-09,Tuesday,Afternoon,572,368,1082,Urban Hub,North
DC_001,North Urban Hub DC_001,2026-06-09,Tuesday,Evening,331,194,601,Urban Hub,North
DC_002,South Regional Center DC_002,2026-06-09,Tuesday,Morning,165,106,334,Regional Center,South
DC_002,South Regional Center DC_002,2026-06-09,Tuesday,Afternoon,282,168,529,Regional Center,South
DC_002,South Regional Center DC_002,2026-06-09,Tuesday,Evening,132,86,273,Regional Center,South
DC_003,East Satellite Depot DC_003,2026-06-09,Tuesday,Morning,260,258,791,Satellite Depot,East
DC_003,East Satellite Depot DC_003,2026-06-09,Tuesday,Afternoon,391,407,1205,Satellite Depot,East
DC_003,East Satellite Depot DC_003,2026-06-09,Tuesday,Evening,212,200,710,Satellite Depot,East
DC_004,West Urban Hub DC_004,2026-06-09,Tuesday,Morning,576,439,1152,Urban Hub,West
DC_004,West Urban Hub DC_004,2026-06-09,Tuesday,Afternoon,1199,678,1935,Urban Hub,West
DC_004,West Urban Hub DC_004,2026-06-09,Tuesday,Evening,586,356,1035,Urban Hub,West
DC_005,Central Regional Center DC_005,2026-06-09,Tuesday,Morning,88,62,178,Regional Center,Central
DC_005,Central Regional Center DC_005,2026-06-09,Tuesday,Afternoon,152,83,276,Regional Center,Central
DC_005,Central Regional Center DC_005,2026-06-09,Tuesday,Evening,106,49,164,Regional Center,Central
DC_006,North Satellite Depot DC_006,2026-06-09,Tuesday,Morning,622,86,247,Satellite Depot,North
DC_006,North Satellite Depot DC_006,2026-06-09,Tuesday,Afternoon,829,128,400,Satellite Depot,North
DC_006,North Satellite Depot DC_006,2026-06-09,Tuesday,Evening,549,76,208,Satellite Depot,North
DC_007,South Urban Hub DC_007,2026-06-09,Tuesday,Morning,379,258,733,Urban Hub,South
DC_007,South Urban Hub DC_007,2026-06-09,Tuesday,Afternoon,481,271,905,Urban Hub,South
DC_007,South Urban Hub DC_007,2026-06-09,Tuesday,Evening,239,161,497,Urban Hub,South
DC_008,East Regional Center DC_008,2026-06-09,Tuesday,Morning,1469,154,544,Regional Center,East
DC_008,East Regional Center DC_008,2026-06-09,Tuesday,Afternoon,2175,235,783,Regional Center,East
DC_008,East Regional Center DC_008,2026-06-09,Tuesday,Evening,1391,149,498,Regional Center,East
DC_009,West Satellite Depot DC_009,2026-06-09,Tuesday,Morning,362,238,702,Satellite Depot,West
DC_009,West Satellite Depot DC_009,2026-06-09,Tuesday,Afternoon,486,339,938,Satellite Depot,West
DC_009,West Satellite Depot DC_009,2026-06-09,Tuesday,Evening,274,197,599,Satellite Depot,West
DC_010,Central Urban Hub DC_010,2026-06-09,Tuesday,Morning,84,81,290,Urban Hub,Central
DC_010,Central Urban Hub DC_010,2026-06-09,Tuesday,Afternoon,185,158,477,Urban Hub,Central
DC_010,Central Urban Hub DC_010,2026-06-09,Tuesday,Evening,83,69,245,Urban Hub,Central
DC_011,North Regional Center DC_011,2026-06-09,Tuesday,Morning,760,430,1314,Regional Center,North
DC_011,North Regional Center DC_011,2026-06-09,Tuesday,Afternoon,890,539,1640,Regional Center,North
DC_011,North Regional Center DC_011,2026-06-09,Tuesday,Evening,607,426,1043,Regional Center,North
DC_012,South Satellite Depot DC_012,2026-06-09,Tuesday,Morning,561,323,949,Satellite Depot,South
DC_012,South Satellite Depot DC_012,2026-06-09,Tuesday,Afternoon,985,592,1657,Satellite Depot,South
DC_012,South Satellite Depot DC_012,2026-06-09,Tuesday,Evening,501,284,840,Satellite Depot,South
DC_013,East Urban Hub DC_013,2026-06-09,Tuesday,Morning,326,229,653,Urban Hub,East
DC_013,East Urban Hub DC_013,2026-06-09,Tuesday,Afternoon,561,302,999,Urban Hub,East
DC_013,East Urban Hub DC_013,2026-06-09,Tuesday,Evening,273,201,564,Urban Hub,East
DC_014,West Regional Center DC_014,2026-06-09,Tuesday,Morning,767,487,1361,Regional Center,West
DC_014,West Regional Center DC_014,2026-06-09,Tuesday,Afternoon,929,706,2038,Regional Center,West
DC_014,West Regional Center DC_014,2026-06-09,Tuesday,Evening,687,412,1127,Regional Center,West
DC_015,Central Satellite Depot DC_015,2026-06-09,Tuesday,Morning,2249,278,834,Satellite Depot,Central
DC_015,Central Satellite Depot DC_015,2026-06-09,Tuesday,Afternoon,4024,445,1310,Satellite Depot,Central
DC_015,Central Satellite Depot DC_015,2026-06-09,Tuesday,Evening,2291,256,771,Satellite Depot,Central
DC_016,North Urban Hub DC_016,2026-06-09,Tuesday,Morning,204,111,354,Urban Hub,North
DC_016,North Urban Hub DC_016,2026-06-09,Tuesday,Afternoon,223,143,455,Urban Hub,North
DC_016,North Urban Hub DC_016,2026-06-09,Tuesday,Evening,139,96,289,Urban Hub,North
DC_017,South Regional Center DC_017,2026-06-09,Tuesday,Morning,373,223,793,Regional Center,South
DC_017,South Regional Center DC_017,2026-06-09,Tuesday,Afternoon,636,352,1182,Regional Center,South
DC_017,South Regional Center DC_017,2026-06-09,Tuesday,Evening,348,210,691,Regional Center,South
DC_018,East Satellite Depot DC_018,2026-06-09,Tuesday,Morning,158,100,309,Satellite Depot,East
DC_018,East Satellite Depot DC_018,2026-06-09,Tuesday,Afternoon,258,149,439,Satellite Depot,East
DC_018,East Satellite Depot DC_018,2026-06-09,Tuesday,Evening,141,88,290,Satellite Depot,East
DC_019,West Urban Hub DC_019,2026-06-09,Tuesday,Morning,567,349,1107,Urban Hub,West
DC_019,West Urban Hub DC_019,2026-06-09,Tuesday,Afternoon,843,603,1657,Urban Hub,West
DC_019,West Urban Hub DC_019,2026-06-09,Tuesday,Evening,494,247,835,Urban Hub,West
DC_020,Central Regional Center DC_020,2026-06-09,Tuesday,Morning,485,206,720,Regional Center,Central
DC_020,Central Regional Center DC_020,2026-06-09,Tuesday,Afternoon,465,298,960,Regional Center,Central
DC_020,Central Regional Center DC_020,2026-06-09,Tuesday,Evening,308,214,591,Regional Center,Central
DC_021,North Satellite Depot DC_021,2026-06-09,Tuesday,Morning,1306,174,531,Satellite Depot,North
DC_021,North Satellite Depot DC_021,2026-06-09,Tuesday,Afternoon,2197,287,846,Satellite Depot,North
DC_021,North Satellite Depot DC_021,2026-06-09,Tuesday,Evening,1094,129,408,Satellite Depot,North
DC_022,South Urban Hub DC_022,2026-06-09,Tuesday,Morning,188,126,327,Urban Hub,South
DC_022,South Urban Hub DC_022,2026-06-09,Tuesday,Afternoon,264,197,554,Urban Hub,South
DC_022,South Urban Hub DC_022,2026-06-09,Tuesday,Evening,143,99,342,Urban Hub,South
DC_023,East Regional Center DC_023,2026-06-09,Tuesday,Morning,722,533,1469,Regional Center,East
DC_023,East Regional Center DC_023,2026-06-09,Tuesday,Afternoon,1012,596,1906,Regional Center,East
DC_023,East Regional Center DC_023,2026-06-09,Tuesday,Evening,742,418,1317,Regional Center,East
DC_024,West Satellite Depot DC_024,2026-06-09,Tuesday,Morning,324,195,601,Satellite Depot,West
DC_024,West Satellite Depot DC_024,2026-06-09,Tuesday,Afternoon,430,264,830,Satellite Depot,West
DC_024,West Satellite Depot DC_024,2026-06-09,Tuesday,Evening,239,142,477,Satellite Depot,West
DC_001,North Urban Hub DC_001,2026-06-10,Wednesday,Morning,499,270,844,Urban Hub,North
DC_001,North Urban Hub DC_001,2026-06-10,Wednesday,Afternoon,587,387,1113,Urban Hub,North
DC_001,North Urban Hub DC_001,2026-06-10,Wednesday,Evening,364,217,735,Urban Hub,North
DC_002,South Regional Center DC_002,2026-06-10,Wednesday,Morning,217,133,397,Regional Center,South
DC_002,South Regional Center DC_002,2026-06-10,Wednesday,Afternoon,338,227,626,Regional Center,South
DC_002,South Regional Center DC_002,2026-06-10,Wednesday,Evening,173,95,330,Regional Center,South
DC_003,East Satellite Depot DC_003,2026-06-10,Wednesday,Morning,290,258,897,Satellite Depot,East
DC_003,East Satellite Depot DC_003,2026-06-10,Wednesday,Afternoon,395,401,1155,Satellite Depot,East
DC_003,East Satellite Depot DC_003,2026-06-10,Wednesday,Evening,180,204,605,Satellite Depot,East
DC_004,West Urban Hub DC_004,2026-06-10,Wednesday,Morning,730,437,1423,Urban Hub,West
DC_004,West Urban Hub DC_004,2026-06-10,Wednesday,Afternoon,1102,614,1917,Urban Hub,West
DC_004,West Urban Hub DC_004,2026-06-10,Wednesday,Evening,635,406,1187,Urban Hub,West
DC_005,Central Regional Center DC_005,2026-06-10,Wednesday,Morning,96,62,183,Regional Center,Central
DC_005,Central Regional Center DC_005,2026-06-10,Wednesday,Afternoon,165,101,302,Regional Center,Central
DC_005,Central Regional Center DC_005,2026-06-10,Wednesday,Evening,87,48,173,Regional Center,Central
DC_006,North Satellite Depot DC_006,2026-06-10,Wednesday,Morning,668,103,299,Satellite Depot,North
DC_006,North Satellite Depot DC_006,2026-06-10,Wednesday,Afternoon,952,111,368,Satellite Depot,North
DC_006,North Satellite Depot DC_006,2026-06-10,Wednesday,Evening,573,101,248,Satellite Depot,North
DC_007,South Urban Hub DC_007,2026-06-10,Wednesday,Morning,405,289,785,Urban Hub,South
DC_007,South Urban Hub DC_007,2026-06-10,Wednesday,Afternoon,593,354,1132,Urban Hub,South
DC_007,South Urban Hub DC_007,2026-06-10,Wednesday,Evening,328,235,642,Urban Hub,South
DC_008,East Regional Center DC_008,2026-06-10,Wednesday,Morning,1488,149,486,Regional Center,East
DC_008,East Regional Center DC_008,2026-06-10,Wednesday,Afternoon,2407,280,821,Regional Center,East
DC_008,East Regional Center DC_008,2026-06-10,Wednesday,Evening,1029,119,381,Regional Center,East
DC_009,West Satellite Depot DC_009,2026-06-10,Wednesday,Morning,344,204,687,Satellite Depot,West
DC_009,West Satellite Depot DC_009,2026-06-10,Wednesday,Afternoon,694,337,1162,Satellite Depot,West
DC_009,West Satellite Depot DC_009,2026-06-10,Wednesday,Evening,307,217,663,Satellite Depot,West
DC_010,Central Urban Hub DC_010,2026-06-10,Wednesday,Morning,104,103,292,Urban Hub,Central
DC_010,Central Urban Hub DC_010,2026-06-10,Wednesday,Afternoon,139,136,466,Urban Hub,Central
DC_010,Central Urban Hub DC_010,2026-06-10,Wednesday,Evening,80,80,247,Urban Hub,Central
DC_011,North Regional Center DC_011,2026-06-10,Wednesday,Morning,601,379,1210,Regional Center,North
DC_011,North Regional Center DC_011,2026-06-10,Wednesday,Afternoon,995,594,1934,Regional Center,North
DC_011,North Regional Center DC_011,2026-06-10,Wednesday,Evening,645,335,1114,Regional Center,North
DC_012,South Satellite Depot DC_012,2026-06-10,Wednesday,Morning,677,386,1218,Satellite Depot,South
DC_012,South Satellite Depot DC_012,2026-06-10,Wednesday,Afternoon,886,648,1839,Satellite Depot,South
DC_012,South Satellite Depot DC_012,2026-06-10,Wednesday,Evening,584,370,1100,Satellite Depot,South
DC_013,East Urban Hub DC_013,2026-06-10,Wednesday,Morning,424,270,719,Urban Hub,East
DC_013,East Urban Hub DC_013,2026-06-10,Wednesday,Afternoon,531,441,1188,Urban Hub,East
DC_013,East Urban Hub DC_013,2026-06-10,Wednesday,Evening,287,187,579,Urban Hub,East
DC_014,West Regional Center DC_014,2026-06-10,Wednesday,Morning,859,541,1598,Regional Center,West
DC_014,West Regional Center DC_014,2026-06-10,Wednesday,Afternoon,1526,784,2206,Regional Center,West
DC_014,West Regional Center DC_014,2026-06-10,Wednesday,Evening,641,389,1343,Regional Center,West
DC_015,Central Satellite Depot DC_015,2026-06-10,Wednesday,Morning,3334,343,1010,Satellite Depot,Central
DC_015,Central Satellite Depot DC_015,2026-06-10,Wednesday,Afternoon,3609,470,1618,Satellite Depot,Central
DC_015,Central Satellite Depot DC_015,2026-06-10,Wednesday,Evening,2356,258,797,Satellite Depot,Central
DC_016,North Urban Hub DC_016,2026-06-10,Wednesday,Morning,174,119,376,Urban Hub,North
DC_016,North Urban Hub DC_016,2026-06-10,Wednesday,Afternoon,298,176,564,Urban Hub,North
DC_016,North Urban Hub DC_016,2026-06-10,Wednesday,Evening,188,116,329,Urban Hub,North
DC_017,South Regional Center DC_017,2026-06-10,Wednesday,Morning,642,289,1015,Regional Center,South
DC_017,South Regional Center DC_017,2026-06-10,Wednesday,Afternoon,656,348,1162,Regional Center,South
DC_017,South Regional Center DC_017,2026-06-10,Wednesday,Evening,465,238,762,Regional Center,South
DC_018,East Satellite Depot DC_018,2026-06-10,Wednesday,Morning,192,120,354,Satellite Depot,East
DC_018,East Satellite Depot DC_018,2026-06-10,Wednesday,Afternoon,297,142,527,Satellite Depot,East
DC_018,East Satellite Depot DC_018,2026-06-10,Wednesday,Evening,159,97,288,Satellite Depot,East
DC_019,West Urban Hub DC_019,2026-06-10,Wednesday,Morning,840,416,1327,Urban Hub,West
DC_019,West Urban Hub DC_019,2026-06-10,Wednesday,Afternoon,1055,591,1710,Urban Hub,West
DC_019,West Urban Hub DC_019,2026-06-10,Wednesday,Evening,577,314,993,Urban Hub,West
DC_020,Central Regional Center DC_020,2026-06-10,Wednesday,Morning,415,290,793,Regional Center,Central
DC_020,Central Regional Center DC_020,2026-06-10,Wednesday,Afternoon,533,324,974,Regional Center,Central
DC_020,Central Regional Center DC_020,2026-06-10,Wednesday,Evening,304,166,588,Regional Center,Central
DC_021,North Satellite Depot DC_021,2026-06-10,Wednesday,Morning,1691,172,582,Satellite Depot,North
DC_021,North Satellite Depot DC_021,2026-06-10,Wednesday,Afternoon,2427,316,962,Satellite Depot,North
DC_021,North Satellite Depot DC_021,2026-06-10,Wednesday,Evening,1342,197,509,Satellite Depot,North
DC_022,South Urban Hub DC_022,2026-06-10,Wednesday,Morning,216,127,441,Urban Hub,South
DC_022,South Urban Hub DC_022,2026-06-10,Wednesday,Afternoon,310,188,596,Urban Hub,South
DC_022,South Urban Hub DC_022,2026-06-10,Wednesday,Evening,186,114,354,Urban Hub,South
DC_023,East Regional Center DC_023,2026-06-10,Wednesday,Morning,805,476,1620,Regional Center,East
DC_023,East Regional Center DC_023,2026-06-10,Wednesday,Afternoon,1215,750,2245,Regional Center,East
DC_023,East Regional Center DC_023,2026-06-10,Wednesday,Evening,800,408,1268,Regional Center,East
DC_024,West Satellite Depot DC_024,2026-06-10,Wednesday,Morning,365,218,676,Satellite Depot,West
DC_024,West Satellite Depot DC_024,2026-06-10,Wednesday,Afternoon,473,337,1009,Satellite Depot,West
DC_024,West Satellite Depot DC_024,2026-06-10,Wednesday,Evening,264,138,492,Satellite Depot,West
DC_001,North Urban Hub DC_001,2026-06-11,Thursday,Morning,399,235,796,Urban Hub,North
DC_001,North Urban Hub DC_001,2026-06-11,Thursday,Afternoon,546,328,1067,Urban Hub,North
DC_001,North Urban Hub DC_001,2026-06-11,Thursday,Evening,406,242,716,Urban Hub,North
DC_002,South Regional Center DC_002,2026-06-11,Thursday,Morning,204,125,371,Regional Center,South
DC_002,South Regional Center DC_002,2026-06-11,Thursday,Afternoon,265,199,556,Regional Center,South
DC_002,South Regional Center DC_002,2026-06-11,Thursday,Evening,130,90,273,Regional Center,South
DC_003,East Satellite Depot DC_003,2026-06-11,Thursday,Morning,289,281,886,Satellite Depot,East
DC_003,East Satellite Depot DC_003,2026-06-11,Thursday,Afternoon,405,461,1317,Satellite Depot,East
DC_003,East Satellite Depot DC_003,2026-06-11,Thursday,Evening,306,220,745,Satellite Depot,East
DC_004,West Urban Hub DC_004,2026-06-11,Thursday,Morning,681,423,1362,Urban Hub,West
DC_004,West Urban Hub DC_004,2026-06-11,Thursday,Afternoon,1152,677,2163,Urban Hub,West
DC_004,West Urban Hub DC_004,2026-06-11,Thursday,Evening,638,346,1063,Urban Hub,West
DC_005,Central Regional Center DC_005,2026-06-11,Thursday,Morning,93,62,199,Regional Center,Central
DC_005,Central Regional Center DC_005,2026-06-11,Thursday,Afternoon,163,95,298,Regional Center,Central
DC_005,Central Regional Center DC_005,2026-06-11,Thursday,Evening,91,56,175,Regional Center,Central
DC_006,North Satellite Depot DC_006,2026-06-11,Thursday,Morning,894,91,274,Satellite Depot,North
DC_006,North Satellite Depot DC_006,2026-06-11,Thursday,Afternoon,1294,142,484,Satellite Depot,North
DC_006,North Satellite Depot DC_006,2026-06-11,Thursday,Evening,585,76,256,Satellite Depot,North
DC_007,South Urban Hub DC_007,2026-06-11,Thursday,Morning,511,273,848,Urban Hub,South
DC_007,South Urban Hub DC_007,2026-06-11,Thursday,Afternoon,668,398,1288,Urban Hub,South
DC_007,South Urban Hub DC_007,2026-06-11,Thursday,Evening,260,200,579,Urban Hub,South
DC_008,East Regional Center DC_008,2026-06-11,Thursday,Morning,1200,181,449,Regional Center,East
DC_008,East Regional Center DC_008,2026-06-11,Thursday,Afternoon,1515,244,732,Regional Center,East
DC_008,East Regional Center DC_008,2026-06-11,Thursday,Evening,1016,137,395,Regional Center,East
DC_009,West Satellite Depot DC_009,2026-06-11,Thursday,Morning,462,250,793,Satellite Depot,West
DC_009,West Satellite Depot DC_009,2026-06-11,Thursday,Afternoon,430,313,1010,Satellite Depot,West
DC_009,West Satellite Depot DC_009,2026-06-11,Thursday,Evening,334,206,611,Satellite Depot,West
DC_010,Central Urban Hub DC_010,2026-06-11,Thursday,Morning,106,86,304,Urban Hub,Central
DC_010,Central Urban Hub DC_010,2026-06-11,Thursday,Afternoon,188,165,463,Urban Hub,Central
DC_010,Central Urban Hub DC_010,2026-06-11,Thursday,Evening,96,95,290,Urban Hub,Central
DC_011,North Regional Center DC_011,2026-06-11,Thursday,Morning,836,446,1452,Regional Center,North
DC_011,North Regional Center DC_011,2026-06-11,Thursday,Afternoon,950,628,1885,Regional Center,North
DC_011,North Regional Center DC_011,2026-06-11,Thursday,Evening,535,330,1085,Regional Center,North
DC_012,South Satellite Depot DC_012,2026-06-11,Thursday,Morning,684,350,1226,Satellite Depot,South
DC_012,South Satellite Depot DC_012,2026-06-11,Thursday,Afternoon,1080,665,1952,Satellite Depot,South
DC_012,South Satellite Depot DC_012,2026-06-11,Thursday,Evening,590,366,1120,Satellite Depot,South
DC_013,East Urban Hub DC_013,2026-06-11,Thursday,Morning,407,256,790,Urban Hub,East
DC_013,East Urban Hub DC_013,2026-06-11,Thursday,Afternoon,610,398,1287,Urban Hub,East
DC_013,East Urban Hub DC_013,2026-06-11,Thursday,Evening,385,221,724,Urban Hub,East
DC_014,West Regional Center DC_014,2026-06-11,Thursday,Morning,816,506,1685,Regional Center,West
DC_014,West Regional Center DC_014,2026-06-11,Thursday,Afternoon,1100,829,2457,Regional Center,West
DC_014,West Regional Center DC_014,2026-06-11,Thursday,Evening,698,427,1283,Regional Center,West
DC_015,Central Satellite Depot DC_015,2026-06-11,Thursday,Morning,1945,300,854,Satellite Depot,Central
DC_015,Central Satellite Depot DC_015,2026-06-11,Thursday,Afternoon,4621,474,1544,Satellite Depot,Central
DC_015,Central Satellite Depot DC_015,2026-06-11,Thursday,Evening,2300,252,793,Satellite Depot,Central
DC_016,North Urban Hub DC_016,2026-06-11,Thursday,Morning,219,124,389,Urban Hub,North
DC_016,North Urban Hub DC_016,2026-06-11,Thursday,Afternoon,380,230,657,Urban Hub,North
DC_016,North Urban Hub DC_016,2026-06-11,Thursday,Evening,174,99,344,Urban Hub,North
DC_017,South Regional Center DC_017,2026-06-11,Thursday,Morning,478,257,871,Regional Center,South
DC_017,South Regional Center DC_017,2026-06-11,Thursday,Afternoon,974,567,1654,Regional Center,South
DC_017,South Regional Center DC_017,2026-06-11,Thursday,Evening,461,281,818,Regional Center,South
DC_018,East Satellite Depot DC_018,2026-06-11,Thursday,Morning,182,142,393,Satellite Depot,East
DC_018,East Satellite Depot DC_018,2026-06-11,Thursday,Afternoon,365,203,648,Satellite Depot,East
DC_018,East Satellite Depot DC_018,2026-06-11,Thursday,Evening,187,120,363,Satellite Depot,East
DC_019,West Urban Hub DC_019,2026-06-11,Thursday,Morning,729,417,1347,Urban Hub,West
DC_019,West Urban Hub DC_019,2026-06-11,Thursday,Afternoon,924,683,1880,Urban Hub,West
DC_019,West Urban Hub DC_019,2026-06-11,Thursday,Evening,601,316,976,Urban Hub,West
DC_020,Central Regional Center DC_020,2026-06-11,Thursday,Morning,363,226,637,Regional Center,Central
DC_020,Central Regional Center DC_020,2026-06-11,Thursday,Afternoon,717,438,1217,Regional Center,Central
DC_020,Central Regional Center DC_020,2026-06-11,Thursday,Evening,282,201,617,Regional Center,Central
DC_021,North Satellite Depot DC_021,2026-06-11,Thursday,Morning,1460,192,636,Satellite Depot,North
DC_021,North Satellite Depot DC_021,2026-06-11,Thursday,Afternoon,2707,308,990,Satellite Depot,North
DC_021,North Satellite Depot DC_021,2026-06-11,Thursday,Evening,1302,137,474,Satellite Depot,North
DC_022,South Urban Hub DC_022,2026-06-11,Thursday,Morning,261,195,511,Urban Hub,South
DC_022,South Urban Hub DC_022,2026-06-11,Thursday,Afternoon,357,205,626,Urban Hub,South
DC_022,South Urban Hub DC_022,2026-06-11,Thursday,Evening,189,98,347,Urban Hub,South
DC_023,East Regional Center DC_023,2026-06-11,Thursday,Morning,893,602,1712,Regional Center,East
DC_023,East Regional Center DC_023,2026-06-11,Thursday,Afternoon,1306,807,2162,Regional Center,East
DC_023,East Regional Center DC_023,2026-06-11,Thursday,Evening,714,487,1391,Regional Center,East
DC_024,West Satellite Depot DC_024,2026-06-11,Thursday,Morning,320,191,686,Satellite Depot,West
DC_024,West Satellite Depot DC_024,2026-06-11,Thursday,Afternoon,584,329,1080,Satellite Depot,West
DC_024,West Satellite Depot DC_024,2026-06-11,Thursday,Evening,414,180,626,Satellite Depot,West
DC_001,North Urban Hub DC_001,2026-06-12,Friday,Morning,491,290,874,Urban Hub,North
DC_001,North Urban Hub DC_001,2026-06-12,Friday,Afternoon,838,464,1406,Urban Hub,North
DC_001,North Urban Hub DC_001,2026-06-12,Friday,Evening,414,248,793,Urban Hub,North
DC_002,South Regional Center DC_002,2026-06-12,Friday,Morning,219,131,440,Regional Center,South
DC_002,South Regional Center DC_002,2026-06-12,Friday,Afternoon,374,219,731,Regional Center,South
DC_002,South Regional Center DC_002,2026-06-12,Friday,Evening,170,118,402,Regional Center,South
DC_003,East Satellite Depot DC_003,2026-06-12,Friday,Morning,381,355,1077,Satellite Depot,East
DC_003,East Satellite Depot DC_003,2026-06-12,Friday,Afternoon,487,542,1584,Satellite Depot,East
DC_003,East Satellite Depot DC_003,2026-06-12,Friday,Evening,369,368,990,Satellite Depot,East
DC_004,West Urban Hub DC_004,2026-06-12,Friday,Morning,938,581,1618,Urban Hub,West
DC_004,West Urban Hub DC_004,2026-06-12,Friday,Afternoon,1338,751,2329,Urban Hub,West
DC_004,West Urban Hub DC_004,2026-06-12,Friday,Evening,728,418,1296,Urban Hub,West
DC_005,Central Regional Center DC_005,2026-06-12,Friday,Morning,126,86,270,Regional Center,Central
DC_005,Central Regional Center DC_005,2026-06-12,Friday,Afternoon,207,118,381,Regional Center,Central
DC_005,Central Regional Center DC_005,2026-06-12,Friday,Evening,101,82,215,Regional Center,Central
DC_006,North Satellite Depot DC_006,2026-06-12,Friday,Morning,788,102,315,Satellite Depot,North
DC_006,North Satellite Depot DC_006,2026-06-12,Friday,Afternoon,1317,135,446,Satellite Depot,North
DC_006,North Satellite Depot DC_006,2026-06-12,Friday,Evening,782,76,252,Satellite Depot,North
DC_007,South Urban Hub DC_007,2026-06-12,Friday,Morning,455,294,844,Urban Hub,South
DC_007,South Urban Hub DC_007,2026-06-12,Friday,Afternoon,577,449,1211,Urban Hub,South
DC_007,South Urban Hub DC_007,2026-06-12,Friday,Evening,336,192,594,Urban Hub,South
DC_008,East Regional Center DC_008,2026-06-12,Friday,Morning,1367,167,563,Regional Center,East
DC_008,East Regional Center DC_008,2026-06-12,Friday,Afternoon,2200,284,899,Regional Center,East
DC_008,East Regional Center DC_008,2026-06-12,Friday,Evening,1442,172,489,Regional Center,East
DC_009,West Satellite Depot DC_009,2026-06-12,Friday,Morning,423,248,783,Satellite Depot,West
DC_009,West Satellite Depot DC_009,2026-06-12,Friday,Afternoon,615,404,1164,Satellite Depot,West
DC_009,West Satellite Depot DC_009,2026-06-12,Friday,Evening,379,237,669,Satellite Depot,West
DC_010,Central Urban Hub DC_010,2026-06-12,Friday,Morning,131,121,399,Urban Hub,Central
DC_010,Central Urban Hub DC_010,2026-06-12,Friday,Afternoon,186,155,554,Urban Hub,Central
DC_010,Central Urban Hub DC_010,2026-06-12,Friday,Evening,80,79,279,Urban Hub,Central
DC_011,North Regional Center DC_011,2026-06-12,Friday,Morning,917,483,1668,Regional Center,North
DC_011,North Regional Center DC_011,2026-06-12,Friday,Afternoon,1312,765,2297,Regional Center,North
DC_011,North Regional Center DC_011,2026-06-12,Friday,Evening,733,370,1250,Regional Center,North
DC_012,South Satellite Depot DC_012,2026-06-12,Friday,Morning,737,504,1381,Satellite Depot,South
DC_012,South Satellite Depot DC_012,2026-06-12,Friday,Afternoon,1326,789,2213,Satellite Depot,South
DC_012,South Satellite Depot DC_012,2026-06-12,Friday,Evening,587,379,1216,Satellite Depot,South
DC_013,East Urban Hub DC_013,2026-06-12,Friday,Morning,520,320,964,Urban Hub,East
DC_013,East Urban Hub DC_013,2026-06-12,Friday,Afternoon,832,447,1478,Urban Hub,East
DC_013,East Urban Hub DC_013,2026-06-12,Friday,Evening,492,290,848,Urban Hub,East
DC_014,West Regional Center DC_014,2026-06-12,Friday,Morning,1096,592,1766,Regional Center,West
DC_014,West Regional Center DC_014,2026-06-12,Friday,Afternoon,1811,891,3059,Regional Center,West
DC_014,West Regional Center DC_014,2026-06-12,Friday,Evening,656,507,1486,Regional Center,West
DC_015,Central Satellite Depot DC_015,2026-06-12,Friday,Morning,3365,406,1189,Satellite Depot,Central
DC_015,Central Satellite Depot DC_015,2026-06-12,Friday,Afternoon,4928,595,1997,Satellite Depot,Central
DC_015,Central Satellite Depot DC_015,2026-06-12,Friday,Evening,2177,314,897,Satellite Depot,Central
DC_016,North Urban Hub DC_016,2026-06-12,Friday,Morning,199,121,383,Urban Hub,North
DC_016,North Urban Hub DC_016,2026-06-12,Friday,Afternoon,321,195,646,Urban Hub,North
DC_016,North Urban Hub DC_016,2026-06-12,Friday,Evening,240,115,399,Urban Hub,North
DC_017,South Regional Center DC_017,2026-06-12,Friday,Morning,716,484,1298,Regional Center,South
DC_017,South Regional Center DC_017,2026-06-12,Friday,Afternoon,838,418,1505,Regional Center,South
DC_017,South Regional Center DC_017,2026-06-12,Friday,Evening,533,321,941,Regional Center,South
DC_018,East Satellite Depot DC_018,2026-06-12,Friday,Morning,176,117,359,Satellite Depot,East
DC_018,East Satellite Depot DC_018,2026-06-12,Friday,Afternoon,353,213,704,Satellite Depot,East
DC_018,East Satellite Depot DC_018,2026-06-12,Friday,Evening,195,114,328,Satellite Depot,East
DC_019,West Urban Hub DC_019,2026-06-12,Friday,Morning,578,393,1181,Urban Hub,West
DC_019,West Urban Hub DC_019,2026-06-12,Friday,Afternoon,1125,708,2142,Urban Hub,West
DC_019,West Urban Hub DC_019,2026-06-12,Friday,Evening,518,329,1002,Urban Hub,West
DC_020,Central Regional Center DC_020,2026-06-12,Friday,Morning,527,283,921,Regional Center,Central
DC_020,Central Regional Center DC_020,2026-06-12,Friday,Afternoon,756,442,1458,Regional Center,Central
DC_020,Central Regional Center DC_020,2026-06-12,Friday,Evening,337,235,749,Regional Center,Central
DC_021,North Satellite Depot DC_021,2026-06-12,Friday,Morning,1818,241,702,Satellite Depot,North
DC_021,North Satellite Depot DC_021,2026-06-12,Friday,Afternoon,2070,316,901,Satellite Depot,North
DC_021,North Satellite Depot DC_021,2026-06-12,Friday,Evening,1456,176,587,Satellite Depot,North
DC_022,South Urban Hub DC_022,2026-06-12,Friday,Morning,266,145,462,Urban Hub,South
DC_022,South Urban Hub DC_022,2026-06-12,Friday,Afternoon,426,197,705,Urban Hub,South
DC_022,South Urban Hub DC_022,2026-06-12,Friday,Evening,221,124,376,Urban Hub,South
DC_023,East Regional Center DC_023,2026-06-12,Friday,Morning,1456,637,2162,Regional Center,East
DC_023,East Regional Center DC_023,2026-06-12,Friday,Afternoon,1418,932,2732,Regional Center,East
DC_023,East Regional Center DC_023,2026-06-12,Friday,Evening,998,649,1898,Regional Center,East
DC_024,West Satellite Depot DC_024,2026-06-12,Friday,Morning,413,249,783,Satellite Depot,West
DC_024,West Satellite Depot DC_024,2026-06-12,Friday,Afternoon,664,452,1246,Satellite Depot,West
DC_024,West Satellite Depot DC_024,2026-06-12,Friday,Evening,327,222,651,Satellite Depot,West
DC_001,North Urban Hub DC_001,2026-06-13,Saturday,Morning,605,374,1140,Urban Hub,North
DC_001,North Urban Hub DC_001,2026-06-13,Saturday,Afternoon,1138,607,1778,Urban Hub,North
DC_001,North Urban Hub DC_001,2026-06-13,Saturday,Evening,448,270,991,Urban Hub,North
DC_002,South Regional Center DC_002,2026-06-13,Saturday,Morning,230,137,452,Regional Center,South
DC_002,South Regional Center DC_002,2026-06-13,Saturday,Afternoon,384,223,744,Regional Center,South
DC_002,South Regional Center DC_002,2026-06-13,Saturday,Evening,197,135,389,Regional Center,South
DC_003,East Satellite Depot DC_003,2026-06-13,Saturday,Morning,357,375,1051,Satellite Depot,East
DC_003,East Satellite Depot DC_003,2026-06-13,Saturday,Afternoon,473,463,1406,Satellite Depot,East
DC_003,East Satellite Depot DC_003,2026-06-13,Saturday,Evening,278,289,908,Satellite Depot,East
DC_004,West Urban Hub DC_004,2026-06-13,Saturday,Morning,932,481,1597,Urban Hub,West
DC_004,West Urban Hub DC_004,2026-06-13,Saturday,Afternoon,1347,794,2425,Urban Hub,West
DC_004,West Urban Hub DC_004,2026-06-13,Saturday,Evening,718,432,1279,Urban Hub,West
DC_005,Central Regional Center DC_005,2026-06-13,Saturday,Morning,122,76,243,Regional Center,Central
DC_005,Central Regional Center DC_005,2026-06-13,Saturday,Afternoon,200,117,419,Regional Center,Central
DC_005,Central Regional Center DC_005,2026-06-13,Saturday,Evening,110,73,217,Regional Center,Central
DC_006,North Satellite Depot DC_006,2026-06-13,Saturday,Morning,1119,149,406,Satellite Depot,North
DC_006,North Satellite Depot DC_006,2026-06-13,Saturday,Afternoon,1881,200,641,Satellite Depot,North
DC_006,North Satellite Depot DC_006,2026-06-13,Saturday,Evening,686,86,295,Satellite Depot,North
DC_007,South Urban Hub DC_007,2026-06-13,Saturday,Morning,478,324,1005,Urban Hub,South
DC_007,South Urban Hub DC_007,2026-06-13,Saturday,Afternoon,847,593,1705,Urban Hub,South
DC_007,South Urban Hub DC_007,2026-06-13,Saturday,Evening,437,266,808,Urban Hub,South
DC_008,East Regional Center DC_008,2026-06-13,Saturday,Morning,1317,192,529,Regional Center,East
DC_008,East Regional Center DC_008,2026-06-13,Saturday,Afternoon,1950,251,730,Regional Center,East
DC_008,East Regional Center DC_008,2026-06-13,Saturday,Evening,1746,164,473,Regional Center,East
DC_009,West Satellite Depot DC_009,2026-06-13,Saturday,Morning,489,270,863,Satellite Depot,West
DC_009,West Satellite Depot DC_009,2026-06-13,Saturday,Afternoon,739,435,1459,Satellite Depot,West
DC_009,West Satellite Depot DC_009,2026-06-13,Saturday,Evening,469,247,794,Satellite Depot,West
DC_010,Central Urban Hub DC_010,2026-06-13,Saturday,Morning,139,142,413,Urban Hub,Central
DC_010,Central Urban Hub DC_010,2026-06-13,Saturday,Afternoon,224,210,595,Urban Hub,Central
DC_010,Central Urban Hub DC_010,2026-06-13,Saturday,Evening,93,95,301,Urban Hub,Central
DC_011,North Regional Center DC_011,2026-06-13,Saturday,Morning,991,594,1696,Regional Center,North
DC_011,North Regional Center DC_011,2026-06-13,Saturday,Afternoon,1412,830,2448,Regional Center,North
DC_011,North Regional Center DC_011,2026-06-13,Saturday,Evening,575,319,1112,Regional Center,North
DC_012,South Satellite Depot DC_012,2026-06-13,Saturday,Morning,652,436,1346,Satellite Depot,South
DC_012,South Satellite Depot DC_012,2026-06-13,Saturday,Afternoon,1101,660,1889,Satellite Depot,South
DC_012,South Satellite Depot DC_012,2026-06-13,Saturday,Evening,609,334,1191,Satellite Depot,South
DC_013,East Urban Hub DC_013,2026-06-13,Saturday,Morning,457,284,818,Urban Hub,East
DC_013,East Urban Hub DC_013,2026-06-13,Saturday,Afternoon,656,401,1244,Urban Hub,East
DC_013,East Urban Hub DC_013,2026-06-13,Saturday,Evening,349,235,658,Urban Hub,East
DC_014,West Regional Center DC_014,2026-06-13,Saturday,Morning,873,573,1842,Regional Center,West
DC_014,West Regional Center DC_014,2026-06-13,Saturday,Afternoon,1571,898,2800,Regional Center,West
DC_014,West Regional Center DC_014,2026-06-13,Saturday,Evening,816,521,1603,Regional Center,West
DC_015,Central Satellite Depot DC_015,2026-06-13,Saturday,Morning,3607,418,1219,Satellite Depot,Central
DC_015,Central Satellite Depot DC_015,2026-06-13,Saturday,Afternoon,4533,608,1900,Satellite Depot,Central
DC_015,Central Satellite Depot DC_015,2026-06-13,Saturday,Evening,2748,367,1117,Satellite Depot,Central
DC_016,North Urban Hub DC_016,2026-06-13,Saturday,Morning,214,139,458,Urban Hub,North
DC_016,North Urban Hub DC_016,2026-06-13,Saturday,Afternoon,383,314,871,Urban Hub,North
DC_016,North Urban Hub DC_016,2026-06-13,Saturday,Evening,280,114,380,Urban Hub,North
DC_017,South Regional Center DC_017,2026-06-13,Saturday,Morning,624,424,1183,Regional Center,South
DC_017,South Regional Center DC_017,2026-06-13,Saturday,Afternoon,875,508,1674,Regional Center,South
DC_017,South Regional Center DC_017,2026-06-13,Saturday,Evening,479,312,957,Regional Center,South
DC_018,East Satellite Depot DC_018,2026-06-13,Saturday,Morning,261,186,521,Satellite Depot,East
DC_018,East Satellite Depot DC_018,2026-06-13,Saturday,Afternoon,377,247,793,Satellite Depot,East
DC_018,East Satellite Depot DC_018,2026-06-13,Saturday,Evening,186,151,406,Satellite Depot,East
DC_019,West Urban Hub DC_019,2026-06-13,Saturday,Morning,964,512,1727,Urban Hub,West
DC_019,West Urban Hub DC_019,2026-06-13,Saturday,Afternoon,1440,800,2379,Urban Hub,West
DC_019,West Urban Hub DC_019,2026-06-13,Saturday,Evening,769,481,1416,Urban Hub,West
DC_020,Central Regional Center DC_020,2026-06-13,Saturday,Morning,408,230,813,Regional Center,Central
DC_020,Central Regional Center DC_020,2026-06-13,Saturday,Afternoon,446,338,1064,Regional Center,Central
DC_020,Central Regional Center DC_020,2026-06-13,Saturday,Evening,415,241,747,Regional Center,Central
DC_021,North Satellite Depot DC_021,2026-06-13,Saturday,Morning,2296,276,799,Satellite Depot,North
DC_021,North Satellite Depot DC_021,2026-06-13,Saturday,Afternoon,3925,403,1293,Satellite Depot,North
DC_021,North Satellite Depot DC_021,2026-06-13,Saturday,Evening,1811,177,637,Satellite Depot,North
DC_022,South Urban Hub DC_022,2026-06-13,Saturday,Morning,315,172,527,Urban Hub,South
DC_022,South Urban Hub DC_022,2026-06-13,Saturday,Afternoon,427,256,803,Urban Hub,South
DC_022,South Urban Hub DC_022,2026-06-13,Saturday,Evening,261,166,484,Urban Hub,South
DC_023,East Regional Center DC_023,2026-06-13,Saturday,Morning,1108,692,2059,Regional Center,East
DC_023,East Regional Center DC_023,2026-06-13,Saturday,Afternoon,1769,974,3285,Regional Center,East
DC_023,East Regional Center DC_023,2026-06-13,Saturday,Evening,848,548,1792,Regional Center,East
DC_024,West Satellite Depot DC_024,2026-06-13,Saturday,Morning,428,263,800,Satellite Depot,West
DC_024,West Satellite Depot DC_024,2026-06-13,Saturday,Afternoon,494,314,992,Satellite Depot,West
DC_024,West Satellite Depot DC_024,2026-06-13,Saturday,Evening,383,218,711,Satellite Depot,West
DC_001,North Urban Hub DC_001,2026-06-14,Sunday,Morning,576,387,959,Urban Hub,North
DC_001,North Urban Hub DC_001,2026-06-14,Sunday,Afternoon,920,557,1600,Urban Hub,North
DC_001,North Urban Hub DC_001,2026-06-14,Sunday,Evening,512,337,923,Urban Hub,North
DC_002,South Regional Center DC_002,2026-06-14,Sunday,Morning,245,162,459,Regional Center,South
DC_002,South Regional Center DC_002,2026-06-14,Sunday,Afternoon,293,177,541,Regional Center,South
DC_002,South Regional Center DC_002,2026-06-14,Sunday,Evening,188,98,351,Regional Center,South
DC_003,East Satellite Depot DC_003,2026-06-14,Sunday,Morning,0,0,0,Satellite Depot,East
DC_003,East Satellite Depot DC_003,2026-06-14,Sunday,Afternoon,0,0,0,Satellite Depot,East
DC_003,East Satellite Depot DC_003,2026-06-14,Sunday,Evening,0,0,0,Satellite Depot,East
DC_004,West Urban Hub DC_004,2026-06-14,Sunday,Morning,966,452,1380,Urban Hub,West
DC_004,West Urban Hub DC_004,2026-06-14,Sunday,Afternoon,1103,731,2252,Urban Hub,West
DC_004,West Urban Hub DC_004,2026-06-14,Sunday,Evening,722,447,1307,Urban Hub,West
DC_005,Central Regional Center DC_005,2026-06-14,Sunday,Morning,121,62,203,Regional Center,Central
DC_005,Central Regional Center DC_005,2026-06-14,Sunday,Afternoon,163,108,323,Regional Center,Central
DC_005,Central Regional Center DC_005,2026-06-14,Sunday,Evening,118,55,175,Regional Center,Central
DC_006,North Satellite Depot DC_006,2026-06-14,Sunday,Morning,0,0,0,Satellite Depot,North
DC_006,North Satellite Depot DC_006,2026-06-14,Sunday,Afternoon,0,0,0,Satellite Depot,North
DC_006,North Satellite Depot DC_006,2026-06-14,Sunday,Evening,0,0,0,Satellite Depot,North
DC_007,South Urban Hub DC_007,2026-06-14,Sunday,Morning,587,333,987,Urban Hub,South
DC_007,South Urban Hub DC_007,2026-06-14,Sunday,Afternoon,801,476,1474,Urban Hub,South
DC_007,South Urban Hub DC_007,2026-06-14,Sunday,Evening,460,248,822,Urban Hub,South
DC_008,East Regional Center DC_008,2026-06-14,Sunday,Morning,1837,221,705,Regional Center,East
DC_008,East Regional Center DC_008,2026-06-14,Sunday,Afternoon,2681,347,1104,Regional Center,East
DC_008,East Regional Center DC_008,2026-06-14,Sunday,Evening,1665,221,625,Regional Center,East
DC_009,West Satellite Depot DC_009,2026-06-14,Sunday,Morning,0,0,0,Satellite Depot,West
DC_009,West Satellite Depot DC_009,2026-06-14,Sunday,Afternoon,0,0,0,Satellite Depot,West
DC_009,West Satellite Depot DC_009,2026-06-14,Sunday,Evening,0,0,0,Satellite Depot,West
DC_010,Central Urban Hub DC_010,2026-06-14,Sunday,Morning,145,116,354,Urban Hub,Central
DC_010,Central Urban Hub DC_010,2026-06-14,Sunday,Afternoon,163,179,540,Urban Hub,Central
DC_010,Central Urban Hub DC_010,2026-06-14,Sunday,Evening,84,66,227,Urban Hub,Central
DC_011,North Regional Center DC_011,2026-06-14,Sunday,Morning,691,407,1290,Regional Center,North
DC_011,North Regional Center DC_011,2026-06-14,Sunday,Afternoon,913,595,1783,Regional Center,North
DC_011,North Regional Center DC_011,2026-06-14,Sunday,Evening,638,418,1132,Regional Center,North
DC_012,South Satellite Depot DC_012,2026-06-14,Sunday,Morning,0,0,0,Satellite Depot,South
DC_012,South Satellite Depot DC_012,2026-06-14,Sunday,Afternoon,0,0,0,Satellite Depot,South
DC_012,South Satellite Depot DC_012,2026-06-14,Sunday,Evening,0,0,0,Satellite Depot,South
DC_013,East Urban Hub DC_013,2026-06-14,Sunday,Morning,438,235,786,Urban Hub,East
DC_013,East Urban Hub DC_013,2026-06-14,Sunday,Afternoon,675,440,1200,Urban Hub,East
DC_013,East Urban Hub DC_013,2026-06-14,Sunday,Evening,407,227,709,Urban Hub,East
DC_014,West Regional Center DC_014,2026-06-14,Sunday,Morning,915,529,1852,Regional Center,West
DC_014,West Regional Center DC_014,2026-06-14,Sunday,Afternoon,1079,720,2237,Regional Center,West
DC_014,West Regional Center DC_014,2026-06-14,Sunday,Evening,595,441,1337,Regional Center,West
DC_015,Central Satellite Depot DC_015,2026-06-14,Sunday,Morning,0,0,0,Satellite Depot,Central
DC_015,Central Satellite Depot DC_015,2026-06-14,Sunday,Afternoon,0,0,0,Satellite Depot,Central
DC_015,Central Satellite Depot DC_015,2026-06-14,Sunday,Evening,0,0,0,Satellite Depot,Central
DC_016,North Urban Hub DC_016,2026-06-14,Sunday,Morning,300,161,528,Urban Hub,North
DC_016,North Urban Hub DC_016,2026-06-14,Sunday,Afternoon,426,252,758,Urban Hub,North
DC_016,North Urban Hub DC_016,2026-06-14,Sunday,Evening,193,138,393,Urban Hub,North
DC_017,South Regional Center DC_017,2026-06-14,Sunday,Morning,480,266,932,Regional Center,South
DC_017,South Regional Center DC_017,2026-06-14,Sunday,Afternoon,778,450,1427,Regional Center,South
DC_017,South Regional Center DC_017,2026-06-14,Sunday,Evening,398,220,662,Regional Center,South
DC_018,East Satellite Depot DC_018,2026-06-14,Sunday,Morning,0,0,0,Satellite Depot,East
DC_018,East Satellite Depot DC_018,2026-06-14,Sunday,Afternoon,0,0,0,Satellite Depot,East
DC_018,East Satellite Depot DC_018,2026-06-14,Sunday,Evening,0,0,0,Satellite Depot,East
DC_019,West Urban Hub DC_019,2026-06-14,Sunday,Morning,799,519,1576,Urban Hub,West
DC_019,West Urban Hub DC_019,2026-06-14,Sunday,Afternoon,1402,778,2432,Urban Hub,West
DC_019,West Urban Hub DC_019,2026-06-14,Sunday,Evening,677,415,1424,Urban Hub,West
DC_020,Central Regional Center DC_020,2026-06-14,Sunday,Morning,394,248,742,Regional Center,Central
DC_020,Central Regional Center DC_020,2026-06-14,Sunday,Afternoon,569,304,931,Regional Center,Central
DC_020,Central Regional Center DC_020,2026-06-14,Sunday,Evening,281,175,599,Regional Center,Central
DC_021,North Satellite Depot DC_021,2026-06-14,Sunday,Morning,0,0,0,Satellite Depot,North
DC_021,North Satellite Depot DC_021,2026-06-14,Sunday,Afternoon,0,0,0,Satellite Depot,North
DC_021,North Satellite Depot DC_021,2026-06-14,Sunday,Evening,0,0,0,Satellite Depot,North
DC_022,South Urban Hub DC_022,2026-06-14,Sunday,Morning,265,207,546,Urban Hub,South
DC_022,South Urban Hub DC_022,2026-06-14,Sunday,Afternoon,502,304,941,Urban Hub,South
DC_022,South Urban Hub DC_022,2026-06-14,Sunday,Evening,219,115,396,Urban Hub,South
DC_023,East Regional Center DC_023,2026-06-14,Sunday,Morning,797,515,1602,Regional Center,East
DC_023,East Regional Center DC_023,2026-06-14,Sunday,Afternoon,1410,941,2699,Regional Center,East
DC_023,East Regional Center DC_023,2026-06-14,Sunday,Evening,640,431,1388,Regional Center,East
DC_024,West Satellite Depot DC_024,2026-06-14,Sunday,Morning,0,0,0,Satellite Depot,West
DC_024,West Satellite Depot DC_024,2026-06-14,Sunday,Afternoon,0,0,0,Satellite Depot,West
DC_024,West Satellite Depot DC_024,2026-06-14,Sunday,Evening,0,0,0,Satellite Depot,West
DC_001,North Urban Hub DC_001,2026-06-15,Monday,Morning,654,303,969,Urban Hub,North
DC_001,North Urban Hub DC_001,2026-06-15,Monday,Afternoon,756,443,1352,Urban Hub,North
DC_001,North Urban Hub DC_001,2026-06-15,Monday,Evening,430,195,666,Urban Hub,North
DC_002,South Regional Center DC_002,2026-06-15,Monday,Morning,226,110,325,Regional Center,South
DC_002,South Regional Center DC_002,2026-06-15,Monday,Afternoon,276,148,504,Regional Center,South
DC_002,South Regional Center DC_002,2026-06-15,Monday,Evening,174,93,283,Regional Center,South
DC_003,East Satellite Depot DC_003,2026-06-15,Monday,Morning,271,266,727,Satellite Depot,East
DC_003,East Satellite Depot DC_003,2026-06-15,Monday,Afternoon,364,334,1058,Satellite Depot,East
DC_003,East Satellite Depot DC_003,2026-06-15,Monday,Evening,209,207,680,Satellite Depot,East
DC_004,West Urban Hub DC_004,2026-06-15,Monday,Morning,560,363,1113,Urban Hub,West
DC_004,West Urban Hub DC_004,2026-06-15,Monday,Afternoon,740,654,1645,Urban Hub,West
DC_004,West Urban Hub DC_004,2026-06-15,Monday,Evening,413,266,805,Urban Hub,West
DC_005,Central Regional Center DC_005,2026-06-15,Monday,Morning,91,54,154,Regional Center,Central
DC_005,Central Regional Center DC_005,2026-06-15,Monday,Afternoon,133,79,279,Regional Center,Central
DC_005,Central Regional Center DC_005,2026-06-15,Monday,Evening,77,46,126,Regional Center,Central
DC_006,North Satellite Depot DC_006,2026-06-15,Monday,Morning,879,114,354,Satellite Depot,North
DC_006,North Satellite Depot DC_006,2026-06-15,Monday,Afternoon,1274,174,491,Satellite Depot,North
DC_006,North Satellite Depot DC_006,2026-06-15,Monday,Evening,733,100,279,Satellite Depot,North
DC_007,South Urban Hub DC_007,2026-06-15,Monday,Morning,473,270,851,Urban Hub,South
DC_007,South Urban Hub DC_007,2026-06-15,Monday,Afternoon,592,383,1209,Urban Hub,South
DC_007,South Urban Hub DC_007,2026-06-15,Monday,Evening,325,198,630,Urban Hub,South
DC_008,East Regional Center DC_008,2026-06-15,Monday,Morning,1758,254,750,Regional Center,East
DC_008,East Regional Center DC_008,2026-06-15,Monday,Afternoon,3525,371,1138,Regional Center,East
DC_008,East Regional Center DC_008,2026-06-15,Monday,Evening,1329,192,587,Regional Center,East
DC_009,West Satellite Depot DC_009,2026-06-15,Monday,Morning,411,212,640,Satellite Depot,West
DC_009,West Satellite Depot DC_009,2026-06-15,Monday,Afternoon,366,291,853,Satellite Depot,West
DC_009,West Satellite Depot DC_009,2026-06-15,Monday,Evening,269,189,512,Satellite Depot,West
DC_010,Central Urban Hub DC_010,2026-06-15,Monday,Morning,79,82,254,Urban Hub,Central
DC_010,Central Urban Hub DC_010,2026-06-15,Monday,Afternoon,111,97,325,Urban Hub,Central
DC_010,Central Urban Hub DC_010,2026-06-15,Monday,Evening,67,81,232,Urban Hub,Central
DC_011,North Regional Center DC_011,2026-06-15,Monday,Morning,644,344,1205,Regional Center,North
DC_011,North Regional Center DC_011,2026-06-15,Monday,Afternoon,1088,495,1639,Regional Center,North
DC_011,North Regional Center DC_011,2026-06-15,Monday,Evening,485,321,878,Regional Center,North
DC_012,South Satellite Depot DC_012,2026-06-15,Monday,Morning,648,331,1156,Satellite Depot,South
DC_012,South Satellite Depot DC_012,2026-06-15,Monday,Afternoon,866,432,1481,Satellite Depot,South
DC_012,South Satellite Depot DC_012,2026-06-15,Monday,Evening,454,305,847,Satellite Depot,South
DC_013,East Urban Hub DC_013,2026-06-15,Monday,Morning,317,224,620,Urban Hub,East
DC_013,East Urban Hub DC_013,2026-06-15,Monday,Afternoon,513,297,924,Urban Hub,East
DC_013,East Urban Hub DC_013,2026-06-15,Monday,Evening,329,205,600,Urban Hub,East
DC_014,West Regional Center DC_014,2026-06-15,Monday,Morning,870,513,1566,Regional Center,West
DC_014,West Regional Center DC_014,2026-06-15,Monday,Afternoon,1023,600,1870,Regional Center,West
DC_014,West Regional Center DC_014,2026-06-15,Monday,Evening,588,341,1149,Regional Center,West
DC_015,Central Satellite Depot DC_015,2026-06-15,Monday,Morning,2291,284,906,Satellite Depot,Central
DC_015,Central Satellite Depot DC_015,2026-06-15,Monday,Afternoon,3948,367,1365,Satellite Depot,Central
DC_015,Central Satellite Depot DC_015,2026-06-15,Monday,Evening,1785,239,668,Satellite Depot,Central
DC_016,North Urban Hub DC_016,2026-06-15,Monday,Morning,189,106,388,Urban Hub,North
DC_016,North Urban Hub DC_016,2026-06-15,Monday,Afternoon,316,194,614,Urban Hub,North
DC_016,North Urban Hub DC_016,2026-06-15,Monday,Evening,169,111,386,Urban Hub,North
DC_017,South Regional Center DC_017,2026-06-15,Monday,Morning,389,236,769,Regional Center,South
DC_017,South Regional Center DC_017,2026-06-15,Monday,Afternoon,699,405,1174,Regional Center,South
DC_017,South Regional Center DC_017,2026-06-15,Monday,Evening,339,234,713,Regional Center,South
DC_018,East Satellite Depot DC_018,2026-06-15,Monday,Morning,196,153,410,Satellite Depot,East
DC_018,East Satellite Depot DC_018,2026-06-15,Monday,Afternoon,259,183,581,Satellite Depot,East
DC_018,East Satellite Depot DC_018,2026-06-15,Monday,Evening,160,91,304,Satellite Depot,East
DC_019,West Urban Hub DC_019,2026-06-15,Monday,Morning,553,351,1056,Urban Hub,West
DC_019,West Urban Hub DC_019,2026-06-15,Monday,Afternoon,912,564,1728,Urban Hub,West
DC_019,West Urban Hub DC_019,2026-06-15,Monday,Evening,607,388,1103,Urban Hub,West
DC_020,Central Regional Center DC_020,2026-06-15,Monday,Morning,301,159,528,Regional Center,Central
DC_020,Central Regional Center DC_020,2026-06-15,Monday,Afternoon,489,321,913,Regional Center,Central
DC_020,Central Regional Center DC_020,2026-06-15,Monday,Evening,240,150,483,Regional Center,Central
DC_021,North Satellite Depot DC_021,2026-06-15,Monday,Morning,2207,218,639,Satellite Depot,North
DC_021,North Satellite Depot DC_021,2026-06-15,Monday,Afternoon,2710,320,958,Satellite Depot,North
DC_021,North Satellite Depot DC_021,2026-06-15,Monday,Evening,1528,176,590,Satellite Depot,North
DC_022,South Urban Hub DC_022,2026-06-15,Monday,Morning,232,162,423,Urban Hub,South
DC_022,South Urban Hub DC_022,2026-06-15,Monday,Afternoon,413,204,697,Urban Hub,South
DC_022,South Urban Hub DC_022,2026-06-15,Monday,Evening,201,138,414,Urban Hub,South
DC_023,East Regional Center DC_023,2026-06-15,Monday,Morning,743,396,1254,Regional Center,East
DC_023,East Regional Center DC_023,2026-06-15,Monday,Afternoon,1200,780,2345,Regional Center,East
DC_023,East Regional Center DC_023,2026-06-15,Monday,Evening,598,311,1121,Regional Center,East
DC_024,West Satellite Depot DC_024,2026-06-15,Monday,Morning,318,196,613,Satellite Depot,West
DC_024,West Satellite Depot DC_024,2026-06-15,Monday,Afternoon,435,286,857,Satellite Depot,West
DC_024,West Satellite Depot DC_024,2026-06-15,Monday,Evening,210,140,434,Satellite Depot,West
DC_001,North Urban Hub DC_001,2026-06-16,Tuesday,Morning,371,250,809,Urban Hub,North
DC_001,North Urban Hub DC_001,2026-06-16,Tuesday,Afternoon,472,368,1160,Urban Hub,North
DC_001,North Urban Hub DC_001,2026-06-16,Tuesday,Evening,313,164,572,Urban Hub,North
DC_002,South Regional Center DC_002,2026-06-16,Tuesday,Morning,181,94,316,Regional Center,South
DC_002,South Regional Center DC_002,2026-06-16,Tuesday,Afternoon,278,153,517,Regional Center,South
DC_002,South Regional Center DC_002,2026-06-16,Tuesday,Evening,172,101,277,Regional Center,South
DC_003,East Satellite Depot DC_003,2026-06-16,Tuesday,Morning,279,303,887,Satellite Depot,East
DC_003,East Satellite Depot DC_003,2026-06-16,Tuesday,Afternoon,381,340,1150,Satellite Depot,East
DC_003,East Satellite Depot DC_003,2026-06-16,Tuesday,Evening,227,235,659,Satellite Depot,East
DC_004,West Urban Hub DC_004,2026-06-16,Tuesday,Morning,638,341,1239,Urban Hub,West
DC_004,West Urban Hub DC_004,2026-06-16,Tuesday,Afternoon,1042,587,1948,Urban Hub,West
DC_004,West Urban Hub DC_004,2026-06-16,Tuesday,Evening,633,305,1123,Urban Hub,West
DC_005,Central Regional Center DC_005,2026-06-16,Tuesday,Morning,101,60,194,Regional Center,Central
DC_005,Central Regional Center DC_005,2026-06-16,Tuesday,Afternoon,139,102,300,Regional Center,Central
DC_005,Central Regional Center DC_005,2026-06-16,Tuesday,Evening,90,52,173,Regional Center,Central
DC_006,North Satellite Depot DC_006,2026-06-16,Tuesday,Morning,695,79,260,Satellite Depot,North
DC_006,North Satellite Depot DC_006,2026-06-16,Tuesday,Afternoon,1145,119,408,Satellite Depot,North
DC_006,North Satellite Depot DC_006,2026-06-16,Tuesday,Evening,607,78,233,Satellite Depot,North
DC_007,South Urban Hub DC_007,2026-06-16,Tuesday,Morning,345,255,690,Urban Hub,South
DC_007,South Urban Hub DC_007,2026-06-16,Tuesday,Afternoon,519,412,1036,Urban Hub,South
DC_007,South Urban Hub DC_007,2026-06-16,Tuesday,Evening,283,175,567,Urban Hub,South
DC_008,East Regional Center DC_008,2026-06-16,Tuesday,Morning,1730,229,649,Regional Center,East
DC_008,East Regional Center DC_008,2026-06-16,Tuesday,Afternoon,1828,239,783,Regional Center,East
DC_008,East Regional Center DC_008,2026-06-16,Tuesday,Evening,1543,168,556,Regional Center,East
DC_009,West Satellite Depot DC_009,2026-06-16,Tuesday,Morning,350,192,603,Satellite Depot,West
DC_009,West Satellite Depot DC_009,2026-06-16,Tuesday,Afternoon,495,356,1082,Satellite Depot,West
DC_009,West Satellite Depot DC_009,2026-06-16,Tuesday,Evening,310,181,531,Satellite Depot,West
DC_010,Central Urban Hub DC_010,2026-06-16,Tuesday,Morning,106,104,353,Urban Hub,Central
DC_010,Central Urban Hub DC_010,2026-06-16,Tuesday,Afternoon,142,134,440,Urban Hub,Central
DC_010,Central Urban Hub DC_010,2026-06-16,Tuesday,Evening,79,81,238,Urban Hub,Central
DC_011,North Regional Center DC_011,2026-06-16,Tuesday,Morning,626,409,1182,Regional Center,North
DC_011,North Regional Center DC_011,2026-06-16,Tuesday,Afternoon,975,616,1882,Regional Center,North
DC_011,North Regional Center DC_011,2026-06-16,Tuesday,Evening,503,321,954,Regional Center,North
DC_012,South Satellite Depot DC_012,2026-06-16,Tuesday,Morning,554,413,1152,Satellite Depot,South
DC_012,South Satellite Depot DC_012,2026-06-16,Tuesday,Afternoon,1084,631,2021,Satellite Depot,South
DC_012,South Satellite Depot DC_012,2026-06-16,Tuesday,Evening,431,293,899,Satellite Depot,South
DC_013,East Urban Hub DC_013,2026-06-16,Tuesday,Morning,395,231,700,Urban Hub,East
DC_013,East Urban Hub DC_013,2026-06-16,Tuesday,Afternoon,587,363,1120,Urban Hub,East
DC_013,East Urban Hub DC_013,2026-06-16,Tuesday,Evening,327,190,568,Urban Hub,East
DC_014,West Regional Center DC_014,2026-06-16,Tuesday,Morning,747,453,1494,Regional Center,West
DC_014,West Regional Center DC_014,2026-06-16,Tuesday,Afternoon,1109,707,2161,Regional Center,West
DC_014,West Regional Center DC_014,2026-06-16,Tuesday,Evening,562,344,1033,Regional Center,West
DC_015,Central Satellite Depot DC_015,2026-06-16,Tuesday,Morning,2349,275,860,Satellite Depot,Central
DC_015,Central Satellite Depot DC_015,2026-06-16,Tuesday,Afternoon,3547,367,1280,Satellite Depot,Central
DC_015,Central Satellite Depot DC_015,2026-06-16,Tuesday,Evening,1791,243,682,Satellite Depot,Central
DC_016,North Urban Hub DC_016,2026-06-16,Tuesday,Morning,180,116,332,Urban Hub,North
DC_016,North Urban Hub DC_016,2026-06-16,Tuesday,Afternoon,261,167,554,Urban Hub,North
DC_016,North Urban Hub DC_016,2026-06-16,Tuesday,Evening,195,105,318,Urban Hub,North
DC_017,South Regional Center DC_017,2026-06-16,Tuesday,Morning,448,258,913,Regional Center,South
DC_017,South Regional Center DC_017,2026-06-16,Tuesday,Afternoon,702,381,1433,Regional Center,South
DC_017,South Regional Center DC_017,2026-06-16,Tuesday,Evening,405,235,739,Regional Center,South
DC_018,East Satellite Depot DC_018,2026-06-16,Tuesday,Morning,162,115,307,Satellite Depot,East
DC_018,East Satellite Depot DC_018,2026-06-16,Tuesday,Afternoon,256,142,475,Satellite Depot,East
DC_018,East Satellite Depot DC_018,2026-06-16,Tuesday,Evening,176,83,300,Satellite Depot,East
DC_019,West Urban Hub DC_019,2026-06-16,Tuesday,Morning,575,410,1105,Urban Hub,West
DC_019,West Urban Hub DC_019,2026-06-16,Tuesday,Afternoon,752,495,1557,Urban Hub,West
DC_019,West Urban Hub DC_019,2026-06-16,Tuesday,Evening,478,335,918,Urban Hub,West
DC_020,Central Regional Center DC_020,2026-06-16,Tuesday,Morning,312,197,665,Regional Center,Central
DC_020,Central Regional Center DC_020,2026-06-16,Tuesday,Afternoon,460,357,995,Regional Center,Central
DC_020,Central Regional Center DC_020,2026-06-16,Tuesday,Evening,232,159,515,Regional Center,Central
DC_021,North Satellite Depot DC_021,2026-06-16,Tuesday,Morning,1387,184,534,Satellite Depot,North
DC_021,North Satellite Depot DC_021,2026-06-16,Tuesday,Afternoon,2124,270,839,Satellite Depot,North
DC_021,North Satellite Depot DC_021,2026-06-16,Tuesday,Evening,1041,139,414,Satellite Depot,North
DC_022,South Urban Hub DC_022,2026-06-16,Tuesday,Morning,173,100,365,Urban Hub,South
DC_022,South Urban Hub DC_022,2026-06-16,Tuesday,Afternoon,344,226,687,Urban Hub,South
DC_022,South Urban Hub DC_022,2026-06-16,Tuesday,Evening,168,110,328,Urban Hub,South
DC_023,East Regional Center DC_023,2026-06-16,Tuesday,Morning,1123,560,1695,Regional Center,East
DC_023,East Regional Center DC_023,2026-06-16,Tuesday,Afternoon,1418,805,2447,Regional Center,East
DC_023,East Regional Center DC_023,2026-06-16,Tuesday,Evening,621,482,1338,Regional Center,East
DC_024,West Satellite Depot DC_024,2026-06-16,Tuesday,Morning,327,205,558,Satellite Depot,West
DC_024,West Satellite Depot DC_024,2026-06-16,Tuesday,Afternoon,487,243,829,Satellite Depot,West
DC_024,West Satellite Depot DC_024,2026-06-16,Tuesday,Evening,270,178,509,Satellite Depot,West
DC_001,North Urban Hub DC_001,2026-06-17,Wednesday,Morning,400,308,887,Urban Hub,North
DC_001,North Urban Hub DC_001,2026-06-17,Wednesday,Afternoon,741,464,1441,Urban Hub,North
DC_001,North Urban Hub DC_001,2026-06-17,Wednesday,Evening,372,204,726,Urban Hub,North
DC_002,South Regional Center DC_002,2026-06-17,Wednesday,Morning,207,137,409,Regional Center,South
DC_002,South Regional Center DC_002,2026-06-17,Wednesday,Afternoon,369,201,628,Regional Center,South
DC_002,South Regional Center DC_002,2026-06-17,Wednesday,Evening,283,127,403,Regional Center,South
DC_003,East Satellite Depot DC_003,2026-06-17,Wednesday,Morning,318,316,964,Satellite Depot,East
DC_003,East Satellite Depot DC_003,2026-06-17,Wednesday,Afternoon,471,451,1424,Satellite Depot,East
DC_003,East Satellite Depot DC_003,2026-06-17,Wednesday,Evening,204,249,756,Satellite Depot,East
DC_004,West Urban Hub DC_004,2026-06-17,Wednesday,Morning,846,446,1487,Urban Hub,West
DC_004,West Urban Hub DC_004,2026-06-17,Wednesday,Afternoon,1155,794,2258,Urban Hub,West
DC_004,West Urban Hub DC_004,2026-06-17,Wednesday,Evening,510,383,1114,Urban Hub,West
DC_005,Central Regional Center DC_005,2026-06-17,Wednesday,Morning,134,68,228,Regional Center,Central
DC_005,Central Regional Center DC_005,2026-06-17,Wednesday,Afternoon,181,105,308,Regional Center,Central
DC_005,Central Regional Center DC_005,2026-06-17,Wednesday,Evening,89,55,173,Regional Center,Central
DC_006,North Satellite Depot DC_006,2026-06-17,Wednesday,Morning,701,96,271,Satellite Depot,North
DC_006,North Satellite Depot DC_006,2026-06-17,Wednesday,Afternoon,1119,151,468,Satellite Depot,North
DC_006,North Satellite Depot DC_006,2026-06-17,Wednesday,Evening,558,83,253,Satellite Depot,North
DC_007,South Urban Hub DC_007,2026-06-17,Wednesday,Morning,351,247,696,Urban Hub,South
DC_007,South Urban Hub DC_007,2026-06-17,Wednesday,Afternoon,627,379,1110,Urban Hub,South
DC_007,South Urban Hub DC_007,2026-06-17,Wednesday,Evening,301,182,614,Urban Hub,South
DC_008,East Regional Center DC_008,2026-06-17,Wednesday,Morning,1348,178,540,Regional Center,East
DC_008,East Regional Center DC_008,2026-06-17,Wednesday,Afternoon,1523,242,611,Regional Center,East
DC_008,East Regional Center DC_008,2026-06-17,Wednesday,Evening,929,112,354,Regional Center,East
DC_009,West Satellite Depot DC_009,2026-06-17,Wednesday,Morning,341,229,736,Satellite Depot,West
DC_009,West Satellite Depot DC_009,2026-06-17,Wednesday,Afternoon,527,321,1122,Satellite Depot,West
DC_009,West Satellite Depot DC_009,2026-06-17,Wednesday,Evening,381,224,662,Satellite Depot,West
DC_010,Central Urban Hub DC_010,2026-06-17,Wednesday,Morning,95,103,293,Urban Hub,Central
DC_010,Central Urban Hub DC_010,2026-06-17,Wednesday,Afternoon,153,187,486,Urban Hub,Central
DC_010,Central Urban Hub DC_010,2026-06-17,Wednesday,Evening,84,80,248,Urban Hub,Central
DC_011,North Regional Center DC_011,2026-06-17,Wednesday,Morning,717,449,1313,Regional Center,North
DC_011,North Regional Center DC_011,2026-06-17,Wednesday,Afternoon,1017,595,1812,Regional Center,North
DC_011,North Regional Center DC_011,2026-06-17,Wednesday,Evening,585,347,1111,Regional Center,North
DC_012,South Satellite Depot DC_012,2026-06-17,Wednesday,Morning,765,499,1349,Satellite Depot,South
DC_012,South Satellite Depot DC_012,2026-06-17,Wednesday,Afternoon,1085,739,2114,Satellite Depot,South
DC_012,South Satellite Depot DC_012,2026-06-17,Wednesday,Evening,526,309,1090,Satellite Depot,South
DC_013,East Urban Hub DC_013,2026-06-17,Wednesday,Morning,397,294,822,Urban Hub,East
DC_013,East Urban Hub DC_013,2026-06-17,Wednesday,Afternoon,663,378,1205,Urban Hub,East
DC_013,East Urban Hub DC_013,2026-06-17,Wednesday,Evening,394,264,758,Urban Hub,East
DC_014,West Regional Center DC_014,2026-06-17,Wednesday,Morning,663,447,1443,Regional Center,West
DC_014,West Regional Center DC_014,2026-06-17,Wednesday,Afternoon,1373,788,2495,Regional Center,West
DC_014,West Regional Center DC_014,2026-06-17,Wednesday,Evening,632,439,1232,Regional Center,West
DC_015,Central Satellite Depot DC_015,2026-06-17,Wednesday,Morning,2795,444,1016,Satellite Depot,Central
DC_015,Central Satellite Depot DC_015,2026-06-17,Wednesday,Afternoon,4310,500,1525,Satellite Depot,Central
DC_015,Central Satellite Depot DC_015,2026-06-17,Wednesday,Evening,1920,274,871,Satellite Depot,Central
DC_016,North Urban Hub DC_016,2026-06-17,Wednesday,Morning,207,123,407,Urban Hub,North
DC_016,North Urban Hub DC_016,2026-06-17,Wednesday,Afternoon,319,188,616,Urban Hub,North
DC_016,North Urban Hub DC_016,2026-06-17,Wednesday,Evening,118,76,266,Urban Hub,North
DC_017,South Regional Center DC_017,2026-06-17,Wednesday,Morning,615,293,998,Regional Center,South
DC_017,South Regional Center DC_017,2026-06-17,Wednesday,Afternoon,703,500,1389,Regional Center,South
DC_017,South Regional Center DC_017,2026-06-17,Wednesday,Evening,596,309,963,Regional Center,South
DC_018,East Satellite Depot DC_018,2026-06-17,Wednesday,Morning,165,103,308,Satellite Depot,East
DC_018,East Satellite Depot DC_018,2026-06-17,Wednesday,Afternoon,337,180,608,Satellite Depot,East
DC_018,East Satellite Depot DC_018,2026-06-17,Wednesday,Evening,155,94,284,Satellite Depot,East
DC_019,West Urban Hub DC_019,2026-06-17,Wednesday,Morning,655,388,1274,Urban Hub,West
DC_019,West Urban Hub DC_019,2026-06-17,Wednesday,Afternoon,939,653,1878,Urban Hub,West
DC_019,West Urban Hub DC_019,2026-06-17,Wednesday,Evening,485,393,1053,Urban Hub,West
DC_020,Central Regional Center DC_020,2026-06-17,Wednesday,Morning,388,224,776,Regional Center,Central
DC_020,Central Regional Center DC_020,2026-06-17,Wednesday,Afternoon,625,370,1186,Regional Center,Central
DC_020,Central Regional Center DC_020,2026-06-17,Wednesday,Evening,324,212,586,Regional Center,Central
DC_021,North Satellite Depot DC_021,2026-06-17,Wednesday,Morning,1699,239,687,Satellite Depot,North
DC_021,North Satellite Depot DC_021,2026-06-17,Wednesday,Afternoon,2183,281,941,Satellite Depot,North
DC_021,North Satellite Depot DC_021,2026-06-17,Wednesday,Evening,1755,148,474,Satellite Depot,North
DC_022,South Urban Hub DC_022,2026-06-17,Wednesday,Morning,207,124,413,Urban Hub,South
DC_022,South Urban Hub DC_022,2026-06-17,Wednesday,Afternoon,331,213,727,Urban Hub,South
DC_022,South Urban Hub DC_022,2026-06-17,Wednesday,Evening,198,122,423,Urban Hub,South
DC_023,East Regional Center DC_023,2026-06-17,Wednesday,Morning,1035,458,1703,Regional Center,East
DC_023,East Regional Center DC_023,2026-06-17,Wednesday,Afternoon,1225,869,2575,Regional Center,East
DC_023,East Regional Center DC_023,2026-06-17,Wednesday,Evening,1069,512,1533,Regional Center,East
DC_024,West Satellite Depot DC_024,2026-06-17,Wednesday,Morning,353,206,692,Satellite Depot,West
DC_024,West Satellite Depot DC_024,2026-06-17,Wednesday,Afternoon,478,280,955,Satellite Depot,West
DC_024,West Satellite Depot DC_024,2026-06-17,Wednesday,Evening,344,231,691,Satellite Depot,West
DC_001,North Urban Hub DC_001,2026-06-18,Thursday,Morning,382,257,845,Urban Hub,North
DC_001,North Urban Hub DC_001,2026-06-18,Thursday,Afternoon,889,491,1408,Urban Hub,North
DC_001,North Urban Hub DC_001,2026-06-18,Thursday,Evening,424,315,823,Urban Hub,North
DC_002,South Regional Center DC_002,2026-06-18,Thursday,Morning,266,123,423,Regional Center,South
DC_002,South Regional Center DC_002,2026-06-18,Thursday,Afternoon,342,184,614,Regional Center,South
DC_002,South Regional Center DC_002,2026-06-18,Thursday,Evening,163,111,345,Regional Center,South
DC_003,East Satellite Depot DC_003,2026-06-18,Thursday,Morning,325,309,980,Satellite Depot,East
DC_003,East Satellite Depot DC_003,2026-06-18,Thursday,Afternoon,559,505,1649,Satellite Depot,East
DC_003,East Satellite Depot DC_003,2026-06-18,Thursday,Evening,302,238,749,Satellite Depot,East
DC_004,West Urban Hub DC_004,2026-06-18,Thursday,Morning,809,551,1503,Urban Hub,West
DC_004,West Urban Hub DC_004,2026-06-18,Thursday,Afternoon,1164,779,2243,Urban Hub,West
DC_004,West Urban Hub DC_004,2026-06-18,Thursday,Evening,592,332,1085,Urban Hub,West
DC_005,Central Regional Center DC_005,2026-06-18,Thursday,Morning,134,73,230,Regional Center,Central
DC_005,Central Regional Center DC_005,2026-06-18,Thursday,Afternoon,215,115,358,Regional Center,Central
DC_005,Central Regional Center DC_005,2026-06-18,Thursday,Evening,125,61,206,Regional Center,Central
DC_006,North Satellite Depot DC_006,2026-06-18,Thursday,Morning,986,124,374,Satellite Depot,North
DC_006,North Satellite Depot DC_006,2026-06-18,Thursday,Afternoon,1413,214,538,Satellite Depot,North
DC_006,North Satellite Depot DC_006,2026-06-18,Thursday,Evening,675,83,274,Satellite Depot,North
DC_007,South Urban Hub DC_007,2026-06-18,Thursday,Morning,426,233,779,Urban Hub,South
DC_007,South Urban Hub DC_007,2026-06-18,Thursday,Afternoon,782,367,1252,Urban Hub,South
DC_007,South Urban Hub DC_007,2026-06-18,Thursday,Evening,331,250,687,Urban Hub,South
DC_008,East Regional Center DC_008,2026-06-18,Thursday,Morning,1373,181,558,Regional Center,East
DC_008,East Regional Center DC_008,2026-06-18,Thursday,Afternoon,2569,220,766,Regional Center,East
DC_008,East Regional Center DC_008,2026-06-18,Thursday,Evening,1111,144,479,Regional Center,East
DC_009,West Satellite Depot DC_009,2026-06-18,Thursday,Morning,451,255,821,Satellite Depot,West
DC_009,West Satellite Depot DC_009,2026-06-18,Thursday,Afternoon,692,366,1310,Satellite Depot,West
DC_009,West Satellite Depot DC_009,2026-06-18,Thursday,Evening,362,172,575,Satellite Depot,West
DC_010,Central Urban Hub DC_010,2026-06-18,Thursday,Morning,86,93,319,Urban Hub,Central
DC_010,Central Urban Hub DC_010,2026-06-18,Thursday,Afternoon,171,201,575,Urban Hub,Central
DC_010,Central Urban Hub DC_010,2026-06-18,Thursday,Evening,69,90,245,Urban Hub,Central
DC_011,North Regional Center DC_011,2026-06-18,Thursday,Morning,790,513,1581,Regional Center,North
DC_011,North Regional Center DC_011,2026-06-18,Thursday,Afternoon,1110,714,2179,Regional Center,North
DC_011,North Regional Center DC_011,2026-06-18,Thursday,Evening,611,415,1302,Regional Center,North
DC_012,South Satellite Depot DC_012,2026-06-18,Thursday,Morning,591,482,1250,Satellite Depot,South
DC_012,South Satellite Depot DC_012,2026-06-18,Thursday,Afternoon,1013,705,2040,Satellite Depot,South
DC_012,South Satellite Depot DC_012,2026-06-18,Thursday,Evening,629,398,1180,Satellite Depot,South
DC_013,East Urban Hub DC_013,2026-06-18,Thursday,Morning,530,268,891,Urban Hub,East
DC_013,East Urban Hub DC_013,2026-06-18,Thursday,Afternoon,540,335,1044,Urban Hub,East
DC_013,East Urban Hub DC_013,2026-06-18,Thursday,Evening,338,214,659,Urban Hub,East
DC_014,West Regional Center DC_014,2026-06-18,Thursday,Morning,902,556,1787,Regional Center,West
DC_014,West Regional Center DC_014,2026-06-18,Thursday,Afternoon,1411,836,2530,Regional Center,West
DC_014,West Regional Center DC_014,2026-06-18,Thursday,Evening,758,415,1401,Regional Center,West
DC_015,Central Satellite Depot DC_015,2026-06-18,Thursday,Morning,2693,393,1081,Satellite Depot,Central
DC_015,Central Satellite Depot DC_015,2026-06-18,Thursday,Afternoon,4735,610,1731,Satellite Depot,Central
DC_015,Central Satellite Depot DC_015,2026-06-18,Thursday,Evening,2447,303,1012,Satellite Depot,Central
DC_016,North Urban Hub DC_016,2026-06-18,Thursday,Morning,246,151,457,Urban Hub,North
DC_016,North Urban Hub DC_016,2026-06-18,Thursday,Afternoon,337,228,703,Urban Hub,North
DC_016,North Urban Hub DC_016,2026-06-18,Thursday,Evening,233,156,429,Urban Hub,North
DC_017,South Regional Center DC_017,2026-06-18,Thursday,Morning,552,290,868,Regional Center,South
DC_017,South Regional Center DC_017,2026-06-18,Thursday,Afternoon,740,479,1482,Regional Center,South
DC_017,South Regional Center DC_017,2026-06-18,Thursday,Evening,475,289,895,Regional Center,South
DC_018,East Satellite Depot DC_018,2026-06-18,Thursday,Morning,185,145,395,Satellite Depot,East
DC_018,East Satellite Depot DC_018,2026-06-18,Thursday,Afternoon,344,193,636,Satellite Depot,East
DC_018,East Satellite Depot DC_018,2026-06-18,Thursday,Evening,183,113,344,Satellite Depot,East
DC_019,West Urban Hub DC_019,2026-06-18,Thursday,Morning,808,423,1518,Urban Hub,West
DC_019,West Urban Hub DC_019,2026-06-18,Thursday,Afternoon,1112,683,2093,Urban Hub,West
DC_019,West Urban Hub DC_019,2026-06-18,Thursday,Evening,671,379,1190,Urban Hub,West
DC_020,Central Regional Center DC_020,2026-06-18,Thursday,Morning,396,241,767,Regional Center,Central
DC_020,Central Regional Center DC_020,2026-06-18,Thursday,Afternoon,626,340,1187,Regional Center,Central
DC_020,Central Regional Center DC_020,2026-06-18,Thursday,Evening,281,212,661,Regional Center,Central
DC_021,North Satellite Depot DC_021,2026-06-18,Thursday,Morning,2045,214,737,Satellite Depot,North
DC_021,North Satellite Depot DC_021,2026-06-18,Thursday,Afternoon,2394,319,969,Satellite Depot,North
DC_021,North Satellite Depot DC_021,2026-06-18,Thursday,Evening,1560,204,591,Satellite Depot,North
DC_022,South Urban Hub DC_022,2026-06-18,Thursday,Morning,225,151,485,Urban Hub,South
DC_022,South Urban Hub DC_022,2026-06-18,Thursday,Afternoon,321,232,667,Urban Hub,South
DC_022,South Urban Hub DC_022,2026-06-18,Thursday,Evening,221,134,438,Urban Hub,South
DC_023,East Regional Center DC_023,2026-06-18,Thursday,Morning,1165,619,2013,Regional Center,East
DC_023,East Regional Center DC_023,2026-06-18,Thursday,Afternoon,1643,994,2895,Regional Center,East
DC_023,East Regional Center DC_023,2026-06-18,Thursday,Evening,737,520,1428,Regional Center,East
DC_024,West Satellite Depot DC_024,2026-06-18,Thursday,Morning,461,218,748,Satellite Depot,West
DC_024,West Satellite Depot DC_024,2026-06-18,Thursday,Afternoon,502,342,1119,Satellite Depot,West
DC_024,West Satellite Depot DC_024,2026-06-18,Thursday,Evening,336,184,582,Satellite Depot,West
DC_001,North Urban Hub DC_001,2026-06-19,Friday,Morning,460,336,963,Urban Hub,North
DC_001,North Urban Hub DC_001,2026-06-19,Friday,Afternoon,797,552,1682,Urban Hub,North
DC_001,North Urban Hub DC_001,2026-06-19,Friday,Evening,530,292,920,Urban Hub,North
DC_002,South Regional Center DC_002,2026-06-19,Friday,Morning,175,144,388,Regional Center,South
DC_002,South Regional Center DC_002,2026-06-19,Friday,Afternoon,325,167,573,Regional Center,South
DC_002,South Regional Center DC_002,2026-06-19,Friday,Evening,204,116,388,Regional Center,South
DC_003,East Satellite Depot DC_003,2026-06-19,Friday,Morning,319,293,1029,Satellite Depot,East
DC_003,East Satellite Depot DC_003,2026-06-19,Friday,Afternoon,532,475,1527,Satellite Depot,East
DC_003,East Satellite Depot DC_003,2026-06-19,Friday,Evening,292,273,915,Satellite Depot,East
DC_004,West Urban Hub DC_004,2026-06-19,Friday,Morning,810,482,1540,Urban Hub,West
DC_004,West Urban Hub DC_004,2026-06-19,Friday,Afternoon,1106,752,2402,Urban Hub,West
DC_004,West Urban Hub DC_004,2026-06-19,Friday,Evening,645,380,1273,Urban Hub,West
DC_005,Central Regional Center DC_005,2026-06-19,Friday,Morning,126,93,254,Regional Center,Central
DC_005,Central Regional Center DC_005,2026-06-19,Friday,Afternoon,136,89,287,Regional Center,Central
DC_005,Central Regional Center DC_005,2026-06-19,Friday,Evening,99,56,199,Regional Center,Central
DC_006,North Satellite Depot DC_006,2026-06-19,Friday,Morning,893,131,378,Satellite Depot,North
DC_006,North Satellite Depot DC_006,2026-06-19,Friday,Afternoon,1607,147,479,Satellite Depot,North
DC_006,North Satellite Depot DC_006,2026-06-19,Friday,Evening,713,94,308,Satellite Depot,North
DC_007,South Urban Hub DC_007,2026-06-19,Friday,Morning,479,294,850,Urban Hub,South
DC_007,South Urban Hub DC_007,2026-06-19,Friday,Afternoon,749,360,1274,Urban Hub,South
DC_007,South Urban Hub DC_007,2026-06-19,Friday,Evening,349,246,643,Urban Hub,South
DC_008,East Regional Center DC_008,2026-06-19,Friday,Morning,1660,214,643,Regional Center,East
DC_008,East Regional Center DC_008,2026-06-19,Friday,Afternoon,2250,294,872,Regional Center,East
DC_008,East Regional Center DC_008,2026-06-19,Friday,Evening,1123,165,518,Regional Center,East
DC_009,West Satellite Depot DC_009,2026-06-19,Friday,Morning,488,302,876,Satellite Depot,West
DC_009,West Satellite Depot DC_009,2026-06-19,Friday,Afternoon,539,415,1258,Satellite Depot,West
DC_009,West Satellite Depot DC_009,2026-06-19,Friday,Evening,417,299,720,Satellite Depot,West
DC_010,Central Urban Hub DC_010,2026-06-19,Friday,Morning,90,106,343,Urban Hub,Central
DC_010,Central Urban Hub DC_010,2026-06-19,Friday,Afternoon,207,247,620,Urban Hub,Central
DC_010,Central Urban Hub DC_010,2026-06-19,Friday,Evening,86,88,277,Urban Hub,Central
DC_011,North Regional Center DC_011,2026-06-19,Friday,Morning,843,451,1503,Regional Center,North
DC_011,North Regional Center DC_011,2026-06-19,Friday,Afternoon,1120,688,2166,Regional Center,North
DC_011,North Regional Center DC_011,2026-06-19,Friday,Evening,708,407,1217,Regional Center,North
DC_012,South Satellite Depot DC_012,2026-06-19,Friday,Morning,778,483,1619,Satellite Depot,South
DC_012,South Satellite Depot DC_012,2026-06-19,Friday,Afternoon,1224,587,1980,Satellite Depot,South
DC_012,South Satellite Depot DC_012,2026-06-19,Friday,Evening,661,418,1259,Satellite Depot,South
DC_013,East Urban Hub DC_013,2026-06-19,Friday,Morning,384,230,783,Urban Hub,East
DC_013,East Urban Hub DC_013,2026-06-19,Friday,Afternoon,723,369,1258,Urban Hub,East
DC_013,East Urban Hub DC_013,2026-06-19,Friday,Evening,318,228,701,Urban Hub,East
DC_014,West Regional Center DC_014,2026-06-19,Friday,Morning,908,570,1713,Regional Center,West
DC_014,West Regional Center DC_014,2026-06-19,Friday,Afternoon,1417,857,2890,Regional Center,West
DC_014,West Regional Center DC_014,2026-06-19,Friday,Evening,832,482,1495,Regional Center,West
DC_015,Central Satellite Depot DC_015,2026-06-19,Friday,Morning,2513,332,1112,Satellite Depot,Central
DC_015,Central Satellite Depot DC_015,2026-06-19,Friday,Afternoon,4859,492,1714,Satellite Depot,Central
DC_015,Central Satellite Depot DC_015,2026-06-19,Friday,Evening,2534,278,970,Satellite Depot,Central
DC_016,North Urban Hub DC_016,2026-06-19,Friday,Morning,239,143,435,Urban Hub,North
DC_016,North Urban Hub DC_016,2026-06-19,Friday,Afternoon,314,209,608,Urban Hub,North
DC_016,North Urban Hub DC_016,2026-06-19,Friday,Evening,206,122,360,Urban Hub,North
DC_017,South Regional Center DC_017,2026-06-19,Friday,Morning,524,329,1007,Regional Center,South
DC_017,South Regional Center DC_017,2026-06-19,Friday,Afternoon,705,531,1626,Regional Center,South
DC_017,South Regional Center DC_017,2026-06-19,Friday,Evening,469,306,943,Regional Center,South
DC_018,East Satellite Depot DC_018,2026-06-19,Friday,Morning,231,138,434,Satellite Depot,East
DC_018,East Satellite Depot DC_018,2026-06-19,Friday,Afternoon,339,196,607,Satellite Depot,East
DC_018,East Satellite Depot DC_018,2026-06-19,Friday,Evening,139,82,298,Satellite Depot,East
DC_019,West Urban Hub DC_019,2026-06-19,Friday,Morning,711,422,1421,Urban Hub,West
DC_019,West Urban Hub DC_019,2026-06-19,Friday,Afternoon,918,628,1880,Urban Hub,West
DC_019,West Urban Hub DC_019,2026-06-19,Friday,Evening,749,416,1382,Urban Hub,West
DC_020,Central Regional Center DC_020,2026-06-19,Friday,Morning,356,273,811,Regional Center,Central
DC_020,Central Regional Center DC_020,2026-06-19,Friday,Afternoon,677,421,1348,Regional Center,Central
DC_020,Central Regional Center DC_020,2026-06-19,Friday,Evening,397,284,698,Regional Center,Central
DC_021,North Satellite Depot DC_021,2026-06-19,Friday,Morning,2066,225,763,Satellite Depot,North
DC_021,North Satellite Depot DC_021,2026-06-19,Friday,Afternoon,2504,328,1083,Satellite Depot,North
DC_021,North Satellite Depot DC_021,2026-06-19,Friday,Evening,1145,156,470,Satellite Depot,North
DC_022,South Urban Hub DC_022,2026-06-19,Friday,Morning,280,171,556,Urban Hub,South
DC_022,South Urban Hub DC_022,2026-06-19,Friday,Afternoon,436,250,747,Urban Hub,South
DC_022,South Urban Hub DC_022,2026-06-19,Friday,Evening,205,133,363,Urban Hub,South
DC_023,East Regional Center DC_023,2026-06-19,Friday,Morning,876,515,1664,Regional Center,East
DC_023,East Regional Center DC_023,2026-06-19,Friday,Afternoon,1573,983,2813,Regional Center,East
DC_023,East Regional Center DC_023,2026-06-19,Friday,Evening,883,495,1527,Regional Center,East
DC_024,West Satellite Depot DC_024,2026-06-19,Friday,Morning,336,228,675,Satellite Depot,West
DC_024,West Satellite Depot DC_024,2026-06-19,Friday,Afternoon,582,373,1187,Satellite Depot,West
DC_024,West Satellite Depot DC_024,2026-06-19,Friday,Evening,453,229,681,Satellite Depot,West
DC_001,North Urban Hub DC_001,2026-06-20,Saturday,Morning,572,316,1127,Urban Hub,North
DC_001,North Urban Hub DC_001,2026-06-20,Saturday,Afternoon,913,581,1765,Urban Hub,North
DC_001,North Urban Hub DC_001,2026-06-20,Saturday,Evening,445,266,797,Urban Hub,North
DC_002,South Regional Center DC_002,2026-06-20,Saturday,Morning,276,148,473,Regional Center,South
DC_002,South Regional Center DC_002,2026-06-20,Saturday,Afternoon,413,280,845,Regional Center,South
DC_002,South Regional Center DC_002,2026-06-20,Saturday,Evening,230,145,447,Regional Center,South
DC_003,East Satellite Depot DC_003,2026-06-20,Saturday,Morning,389,362,1183,Satellite Depot,East
DC_003,East Satellite Depot DC_003,2026-06-20,Saturday,Afternoon,627,622,1807,Satellite Depot,East
DC_003,East Satellite Depot DC_003,2026-06-20,Saturday,Evening,315,337,1017,Satellite Depot,East
DC_004,West Urban Hub DC_004,2026-06-20,Saturday,Morning,776,487,1635,Urban Hub,West
DC_004,West Urban Hub DC_004,2026-06-20,Saturday,Afternoon,1069,744,2268,Urban Hub,West
DC_004,West Urban Hub DC_004,2026-06-20,Saturday,Evening,729,433,1521,Urban Hub,West
DC_005,Central Regional Center DC_005,2026-06-20,Saturday,Morning,154,108,297,Regional Center,Central
DC_005,Central Regional Center DC_005,2026-06-20,Saturday,Afternoon,169,100,345,Regional Center,Central
DC_005,Central Regional Center DC_005,2026-06-20,Saturday,Evening,117,72,214,Regional Center,Central
DC_006,North Satellite Depot DC_006,2026-06-20,Saturday,Morning,812,110,347,Satellite Depot,North
DC_006,North Satellite Depot DC_006,2026-06-20,Saturday,Afternoon,1101,196,537,Satellite Depot,North
DC_006,North Satellite Depot DC_006,2026-06-20,Saturday,Evening,910,104,317,Satellite Depot,North
DC_007,South Urban Hub DC_007,2026-06-20,Saturday,Morning,460,308,934,Urban Hub,South
DC_007,South Urban Hub DC_007,2026-06-20,Saturday,Afternoon,735,475,1344,Urban Hub,South
DC_007,South Urban Hub DC_007,2026-06-20,Saturday,Evening,419,252,808,Urban Hub,South
DC_008,East Regional Center DC_008,2026-06-20,Saturday,Morning,1686,189,641,Regional Center,East
DC_008,East Regional Center DC_008,2026-06-20,Saturday,Afternoon,2375,328,1046,Regional Center,East
DC_008,East Regional Center DC_008,2026-06-20,Saturday,Evening,1601,195,596,Regional Center,East
DC_009,West Satellite Depot DC_009,2026-06-20,Saturday,Morning,520,349,1057,Satellite Depot,West
DC_009,West Satellite Depot DC_009,2026-06-20,Saturday,Afternoon,720,453,1326,Satellite Depot,West
DC_009,West Satellite Depot DC_009,2026-06-20,Saturday,Evening,454,315,915,Satellite Depot,West
DC_010,Central Urban Hub DC_010,2026-06-20,Saturday,Morning,134,130,384,Urban Hub,Central
DC_010,Central Urban Hub DC_010,2026-06-20,Saturday,Afternoon,181,217,622,Urban Hub,Central
DC_010,Central Urban Hub DC_010,2026-06-20,Saturday,Evening,147,151,414,Urban Hub,Central
DC_011,North Regional Center DC_011,2026-06-20,Saturday,Morning,926,642,1961,Regional Center,North
DC_011,North Regional Center DC_011,2026-06-20,Saturday,Afternoon,1368,852,2671,Regional Center,North
DC_011,North Regional Center DC_011,2026-06-20,Saturday,Evening,904,447,1291,Regional Center,North
DC_012,South Satellite Depot DC_012,2026-06-20,Saturday,Morning,836,610,1853,Satellite Depot,South
DC_012,South Satellite Depot DC_012,2026-06-20,Saturday,Afternoon,1161,698,2240,Satellite Depot,South
DC_012,South Satellite Depot DC_012,2026-06-20,Saturday,Evening,995,363,1413,Satellite Depot,South
DC_013,East Urban Hub DC_013,2026-06-20,Saturday,Morning,603,380,1111,Urban Hub,East
DC_013,East Urban Hub DC_013,2026-06-20,Saturday,Afternoon,837,528,1648,Urban Hub,East
DC_013,East Urban Hub DC_013,2026-06-20,Saturday,Evening,473,275,880,Urban Hub,East
DC_014,West Regional Center DC_014,2026-06-20,Saturday,Morning,1107,677,2148,Regional Center,West
DC_014,West Regional Center DC_014,2026-06-20,Saturday,Afternoon,2131,1167,3384,Regional Center,West
DC_014,West Regional Center DC_014,2026-06-20,Saturday,Evening,971,565,1695,Regional Center,West
DC_015,Central Satellite Depot DC_015,2026-06-20,Saturday,Morning,3818,552,1458,Satellite Depot,Central
DC_015,Central Satellite Depot DC_015,2026-06-20,Saturday,Afternoon,4917,616,1916,Satellite Depot,Central
DC_015,Central Satellite Depot DC_015,2026-06-20,Saturday,Evening,2839,375,1151,Satellite Depot,Central
DC_016,North Urban Hub DC_016,2026-06-20,Saturday,Morning,244,149,440,Urban Hub,North
DC_016,North Urban Hub DC_016,2026-06-20,Saturday,Afternoon,355,223,712,Urban Hub,North
DC_016,North Urban Hub DC_016,2026-06-20,Saturday,Evening,239,124,432,Urban Hub,North
DC_017,South Regional Center DC_017,2026-06-20,Saturday,Morning,688,402,1307,Regional Center,South
DC_017,South Regional Center DC_017,2026-06-20,Saturday,Afternoon,1176,597,1759,Regional Center,South
DC_017,South Regional Center DC_017,2026-06-20,Saturday,Evening,578,357,1095,Regional Center,South
DC_018,East Satellite Depot DC_018,2026-06-20,Saturday,Morning,279,123,425,Satellite Depot,East
DC_018,East Satellite Depot DC_018,2026-06-20,Saturday,Afternoon,373,229,672,Satellite Depot,East
DC_018,East Satellite Depot DC_018,2026-06-20,Saturday,Evening,205,146,418,Satellite Depot,East
DC_019,West Urban Hub DC_019,2026-06-20,Saturday,Morning,887,558,1644,Urban Hub,West
DC_019,West Urban Hub DC_019,2026-06-20,Saturday,Afternoon,1268,795,2202,Urban Hub,West
DC_019,West Urban Hub DC_019,2026-06-20,Saturday,Evening,724,409,1331,Urban Hub,West
DC_020,Central Regional Center DC_020,2026-06-20,Saturday,Morning,488,373,966,Regional Center,Central
DC_020,Central Regional Center DC_020,2026-06-20,Saturday,Afternoon,665,474,1318,Regional Center,Central
DC_020,Central Regional Center DC_020,2026-06-20,Saturday,Evening,499,261,811,Regional Center,Central
DC_021,North Satellite Depot DC_021,2026-06-20,Saturday,Morning,2041,322,850,Satellite Depot,North
DC_021,North Satellite Depot DC_021,2026-06-20,Saturday,Afternoon,2647,318,1207,Satellite Depot,North
DC_021,North Satellite Depot DC_021,2026-06-20,Saturday,Evening,1937,203,652,Satellite Depot,North
DC_022,South Urban Hub DC_022,2026-06-20,Saturday,Morning,334,183,615,Urban Hub,South
DC_022,South Urban Hub DC_022,2026-06-20,Saturday,Afternoon,392,308,764,Urban Hub,South
DC_022,South Urban Hub DC_022,2026-06-20,Saturday,Evening,224,140,420,Urban Hub,South
DC_023,East Regional Center DC_023,2026-06-20,Saturday,Morning,1082,608,1935,Regional Center,East
DC_023,East Regional Center DC_023,2026-06-20,Saturday,Afternoon,1702,980,3217,Regional Center,East
DC_023,East Regional Center DC_023,2026-06-20,Saturday,Evening,823,614,1750,Regional Center,East
DC_024,West Satellite Depot DC_024,2026-06-20,Saturday,Morning,489,338,1019,Satellite Depot,West
DC_024,West Satellite Depot DC_024,2026-06-20,Saturday,Afternoon,675,398,1293,Satellite Depot,West
DC_024,West Satellite Depot DC_024,2026-06-20,Saturday,Evening,489,249,800,Satellite Depot,West
DC_001,North Urban Hub DC_001,2026-06-21,Sunday,Morning,535,285,988,Urban Hub,North
DC_001,North Urban Hub DC_001,2026-06-21,Sunday,Afternoon,996,501,1582,Urban Hub,North
DC_001,North Urban Hub DC_001,2026-06-21,Sunday,Evening,568,420,1101,Urban Hub,North
DC_002,South Regional Center DC_002,2026-06-21,Sunday,Morning,175,118,332,Regional Center,South
DC_002,South Regional Center DC_002,2026-06-21,Sunday,Afternoon,304,195,582,Regional Center,South
DC_002,South Regional Center DC_002,2026-06-21,Sunday,Evening,184,108,366,Regional Center,South
DC_003,East Satellite Depot DC_003,2026-06-21,Sunday,Morning,0,0,0,Satellite Depot,East
DC_003,East Satellite Depot DC_003,2026-06-21,Sunday,Afternoon,0,0,0,Satellite Depot,East
DC_003,East Satellite Depot DC_003,2026-06-21,Sunday,Evening,0,0,0,Satellite Depot,East
DC_004,West Urban Hub DC_004,2026-06-21,Sunday,Morning,907,502,1582,Urban Hub,West
DC_004,West Urban Hub DC_004,2026-06-21,Sunday,Afternoon,1139,562,2047,Urban Hub,West
DC_004,West Urban Hub DC_004,2026-06-21,Sunday,Evening,613,381,1118,Urban Hub,West
DC_005,Central Regional Center DC_005,2026-06-21,Sunday,Morning,114,75,213,Regional Center,Central
DC_005,Central Regional Center DC_005,2026-06-21,Sunday,Afternoon,155,92,307,Regional Center,Central
DC_005,Central Regional Center DC_005,2026-06-21,Sunday,Evening,94,59,177,Regional Center,Central
DC_006,North Satellite Depot DC_006,2026-06-21,Sunday,Morning,0,0,0,Satellite Depot,North
DC_006,North Satellite Depot DC_006,2026-06-21,Sunday,Afternoon,0,0,0,Satellite Depot,North
DC_006,North Satellite Depot DC_006,2026-06-21,Sunday,Evening,0,0,0,Satellite Depot,North
DC_007,South Urban Hub DC_007,2026-06-21,Sunday,Morning,569,302,1031,Urban Hub,South
DC_007,South Urban Hub DC_007,2026-06-21,Sunday,Afternoon,763,478,1472,Urban Hub,South
DC_007,South Urban Hub DC_007,2026-06-21,Sunday,Evening,462,285,888,Urban Hub,South
DC_008,East Regional Center DC_008,2026-06-21,Sunday,Morning,1903,208,735,Regional Center,East
DC_008,East Regional Center DC_008,2026-06-21,Sunday,Afternoon,3217,319,1041,Regional Center,East
DC_008,East Regional Center DC_008,2026-06-21,Sunday,Evening,1529,196,594,Regional Center,East
DC_009,West Satellite Depot DC_009,2026-06-21,Sunday,Morning,0,0,0,Satellite Depot,West
DC_009,West Satellite Depot DC_009,2026-06-21,Sunday,Afternoon,0,0,0,Satellite Depot,West
DC_009,West Satellite Depot DC_009,2026-06-21,Sunday,Evening,0,0,0,Satellite Depot,West
DC_010,Central Urban Hub DC_010,2026-06-21,Sunday,Morning,90,97,297,Urban Hub,Central
DC_010,Central Urban Hub DC_010,2026-06-21,Sunday,Afternoon,164,167,508,Urban Hub,Central
DC_010,Central Urban Hub DC_010,2026-06-21,Sunday,Evening,93,74,255,Urban Hub,Central
DC_011,North Regional Center DC_011,2026-06-21,Sunday,Morning,889,532,1503,Regional Center,North
DC_011,North Regional Center DC_011,2026-06-21,Sunday,Afternoon,1004,638,1948,Regional Center,North
DC_011,North Regional Center DC_011,2026-06-21,Sunday,Evening,619,377,1158,Regional Center,North
DC_012,South Satellite Depot DC_012,2026-06-21,Sunday,Morning,0,0,0,Satellite Depot,South
DC_012,South Satellite Depot DC_012,2026-06-21,Sunday,Afternoon,0,0,0,Satellite Depot,South
DC_012,South Satellite Depot DC_012,2026-06-21,Sunday,Evening,0,0,0,Satellite Depot,South
DC_013,East Urban Hub DC_013,2026-06-21,Sunday,Morning,442,254,789,Urban Hub,East
DC_013,East Urban Hub DC_013,2026-06-21,Sunday,Afternoon,536,323,1080,Urban Hub,East
DC_013,East Urban Hub DC_013,2026-06-21,Sunday,Evening,397,253,717,Urban Hub,East
DC_014,West Regional Center DC_014,2026-06-21,Sunday,Morning,734,518,1613,Regional Center,West
DC_014,West Regional Center DC_014,2026-06-21,Sunday,Afternoon,1328,820,2439,Regional Center,West
DC_014,West Regional Center DC_014,2026-06-21,Sunday,Evening,740,430,1376,Regional Center,West
DC_015,Central Satellite Depot DC_015,2026-06-21,Sunday,Morning,0,0,0,Satellite Depot,Central
DC_015,Central Satellite Depot DC_015,2026-06-21,Sunday,Afternoon,0,0,0,Satellite Depot,Central
DC_015,Central Satellite Depot DC_015,2026-06-21,Sunday,Evening,0,0,0,Satellite Depot,Central
DC_016,North Urban Hub DC_016,2026-06-21,Sunday,Morning,312,176,557,Urban Hub,North
DC_016,North Urban Hub DC_016,2026-06-21,Sunday,Afternoon,429,260,898,Urban Hub,North
DC_016,North Urban Hub DC_016,2026-06-21,Sunday,Evening,250,137,416,Urban Hub,North
DC_017,South Regional Center DC_017,2026-06-21,Sunday,Morning,526,326,965,Regional Center,South
DC_017,South Regional Center DC_017,2026-06-21,Sunday,Afternoon,713,507,1403,Regional Center,South
DC_017,South Regional Center DC_017,2026-06-21,Sunday,Evening,504,282,948,Regional Center,South
DC_018,East Satellite Depot DC_018,2026-06-21,Sunday,Morning,0,0,0,Satellite Depot,East
DC_018,East Satellite Depot DC_018,2026-06-21,Sunday,Afternoon,0,0,0,Satellite Depot,East
DC_018,East Satellite Depot DC_018,2026-06-21,Sunday,Evening,0,0,0,Satellite Depot,East
DC_019,West Urban Hub DC_019,2026-06-21,Sunday,Morning,741,486,1521,Urban Hub,West
DC_019,West Urban Hub DC_019,2026-06-21,Sunday,Afternoon,1065,668,2379,Urban Hub,West
DC_019,West Urban Hub DC_019,2026-06-21,Sunday,Evening,628,366,1200,Urban Hub,West
DC_020,Central Regional Center DC_020,2026-06-21,Sunday,Morning,351,221,756,Regional Center,Central
DC_020,Central Regional Center DC_020,2026-06-21,Sunday,Afternoon,488,335,1118,Regional Center,Central
DC_020,Central Regional Center DC_020,2026-06-21,Sunday,Evening,332,173,591,Regional Center,Central
DC_021,North Satellite Depot DC_021,2026-06-21,Sunday,Morning,0,0,0,Satellite Depot,North
DC_021,North Satellite Depot DC_021,2026-06-21,Sunday,Afternoon,0,0,0,Satellite Depot,North
DC_021,North Satellite Depot DC_021,2026-06-21,Sunday,Evening,0,0,0,Satellite Depot,North
DC_022,South Urban Hub DC_022,2026-06-21,Sunday,Morning,379,190,685,Urban Hub,South
DC_022,South Urban Hub DC_022,2026-06-21,Sunday,Afternoon,457,296,963,Urban Hub,South
DC_022,South Urban Hub DC_022,2026-06-21,Sunday,Evening,291,183,577,Urban Hub,South
DC_023,East Regional Center DC_023,2026-06-21,Sunday,Morning,779,599,1815,Regional Center,East
DC_023,East Regional Center DC_023,2026-06-21,Sunday,Afternoon,1418,825,2663,Regional Center,East
DC_023,East Regional Center DC_023,2026-06-21,Sunday,Evening,939,458,1396,Regional Center,East
DC_024,West Satellite Depot DC_024,2026-06-21,Sunday,Morning,0,0,0,Satellite Depot,West
DC_024,West Satellite Depot DC_024,2026-06-21,Sunday,Afternoon,0,0,0,Satellite Depot,West
DC_024,West Satellite Depot DC_024,2026-06-21,Sunday,Evening,0,0,0,Satellite Depot,West
DC_001,North Urban Hub DC_001,2026-06-22,Monday,Morning,496,289,969,Urban Hub,North
DC_001,North Urban Hub DC_001,2026-06-22,Monday,Afternoon,887,466,1401,Urban Hub,North
DC_001,North Urban Hub DC_001,2026-06-22,Monday,Evening,328,197,656,Urban Hub,North
DC_002,South Regional Center DC_002,2026-06-22,Monday,Morning,167,98,329,Regional Center,South
DC_002,South Regional Center DC_002,2026-06-22,Monday,Afternoon,216,146,401,Regional Center,South
DC_002,South Regional Center DC_002,2026-06-22,Monday,Evening,114,73,247,Regional Center,South
DC_003,East Satellite Depot DC_003,2026-06-22,Monday,Morning,254,271,774,Satellite Depot,East
DC_003,East Satellite Depot DC_003,2026-06-22,Monday,Afternoon,326,349,1119,Satellite Depot,East
DC_003,East Satellite Depot DC_003,2026-06-22,Monday,Evening,171,204,535,Satellite Depot,East
DC_004,West Urban Hub DC_004,2026-06-22,Monday,Morning,673,422,1179,Urban Hub,West
DC_004,West Urban Hub DC_004,2026-06-22,Monday,Afternoon,894,561,1770,Urban Hub,West
DC_004,West Urban Hub DC_004,2026-06-22,Monday,Evening,544,369,1085,Urban Hub,West
DC_005,Central Regional Center DC_005,2026-06-22,Monday,Morning,96,52,176,Regional Center,Central
DC_005,Central Regional Center DC_005,2026-06-22,Monday,Afternoon,133,95,259,Regional Center,Central
DC_005,Central Regional Center DC_005,2026-06-22,Monday,Evening,76,50,142,Regional Center,Central
DC_006,North Satellite Depot DC_006,2026-06-22,Monday,Morning,787,103,318,Satellite Depot,North
DC_006,North Satellite Depot DC_006,2026-06-22,Monday,Afternoon,1141,144,430,Satellite Depot,North
DC_006,North Satellite Depot DC_006,2026-06-22,Monday,Evening,701,91,274,Satellite Depot,North
DC_007,South Urban Hub DC_007,2026-06-22,Monday,Morning,418,236,790,Urban Hub,South
DC_007,South Urban Hub DC_007,2026-06-22,Monday,Afternoon,588,371,1257,Urban Hub,South
DC_007,South Urban Hub DC_007,2026-06-22,Monday,Evening,359,219,765,Urban Hub,South
DC_008,East Regional Center DC_008,2026-06-22,Monday,Morning,1751,212,721,Regional Center,East
DC_008,East Regional Center DC_008,2026-06-22,Monday,Afternoon,3695,406,1325,Regional Center,East
DC_008,East Regional Center DC_008,2026-06-22,Monday,Evening,1458,242,666,Regional Center,East
DC_009,West Satellite Depot DC_009,2026-06-22,Monday,Morning,360,178,558,Satellite Depot,West
DC_009,West Satellite Depot DC_009,2026-06-22,Monday,Afternoon,563,337,1053,Satellite Depot,West
DC_009,West Satellite Depot DC_009,2026-06-22,Monday,Evening,278,162,517,Satellite Depot,West
DC_010,Central Urban Hub DC_010,2026-06-22,Monday,Morning,94,87,268,Urban Hub,Central
DC_010,Central Urban Hub DC_010,2026-06-22,Monday,Afternoon,122,120,412,Urban Hub,Central
DC_010,Central Urban Hub DC_010,2026-06-22,Monday,Evening,69,67,221,Urban Hub,Central
DC_011,North Regional Center DC_011,2026-06-22,Monday,Morning,575,330,1014,Regional Center,North
DC_011,North Regional Center DC_011,2026-06-22,Monday,Afternoon,734,426,1434,Regional Center,North
DC_011,North Regional Center DC_011,2026-06-22,Monday,Evening,427,284,837,Regional Center,North
DC_012,South Satellite Depot DC_012,2026-06-22,Monday,Morning,406,321,915,Satellite Depot,South
DC_012,South Satellite Depot DC_012,2026-06-22,Monday,Afternoon,700,424,1342,Satellite Depot,South
DC_012,South Satellite Depot DC_012,2026-06-22,Monday,Evening,390,301,875,Satellite Depot,South
DC_013,East Urban Hub DC_013,2026-06-22,Monday,Morning,276,179,598,Urban Hub,East
DC_013,East Urban Hub DC_013,2026-06-22,Monday,Afternoon,565,296,1001,Urban Hub,East
DC_013,East Urban Hub DC_013,2026-06-22,Monday,Evening,291,188,556,Urban Hub,East
DC_014,West Regional Center DC_014,2026-06-22,Monday,Morning,579,446,1261,Regional Center,West
DC_014,West Regional Center DC_014,2026-06-22,Monday,Afternoon,995,586,1756,Regional Center,West
DC_014,West Regional Center DC_014,2026-06-22,Monday,Evening,507,324,1041,Regional Center,West
DC_015,Central Satellite Depot DC_015,2026-06-22,Monday,Morning,2057,251,818,Satellite Depot,Central
DC_015,Central Satellite Depot DC_015,2026-06-22,Monday,Afternoon,2472,365,1057,Satellite Depot,Central
DC_015,Central Satellite Depot DC_015,2026-06-22,Monday,Evening,1636,212,655,Satellite Depot,Central
DC_016,North Urban Hub DC_016,2026-06-22,Monday,Morning,235,148,448,Urban Hub,North
DC_016,North Urban Hub DC_016,2026-06-22,Monday,Afternoon,362,229,726,Urban Hub,North
DC_016,North Urban Hub DC_016,2026-06-22,Monday,Evening,217,104,379,Urban Hub,North
DC_017,South Regional Center DC_017,2026-06-22,Monday,Morning,367,230,697,Regional Center,South
DC_017,South Regional Center DC_017,2026-06-22,Monday,Afternoon,621,384,1116,Regional Center,South
DC_017,South Regional Center DC_017,2026-06-22,Monday,Evening,420,208,697,Regional Center,South
DC_018,East Satellite Depot DC_018,2026-06-22,Monday,Morning,235,132,425,Satellite Depot,East
DC_018,East Satellite Depot DC_018,2026-06-22,Monday,Afternoon,357,212,599,Satellite Depot,East
DC_018,East Satellite Depot DC_018,2026-06-22,Monday,Evening,178,112,355,Satellite Depot,East
DC_019,West Urban Hub DC_019,2026-06-22,Monday,Morning,701,428,1293,Urban Hub,West
DC_019,West Urban Hub DC_019,2026-06-22,Monday,Afternoon,911,533,1722,Urban Hub,West
DC_019,West Urban Hub DC_019,2026-06-22,Monday,Evening,508,393,1118,Urban Hub,West
DC_020,Central Regional Center DC_020,2026-06-22,Monday,Morning,290,174,551,Regional Center,Central
DC_020,Central Regional Center DC_020,2026-06-22,Monday,Afternoon,372,234,740,Regional Center,Central
DC_020,Central Regional Center DC_020,2026-06-22,Monday,Evening,217,139,403,Regional Center,Central
DC_021,North Satellite Depot DC_021,2026-06-22,Monday,Morning,1911,201,645,Satellite Depot,North
DC_021,North Satellite Depot DC_021,2026-06-22,Monday,Afternoon,2880,447,1145,Satellite Depot,North
DC_021,North Satellite Depot DC_021,2026-06-22,Monday,Evening,1499,202,570,Satellite Depot,North
DC_022,South Urban Hub DC_022,2026-06-22,Monday,Morning,244,170,498,Urban Hub,South
DC_022,South Urban Hub DC_022,2026-06-22,Monday,Afternoon,417,215,631,Urban Hub,South
DC_022,South Urban Hub DC_022,2026-06-22,Monday,Evening,223,136,399,Urban Hub,South
DC_023,East Regional Center DC_023,2026-06-22,Monday,Morning,709,442,1391,Regional Center,East
DC_023,East Regional Center DC_023,2026-06-22,Monday,Afternoon,1208,752,2126,Regional Center,East
DC_023,East Regional Center DC_023,2026-06-22,Monday,Evening,600,411,1062,Regional Center,East
DC_024,West Satellite Depot DC_024,2026-06-22,Monday,Morning,250,158,520,Satellite Depot,West
DC_024,West Satellite Depot DC_024,2026-06-22,Monday,Afternoon,447,245,850,Satellite Depot,West
DC_024,West Satellite Depot DC_024,2026-06-22,Monday,Evening,243,123,415,Satellite Depot,West
DC_001,North Urban Hub DC_001,2026-06-23,Tuesday,Morning,418,227,734,Urban Hub,North
DC_001,North Urban Hub DC_001,2026-06-23,Tuesday,Afternoon,614,368,1061,Urban Hub,North
DC_001,North Urban Hub DC_001,2026-06-23,Tuesday,Evening,327,180,626,Urban Hub,North
DC_002,South Regional Center DC_002,2026-06-23,Tuesday,Morning,181,95,330,Regional Center,South
DC_002,South Regional Center DC_002,2026-06-23,Tuesday,Afternoon,287,201,546,Regional Center,South
DC_002,South Regional Center DC_002,2026-06-23,Tuesday,Evening,156,85,263,Regional Center,South
DC_003,East Satellite Depot DC_003,2026-06-23,Tuesday,Morning,217,287,777,Satellite Depot,East
DC_003,East Satellite Depot DC_003,2026-06-23,Tuesday,Afternoon,347,341,1101,Satellite Depot,East
DC_003,East Satellite Depot DC_003,2026-06-23,Tuesday,Evening,208,177,537,Satellite Depot,East
DC_004,West Urban Hub DC_004,2026-06-23,Tuesday,Morning,610,452,1355,Urban Hub,West
DC_004,West Urban Hub DC_004,2026-06-23,Tuesday,Afternoon,1047,555,1809,Urban Hub,West
DC_004,West Urban Hub DC_004,2026-06-23,Tuesday,Evening,543,370,1143,Urban Hub,West
DC_005,Central Regional Center DC_005,2026-06-23,Tuesday,Morning,93,51,174,Regional Center,Central
DC_005,Central Regional Center DC_005,2026-06-23,Tuesday,Afternoon,175,90,271,Regional Center,Central
DC_005,Central Regional Center DC_005,2026-06-23,Tuesday,Evening,98,48,152,Regional Center,Central
DC_006,North Satellite Depot DC_006,2026-06-23,Tuesday,Morning,587,97,268,Satellite Depot,North
DC_006,North Satellite Depot DC_006,2026-06-23,Tuesday,Afternoon,966,127,409,Satellite Depot,North
DC_006,North Satellite Depot DC_006,2026-06-23,Tuesday,Evening,568,63,198,Satellite Depot,North
DC_007,South Urban Hub DC_007,2026-06-23,Tuesday,Morning,370,192,658,Urban Hub,South
DC_007,South Urban Hub DC_007,2026-06-23,Tuesday,Afternoon,618,312,948,Urban Hub,South
DC_007,South Urban Hub DC_007,2026-06-23,Tuesday,Evening,291,178,565,Urban Hub,South
DC_008,East Regional Center DC_008,2026-06-23,Tuesday,Morning,1988,230,687,Regional Center,East
DC_008,East Regional Center DC_008,2026-06-23,Tuesday,Afternoon,3299,335,1035,Regional Center,East
DC_008,East Regional Center DC_008,2026-06-23,Tuesday,Evening,1298,172,562,Regional Center,East
DC_009,West Satellite Depot DC_009,2026-06-23,Tuesday,Morning,410,201,692,Satellite Depot,West
DC_009,West Satellite Depot DC_009,2026-06-23,Tuesday,Afternoon,532,278,890,Satellite Depot,West
DC_009,West Satellite Depot DC_009,2026-06-23,Tuesday,Evening,274,164,525,Satellite Depot,West
DC_010,Central Urban Hub DC_010,2026-06-23,Tuesday,Morning,101,111,326,Urban Hub,Central
DC_010,Central Urban Hub DC_010,2026-06-23,Tuesday,Afternoon,158,135,450,Urban Hub,Central
DC_010,Central Urban Hub DC_010,2026-06-23,Tuesday,Evening,74,90,238,Urban Hub,Central
DC_011,North Regional Center DC_011,2026-06-23,Tuesday,Morning,600,272,963,Regional Center,North
DC_011,North Regional Center DC_011,2026-06-23,Tuesday,Afternoon,795,544,1600,Regional Center,North
DC_011,North Regional Center DC_011,2026-06-23,Tuesday,Evening,513,273,960,Regional Center,North
DC_012,South Satellite Depot DC_012,2026-06-23,Tuesday,Morning,591,336,1151,Satellite Depot,South
DC_012,South Satellite Depot DC_012,2026-06-23,Tuesday,Afternoon,755,471,1566,Satellite Depot,South
DC_012,South Satellite Depot DC_012,2026-06-23,Tuesday,Evening,530,328,982,Satellite Depot,South
DC_013,East Urban Hub DC_013,2026-06-23,Tuesday,Morning,372,224,644,Urban Hub,East
DC_013,East Urban Hub DC_013,2026-06-23,Tuesday,Afternoon,582,333,1069,Urban Hub,East
DC_013,East Urban Hub DC_013,2026-06-23,Tuesday,Evening,356,212,599,Urban Hub,East
DC_014,West Regional Center DC_014,2026-06-23,Tuesday,Morning,780,470,1355,Regional Center,West
DC_014,West Regional Center DC_014,2026-06-23,Tuesday,Afternoon,1469,652,2351,Regional Center,West
DC_014,West Regional Center DC_014,2026-06-23,Tuesday,Evening,572,355,1177,Regional Center,West
DC_015,Central Satellite Depot DC_015,2026-06-23,Tuesday,Morning,2097,333,943,Satellite Depot,Central
DC_015,Central Satellite Depot DC_015,2026-06-23,Tuesday,Afternoon,3745,498,1331,Satellite Depot,Central
DC_015,Central Satellite Depot DC_015,2026-06-23,Tuesday,Evening,1550,232,709,Satellite Depot,Central
DC_016,North Urban Hub DC_016,2026-06-23,Tuesday,Morning,176,104,398,Urban Hub,North
DC_016,North Urban Hub DC_016,2026-06-23,Tuesday,Afternoon,258,187,594,Urban Hub,North
DC_016,North Urban Hub DC_016,2026-06-23,Tuesday,Evening,151,94,292,Urban Hub,North
DC_017,South Regional Center DC_017,2026-06-23,Tuesday,Morning,423,286,853,Regional Center,South
DC_017,South Regional Center DC_017,2026-06-23,Tuesday,Afternoon,578,384,1125,Regional Center,South
DC_017,South Regional Center DC_017,2026-06-23,Tuesday,Evening,361,223,669,Regional Center,South
DC_018,East Satellite Depot DC_018,2026-06-23,Tuesday,Morning,190,104,351,Satellite Depot,East
DC_018,East Satellite Depot DC_018,2026-06-23,Tuesday,Afternoon,264,157,491,Satellite Depot,East
DC_018,East Satellite Depot DC_018,2026-06-23,Tuesday,Evening,124,73,241,Satellite Depot,East
DC_019,West Urban Hub DC_019,2026-06-23,Tuesday,Morning,703,422,1148,Urban Hub,West
DC_019,West Urban Hub DC_019,2026-06-23,Tuesday,Afternoon,717,484,1527,Urban Hub,West
DC_019,West Urban Hub DC_019,2026-06-23,Tuesday,Evening,515,284,832,Urban Hub,West
DC_020,Central Regional Center DC_020,2026-06-23,Tuesday,Morning,295,180,604,Regional Center,Central
DC_020,Central Regional Center DC_020,2026-06-23,Tuesday,Afternoon,438,270,882,Regional Center,Central
DC_020,Central Regional Center DC_020,2026-06-23,Tuesday,Evening,260,152,485,Regional Center,Central
DC_021,North Satellite Depot DC_021,2026-06-23,Tuesday,Morning,1670,172,540,Satellite Depot,North
DC_021,North Satellite Depot DC_021,2026-06-23,Tuesday,Afternoon,1881,286,840,Satellite Depot,North
DC_021,North Satellite Depot DC_021,2026-06-23,Tuesday,Evening,1119,134,425,Satellite Depot,North
DC_022,South Urban Hub DC_022,2026-06-23,Tuesday,Morning,196,138,389,Urban Hub,South
DC_022,South Urban Hub DC_022,2026-06-23,Tuesday,Afternoon,343,195,598,Urban Hub,South
DC_022,South Urban Hub DC_022,2026-06-23,Tuesday,Evening,225,121,366,Urban Hub,South
DC_023,East Regional Center DC_023,2026-06-23,Tuesday,Morning,692,392,1319,Regional Center,East
DC_023,East Regional Center DC_023,2026-06-23,Tuesday,Afternoon,1202,650,2232,Regional Center,East
DC_023,East Regional Center DC_023,2026-06-23,Tuesday,Evening,619,383,1256,Regional Center,East
DC_024,West Satellite Depot DC_024,2026-06-23,Tuesday,Morning,248,163,462,Satellite Depot,West
DC_024,West Satellite Depot DC_024,2026-06-23,Tuesday,Afternoon,391,279,840,Satellite Depot,West
DC_024,West Satellite Depot DC_024,2026-06-23,Tuesday,Evening,355,203,576,Satellite Depot,West
DC_001,North Urban Hub DC_001,2026-06-24,Wednesday,Morning,472,270,858,Urban Hub,North
DC_001,North Urban Hub DC_001,2026-06-24,Wednesday,Afternoon,649,397,1202,Urban Hub,North
DC_001,North Urban Hub DC_001,2026-06-24,Wednesday,Evening,343,195,683,Urban Hub,North
DC_002,South Regional Center DC_002,2026-06-24,Wednesday,Morning,199,121,360,Regional Center,South
DC_002,South Regional Center DC_002,2026-06-24,Wednesday,Afternoon,306,234,613,Regional Center,South
DC_002,South Regional Center DC_002,2026-06-24,Wednesday,Evening,149,82,258,Regional Center,South
DC_003,East Satellite Depot DC_003,2026-06-24,Wednesday,Morning,269,286,875,Satellite Depot,East
DC_003,East Satellite Depot DC_003,2026-06-24,Wednesday,Afternoon,440,470,1466,Satellite Depot,East
DC_003,East Satellite Depot DC_003,2026-06-24,Wednesday,Evening,307,260,800,Satellite Depot,East
DC_004,West Urban Hub DC_004,2026-06-24,Wednesday,Morning,674,502,1340,Urban Hub,West
DC_004,West Urban Hub DC_004,2026-06-24,Wednesday,Afternoon,998,605,1947,Urban Hub,West
DC_004,West Urban Hub DC_004,2026-06-24,Wednesday,Evening,600,392,1210,Urban Hub,West
DC_005,Central Regional Center DC_005,2026-06-24,Wednesday,Morning,116,68,213,Regional Center,Central
DC_005,Central Regional Center DC_005,2026-06-24,Wednesday,Afternoon,173,101,323,Regional Center,Central
DC_005,Central Regional Center DC_005,2026-06-24,Wednesday,Evening,90,53,182,Regional Center,Central
DC_006,North Satellite Depot DC_006,2026-06-24,Wednesday,Morning,816,113,338,Satellite Depot,North
DC_006,North Satellite Depot DC_006,2026-06-24,Wednesday,Afternoon,1097,137,444,Satellite Depot,North
DC_006,North Satellite Depot DC_006,2026-06-24,Wednesday,Evening,818,76,265,Satellite Depot,North
DC_007,South Urban Hub DC_007,2026-06-24,Wednesday,Morning,417,255,827,Urban Hub,South
DC_007,South Urban Hub DC_007,2026-06-24,Wednesday,Afternoon,564,324,1060,Urban Hub,South
DC_007,South Urban Hub DC_007,2026-06-24,Wednesday,Evening,314,194,631,Urban Hub,South
DC_008,East Regional Center DC_008,2026-06-24,Wednesday,Morning,1258,184,525,Regional Center,East
DC_008,East Regional Center DC_008,2026-06-24,Wednesday,Afternoon,1713,253,783,Regional Center,East
DC_008,East Regional Center DC_008,2026-06-24,Wednesday,Evening,1294,148,457,Regional Center,East
DC_009,West Satellite Depot DC_009,2026-06-24,Wednesday,Morning,317,192,675,Satellite Depot,West
DC_009,West Satellite Depot DC_009,2026-06-24,Wednesday,Afternoon,506,301,1059,Satellite Depot,West
DC_009,West Satellite Depot DC_009,2026-06-24,Wednesday,Evening,311,180,591,Satellite Depot,West
DC_010,Central Urban Hub DC_010,2026-06-24,Wednesday,Morning,92,79,288,Urban Hub,Central
DC_010,Central Urban Hub DC_010,2026-06-24,Wednesday,Afternoon,133,138,446,Urban Hub,Central
DC_010,Central Urban Hub DC_010,2026-06-24,Wednesday,Evening,80,72,253,Urban Hub,Central
DC_011,North Regional Center DC_011,2026-06-24,Wednesday,Morning,663,380,1331,Regional Center,North
DC_011,North Regional Center DC_011,2026-06-24,Wednesday,Afternoon,1106,527,1867,Regional Center,North
DC_011,North Regional Center DC_011,2026-06-24,Wednesday,Evening,526,369,1073,Regional Center,North
DC_012,South Satellite Depot DC_012,2026-06-24,Wednesday,Morning,732,395,1230,Satellite Depot,South
DC_012,South Satellite Depot DC_012,2026-06-24,Wednesday,Afternoon,987,561,1696,Satellite Depot,South
DC_012,South Satellite Depot DC_012,2026-06-24,Wednesday,Evening,487,246,812,Satellite Depot,South
DC_013,East Urban Hub DC_013,2026-06-24,Wednesday,Morning,458,238,772,Urban Hub,East
DC_013,East Urban Hub DC_013,2026-06-24,Wednesday,Afternoon,521,341,1047,Urban Hub,East
DC_013,East Urban Hub DC_013,2026-06-24,Wednesday,Evening,327,163,610,Urban Hub,East
DC_014,West Regional Center DC_014,2026-06-24,Wednesday,Morning,732,427,1406,Regional Center,West
DC_014,West Regional Center DC_014,2026-06-24,Wednesday,Afternoon,1304,703,2072,Regional Center,West
DC_014,West Regional Center DC_014,2026-06-24,Wednesday,Evening,728,435,1323,Regional Center,West
DC_015,Central Satellite Depot DC_015,2026-06-24,Wednesday,Morning,2928,340,1046,Satellite Depot,Central
DC_015,Central Satellite Depot DC_015,2026-06-24,Wednesday,Afternoon,3217,407,1285,Satellite Depot,Central
DC_015,Central Satellite Depot DC_015,2026-06-24,Wednesday,Evening,2508,283,864,Satellite Depot,Central
DC_016,North Urban Hub DC_016,2026-06-24,Wednesday,Morning,186,98,341,Urban Hub,North
DC_016,North Urban Hub DC_016,2026-06-24,Wednesday,Afternoon,340,189,555,Urban Hub,North
DC_016,North Urban Hub DC_016,2026-06-24,Wednesday,Evening,168,84,275,Urban Hub,North
DC_017,South Regional Center DC_017,2026-06-24,Wednesday,Morning,418,260,808,Regional Center,South
DC_017,South Regional Center DC_017,2026-06-24,Wednesday,Afternoon,684,458,1313,Regional Center,South
DC_017,South Regional Center DC_017,2026-06-24,Wednesday,Evening,464,271,813,Regional Center,South
DC_018,East Satellite Depot DC_018,2026-06-24,Wednesday,Morning,170,105,341,Satellite Depot,East
DC_018,East Satellite Depot DC_018,2026-06-24,Wednesday,Afternoon,219,158,422,Satellite Depot,East
DC_018,East Satellite Depot DC_018,2026-06-24,Wednesday,Evening,155,96,288,Satellite Depot,East
DC_019,West Urban Hub DC_019,2026-06-24,Wednesday,Morning,608,420,1221,Urban Hub,West
DC_019,West Urban Hub DC_019,2026-06-24,Wednesday,Afternoon,880,607,1647,Urban Hub,West
DC_019,West Urban Hub DC_019,2026-06-24,Wednesday,Evening,443,346,941,Urban Hub,West
DC_020,Central Regional Center DC_020,2026-06-24,Wednesday,Morning,383,188,678,Regional Center,Central
DC_020,Central Regional Center DC_020,2026-06-24,Wednesday,Afternoon,558,352,1000,Regional Center,Central
DC_020,Central Regional Center DC_020,2026-06-24,Wednesday,Evening,301,202,581,Regional Center,Central
DC_021,North Satellite Depot DC_021,2026-06-24,Wednesday,Morning,1596,192,635,Satellite Depot,North
DC_021,North Satellite Depot DC_021,2026-06-24,Wednesday,Afternoon,2166,282,859,Satellite Depot,North
DC_021,North Satellite Depot DC_021,2026-06-24,Wednesday,Evening,1397,176,547,Satellite Depot,North
DC_022,South Urban Hub DC_022,2026-06-24,Wednesday,Morning,230,130,410,Urban Hub,South
DC_022,South Urban Hub DC_022,2026-06-24,Wednesday,Afternoon,388,217,681,Urban Hub,South
DC_022,South Urban Hub DC_022,2026-06-24,Wednesday,Evening,185,135,360,Urban Hub,South
DC_023,East Regional Center DC_023,2026-06-24,Wednesday,Morning,905,474,1475,Regional Center,East
DC_023,East Regional Center DC_023,2026-06-24,Wednesday,Afternoon,1239,791,2217,Regional Center,East
DC_023,East Regional Center DC_023,2026-06-24,Wednesday,Evening,767,390,1284,Regional Center,East
DC_024,West Satellite Depot DC_024,2026-06-24,Wednesday,Morning,354,223,676,Satellite Depot,West
DC_024,West Satellite Depot DC_024,2026-06-24,Wednesday,Afternoon,455,281,817,Satellite Depot,West
DC_024,West Satellite Depot DC_024,2026-06-24,Wednesday,Evening,278,174,553,Satellite Depot,West
DC_001,North Urban Hub DC_001,2026-06-25,Thursday,Morning,544,328,966,Urban Hub,North
DC_001,North Urban Hub DC_001,2026-06-25,Thursday,Afternoon,746,469,1425,Urban Hub,North
DC_001,North Urban Hub DC_001,2026-06-25,Thursday,Evening,423,275,839,Urban Hub,North
DC_002,South Regional Center DC_002,2026-06-25,Thursday,Morning,163,110,346,Regional Center,South
DC_002,South Regional Center DC_002,2026-06-25,Thursday,Afternoon,275,166,550,Regional Center,South
DC_002,South Regional Center DC_002,2026-06-25,Thursday,Evening,156,99,318,Regional Center,South
DC_003,East Satellite Depot DC_003,2026-06-25,Thursday,Morning,318,258,916,Satellite Depot,East
DC_003,East Satellite Depot DC_003,2026-06-25,Thursday,Afternoon,372,429,1188,Satellite Depot,East
DC_003,East Satellite Depot DC_003,2026-06-25,Thursday,Evening,248,232,726,Satellite Depot,East
DC_004,West Urban Hub DC_004,2026-06-25,Thursday,Morning,798,440,1361,Urban Hub,West
DC_004,West Urban Hub DC_004,2026-06-25,Thursday,Afternoon,1347,765,2209,Urban Hub,West
DC_004,West Urban Hub DC_004,2026-06-25,Thursday,Evening,623,376,1180,Urban Hub,West
DC_005,Central Regional Center DC_005,2026-06-25,Thursday,Morning,126,74,219,Regional Center,Central
DC_005,Central Regional Center DC_005,2026-06-25,Thursday,Afternoon,159,84,288,Regional Center,Central
DC_005,Central Regional Center DC_005,2026-06-25,Thursday,Evening,88,53,146,Regional Center,Central
DC_006,North Satellite Depot DC_006,2026-06-25,Thursday,Morning,942,114,343,Satellite Depot,North
DC_006,North Satellite Depot DC_006,2026-06-25,Thursday,Afternoon,1067,122,403,Satellite Depot,North
DC_006,North Satellite Depot DC_006,2026-06-25,Thursday,Evening,684,97,262,Satellite Depot,North
DC_007,South Urban Hub DC_007,2026-06-25,Thursday,Morning,399,267,761,Urban Hub,South
DC_007,South Urban Hub DC_007,2026-06-25,Thursday,Afternoon,605,416,1234,Urban Hub,South
DC_007,South Urban Hub DC_007,2026-06-25,Thursday,Evening,371,204,689,Urban Hub,South
DC_008,East Regional Center DC_008,2026-06-25,Thursday,Morning,1812,191,628,Regional Center,East
DC_008,East Regional Center DC_008,2026-06-25,Thursday,Afternoon,2548,303,895,Regional Center,East
DC_008,East Regional Center DC_008,2026-06-25,Thursday,Evening,1121,142,429,Regional Center,East
DC_009,West Satellite Depot DC_009,2026-06-25,Thursday,Morning,345,267,700,Satellite Depot,West
DC_009,West Satellite Depot DC_009,2026-06-25,Thursday,Afternoon,492,304,984,Satellite Depot,West
DC_009,West Satellite Depot DC_009,2026-06-25,Thursday,Evening,274,158,542,Satellite Depot,West
DC_010,Central Urban Hub DC_010,2026-06-25,Thursday,Morning,110,93,308,Urban Hub,Central
DC_010,Central Urban Hub DC_010,2026-06-25,Thursday,Afternoon,187,170,530,Urban Hub,Central
DC_010,Central Urban Hub DC_010,2026-06-25,Thursday,Evening,90,106,282,Urban Hub,Central
DC_011,North Regional Center DC_011,2026-06-25,Thursday,Morning,775,474,1319,Regional Center,North
DC_011,North Regional Center DC_011,2026-06-25,Thursday,Afternoon,786,569,1646,Regional Center,North
DC_011,North Regional Center DC_011,2026-06-25,Thursday,Evening,549,347,1089,Regional Center,North
DC_012,South Satellite Depot DC_012,2026-06-25,Thursday,Morning,626,389,1220,Satellite Depot,South
DC_012,South Satellite Depot DC_012,2026-06-25,Thursday,Afternoon,974,546,1679,Satellite Depot,South
DC_012,South Satellite Depot DC_012,2026-06-25,Thursday,Evening,502,291,983,Satellite Depot,South
DC_013,East Urban Hub DC_013,2026-06-25,Thursday,Morning,445,302,771,Urban Hub,East
DC_013,East Urban Hub DC_013,2026-06-25,Thursday,Afternoon,646,362,1056,Urban Hub,East
DC_013,East Urban Hub DC_013,2026-06-25,Thursday,Evening,337,179,638,Urban Hub,East
DC_014,West Regional Center DC_014,2026-06-25,Thursday,Morning,698,474,1554,Regional Center,West
DC_014,West Regional Center DC_014,2026-06-25,Thursday,Afternoon,1345,861,2439,Regional Center,West
DC_014,West Regional Center DC_014,2026-06-25,Thursday,Evening,640,408,1202,Regional Center,West
DC_015,Central Satellite Depot DC_015,2026-06-25,Thursday,Morning,2223,315,896,Satellite Depot,Central
DC_015,Central Satellite Depot DC_015,2026-06-25,Thursday,Afternoon,3712,422,1282,Satellite Depot,Central
DC_015,Central Satellite Depot DC_015,2026-06-25,Thursday,Evening,1973,230,748,Satellite Depot,Central
DC_016,North Urban Hub DC_016,2026-06-25,Thursday,Morning,245,155,430,Urban Hub,North
DC_016,North Urban Hub DC_016,2026-06-25,Thursday,Afternoon,295,177,589,Urban Hub,North
DC_016,North Urban Hub DC_016,2026-06-25,Thursday,Evening,168,100,353,Urban Hub,North
DC_017,South Regional Center DC_017,2026-06-25,Thursday,Morning,409,289,878,Regional Center,South
DC_017,South Regional Center DC_017,2026-06-25,Thursday,Afternoon,738,569,1482,Regional Center,South
DC_017,South Regional Center DC_017,2026-06-25,Thursday,Evening,424,265,703,Regional Center,South
DC_018,East Satellite Depot DC_018,2026-06-25,Thursday,Morning,183,136,413,Satellite Depot,East
DC_018,East Satellite Depot DC_018,2026-06-25,Thursday,Afternoon,288,196,618,Satellite Depot,East
DC_018,East Satellite Depot DC_018,2026-06-25,Thursday,Evening,175,99,321,Satellite Depot,East
DC_019,West Urban Hub DC_019,2026-06-25,Thursday,Morning,694,425,1363,Urban Hub,West
DC_019,West Urban Hub DC_019,2026-06-25,Thursday,Afternoon,1197,572,1902,Urban Hub,West
DC_019,West Urban Hub DC_019,2026-06-25,Thursday,Evening,478,289,952,Urban Hub,West
DC_020,Central Regional Center DC_020,2026-06-25,Thursday,Morning,358,174,633,Regional Center,Central
DC_020,Central Regional Center DC_020,2026-06-25,Thursday,Afternoon,626,314,1037,Regional Center,Central
DC_020,Central Regional Center DC_020,2026-06-25,Thursday,Evening,356,168,544,Regional Center,Central
DC_021,North Satellite Depot DC_021,2026-06-25,Thursday,Morning,1480,204,591,Satellite Depot,North
DC_021,North Satellite Depot DC_021,2026-06-25,Thursday,Afternoon,2564,412,1011,Satellite Depot,North
DC_021,North Satellite Depot DC_021,2026-06-25,Thursday,Evening,1455,159,548,Satellite Depot,North
DC_022,South Urban Hub DC_022,2026-06-25,Thursday,Morning,236,163,477,Urban Hub,South
DC_022,South Urban Hub DC_022,2026-06-25,Thursday,Afternoon,346,216,649,Urban Hub,South
DC_022,South Urban Hub DC_022,2026-06-25,Thursday,Evening,230,153,426,Urban Hub,South
DC_023,East Regional Center DC_023,2026-06-25,Thursday,Morning,723,486,1486,Regional Center,East
DC_023,East Regional Center DC_023,2026-06-25,Thursday,Afternoon,1132,817,2345,Regional Center,East
DC_023,East Regional Center DC_023,2026-06-25,Thursday,Evening,632,345,1089,Regional Center,East
DC_024,West Satellite Depot DC_024,2026-06-25,Thursday,Morning,400,190,637,Satellite Depot,West
DC_024,West Satellite Depot DC_024,2026-06-25,Thursday,Afternoon,507,308,988,Satellite Depot,West
DC_024,West Satellite Depot DC_024,2026-06-25,Thursday,Evening,251,146,486,Satellite Depot,West
DC_001,North Urban Hub DC_001,2026-06-26,Friday,Morning,476,296,956,Urban Hub,North
DC_001,North Urban Hub DC_001,2026-06-26,Friday,Afternoon,603,396,1132,Urban Hub,North
DC_001,North Urban Hub DC_001,2026-06-26,Friday,Evening,386,281,805,Urban Hub,North
DC_002,South Regional Center DC_002,2026-06-26,Friday,Morning,230,133,443,Regional Center,South
DC_002,South Regional Center DC_002,2026-06-26,Friday,Afternoon,391,186,578,Regional Center,South
DC_002,South Regional Center DC_002,2026-06-26,Friday,Evening,155,91,296,Regional Center,South
DC_003,East Satellite Depot DC_003,2026-06-26,Friday,Morning,403,374,1174,Satellite Depot,East
DC_003,East Satellite Depot DC_003,2026-06-26,Friday,Afternoon,614,507,1687,Satellite Depot,East
DC_003,East Satellite Depot DC_003,2026-06-26,Friday,Evening,312,290,911,Satellite Depot,East
DC_004,West Urban Hub DC_004,2026-06-26,Friday,Morning,789,529,1594,Urban Hub,West
DC_004,West Urban Hub DC_004,2026-06-26,Friday,Afternoon,1394,859,2461,Urban Hub,West
DC_004,West Urban Hub DC_004,2026-06-26,Friday,Evening,793,413,1361,Urban Hub,West
DC_005,Central Regional Center DC_005,2026-06-26,Friday,Morning,148,82,258,Regional Center,Central
DC_005,Central Regional Center DC_005,2026-06-26,Friday,Afternoon,218,117,346,Regional Center,Central
DC_005,Central Regional Center DC_005,2026-06-26,Friday,Evening,103,65,204,Regional Center,Central
DC_006,North Satellite Depot DC_006,2026-06-26,Friday,Morning,943,110,331,Satellite Depot,North
DC_006,North Satellite Depot DC_006,2026-06-26,Friday,Afternoon,1661,175,523,Satellite Depot,North
DC_006,North Satellite Depot DC_006,2026-06-26,Friday,Evening,618,79,235,Satellite Depot,North
DC_007,South Urban Hub DC_007,2026-06-26,Friday,Morning,425,295,819,Urban Hub,South
DC_007,South Urban Hub DC_007,2026-06-26,Friday,Afternoon,594,340,1117,Urban Hub,South
DC_007,South Urban Hub DC_007,2026-06-26,Friday,Evening,388,273,778,Urban Hub,South
DC_008,East Regional Center DC_008,2026-06-26,Friday,Morning,1474,196,581,Regional Center,East
DC_008,East Regional Center DC_008,2026-06-26,Friday,Afternoon,3016,282,912,Regional Center,East
DC_008,East Regional Center DC_008,2026-06-26,Friday,Evening,1225,135,470,Regional Center,East
DC_009,West Satellite Depot DC_009,2026-06-26,Friday,Morning,403,236,778,Satellite Depot,West
DC_009,West Satellite Depot DC_009,2026-06-26,Friday,Afternoon,830,383,1315,Satellite Depot,West
DC_009,West Satellite Depot DC_009,2026-06-26,Friday,Evening,397,234,709,Satellite Depot,West
DC_010,Central Urban Hub DC_010,2026-06-26,Friday,Morning,133,116,365,Urban Hub,Central
DC_010,Central Urban Hub DC_010,2026-06-26,Friday,Afternoon,163,167,538,Urban Hub,Central
DC_010,Central Urban Hub DC_010,2026-06-26,Friday,Evening,117,123,355,Urban Hub,Central
DC_011,North Regional Center DC_011,2026-06-26,Friday,Morning,600,418,1367,Regional Center,North
DC_011,North Regional Center DC_011,2026-06-26,Friday,Afternoon,1004,638,2194,Regional Center,North
DC_011,North Regional Center DC_011,2026-06-26,Friday,Evening,661,375,1151,Regional Center,North
DC_012,South Satellite Depot DC_012,2026-06-26,Friday,Morning,712,404,1326,Satellite Depot,South
DC_012,South Satellite Depot DC_012,2026-06-26,Friday,Afternoon,1002,571,1936,Satellite Depot,South
DC_012,South Satellite Depot DC_012,2026-06-26,Friday,Evening,668,425,1247,Satellite Depot,South
DC_013,East Urban Hub DC_013,2026-06-26,Friday,Morning,585,308,973,Urban Hub,East
DC_013,East Urban Hub DC_013,2026-06-26,Friday,Afternoon,658,464,1372,Urban Hub,East
DC_013,East Urban Hub DC_013,2026-06-26,Friday,Evening,442,228,730,Urban Hub,East
DC_014,West Regional Center DC_014,2026-06-26,Friday,Morning,1021,604,1758,Regional Center,West
DC_014,West Regional Center DC_014,2026-06-26,Friday,Afternoon,1696,1000,2846,Regional Center,West
DC_014,West Regional Center DC_014,2026-06-26,Friday,Evening,879,487,1625,Regional Center,West
DC_015,Central Satellite Depot DC_015,2026-06-26,Friday,Morning,2970,367,1151,Satellite Depot,Central
DC_015,Central Satellite Depot DC_015,2026-06-26,Friday,Afternoon,4524,583,1975,Satellite Depot,Central
DC_015,Central Satellite Depot DC_015,2026-06-26,Friday,Evening,2676,285,938,Satellite Depot,Central
DC_016,North Urban Hub DC_016,2026-06-26,Friday,Morning,218,147,457,Urban Hub,North
DC_016,North Urban Hub DC_016,2026-06-26,Friday,Afternoon,324,208,653,Urban Hub,North
DC_016,North Urban Hub DC_016,2026-06-26,Friday,Evening,183,120,348,Urban Hub,North
DC_017,South Regional Center DC_017,2026-06-26,Friday,Morning,600,389,1050,Regional Center,South
DC_017,South Regional Center DC_017,2026-06-26,Friday,Afternoon,901,512,1686,Regional Center,South
DC_017,South Regional Center DC_017,2026-06-26,Friday,Evening,481,295,1019,Regional Center,South
DC_018,East Satellite Depot DC_018,2026-06-26,Friday,Morning,224,109,362,Satellite Depot,East
DC_018,East Satellite Depot DC_018,2026-06-26,Friday,Afternoon,297,199,642,Satellite Depot,East
DC_018,East Satellite Depot DC_018,2026-06-26,Friday,Evening,139,83,270,Satellite Depot,East
DC_019,West Urban Hub DC_019,2026-06-26,Friday,Morning,655,421,1400,Urban Hub,West
DC_019,West Urban Hub DC_019,2026-06-26,Friday,Afternoon,1075,563,1819,Urban Hub,West
DC_019,West Urban Hub DC_019,2026-06-26,Friday,Evening,463,371,993,Urban Hub,West
DC_020,Central Regional Center DC_020,2026-06-26,Friday,Morning,457,290,885,Regional Center,Central
DC_020,Central Regional Center DC_020,2026-06-26,Friday,Afternoon,782,396,1176,Regional Center,Central
DC_020,Central Regional Center DC_020,2026-06-26,Friday,Evening,325,233,676,Regional Center,Central
DC_021,North Satellite Depot DC_021,2026-06-26,Friday,Morning,1949,205,661,Satellite Depot,North
DC_021,North Satellite Depot DC_021,2026-06-26,Friday,Afternoon,1685,256,785,Satellite Depot,North
DC_021,North Satellite Depot DC_021,2026-06-26,Friday,Evening,1144,143,413,Satellite Depot,North
DC_022,South Urban Hub DC_022,2026-06-26,Friday,Morning,241,149,438,Urban Hub,South
DC_022,South Urban Hub DC_022,2026-06-26,Friday,Afternoon,388,196,647,Urban Hub,South
DC_022,South Urban Hub DC_022,2026-06-26,Friday,Evening,230,136,422,Urban Hub,South
DC_023,East Regional Center DC_023,2026-06-26,Friday,Morning,931,558,1761,Regional Center,East
DC_023,East Regional Center DC_023,2026-06-26,Friday,Afternoon,1462,898,2853,Regional Center,East
DC_023,East Regional Center DC_023,2026-06-26,Friday,Evening,705,485,1477,Regional Center,East
DC_024,West Satellite Depot DC_024,2026-06-26,Friday,Morning,459,250,897,Satellite Depot,West
DC_024,West Satellite Depot DC_024,2026-06-26,Friday,Afternoon,676,445,1298,Satellite Depot,West
DC_024,West Satellite Depot DC_024,2026-06-26,Friday,Evening,315,198,622,Satellite Depot,West
DC_001,North Urban Hub DC_001,2026-06-27,Saturday,Morning,500,327,1016,Urban Hub,North
DC_001,North Urban Hub DC_001,2026-06-27,Saturday,Afternoon,1003,509,1706,Urban Hub,North
DC_001,North Urban Hub DC_001,2026-06-27,Saturday,Evening,441,276,924,Urban Hub,North
DC_002,South Regional Center DC_002,2026-06-27,Saturday,Morning,249,130,461,Regional Center,South
DC_002,South Regional Center DC_002,2026-06-27,Saturday,Afternoon,338,226,680,Regional Center,South
DC_002,South Regional Center DC_002,2026-06-27,Saturday,Evening,199,103,329,Regional Center,South
DC_003,East Satellite Depot DC_003,2026-06-27,Saturday,Morning,365,347,1176,Satellite Depot,East
DC_003,East Satellite Depot DC_003,2026-06-27,Saturday,Afternoon,602,531,1726,Satellite Depot,East
DC_003,East Satellite Depot DC_003,2026-06-27,Saturday,Evening,322,293,943,Satellite Depot,East
DC_004,West Urban Hub DC_004,2026-06-27,Saturday,Morning,957,554,1693,Urban Hub,West
DC_004,West Urban Hub DC_004,2026-06-27,Saturday,Afternoon,1319,893,2809,Urban Hub,West
DC_004,West Urban Hub DC_004,2026-06-27,Saturday,Evening,870,399,1409,Urban Hub,West
DC_005,Central Regional Center DC_005,2026-06-27,Saturday,Morning,138,110,278,Regional Center,Central
DC_005,Central Regional Center DC_005,2026-06-27,Saturday,Afternoon,208,118,387,Regional Center,Central
DC_005,Central Regional Center DC_005,2026-06-27,Saturday,Evening,112,63,206,Regional Center,Central
DC_006,North Satellite Depot DC_006,2026-06-27,Saturday,Morning,961,112,352,Satellite Depot,North
DC_006,North Satellite Depot DC_006,2026-06-27,Saturday,Afternoon,1491,185,623,Satellite Depot,North
DC_006,North Satellite Depot DC_006,2026-06-27,Saturday,Evening,708,118,314,Satellite Depot,North
DC_007,South Urban Hub DC_007,2026-06-27,Saturday,Morning,486,343,1104,Urban Hub,South
DC_007,South Urban Hub DC_007,2026-06-27,Saturday,Afternoon,812,499,1520,Urban Hub,South
DC_007,South Urban Hub DC_007,2026-06-27,Saturday,Evening,403,233,753,Urban Hub,South
DC_008,East Regional Center DC_008,2026-06-27,Saturday,Morning,1310,194,605,Regional Center,East
DC_008,East Regional Center DC_008,2026-06-27,Saturday,Afternoon,1722,277,773,Regional Center,East
DC_008,East Regional Center DC_008,2026-06-27,Saturday,Evening,1172,145,466,Regional Center,East
DC_009,West Satellite Depot DC_009,2026-06-27,Saturday,Morning,458,293,799,Satellite Depot,West
DC_009,West Satellite Depot DC_009,2026-06-27,Saturday,Afternoon,679,509,1422,Satellite Depot,West
DC_009,West Satellite Depot DC_009,2026-06-27,Saturday,Evening,397,277,812,Satellite Depot,West
DC_010,Central Urban Hub DC_010,2026-06-27,Saturday,Morning,119,112,331,Urban Hub,Central
DC_010,Central Urban Hub DC_010,2026-06-27,Saturday,Afternoon,216,232,662,Urban Hub,Central
DC_010,Central Urban Hub DC_010,2026-06-27,Saturday,Evening,122,102,331,Urban Hub,Central
DC_011,North Regional Center DC_011,2026-06-27,Saturday,Morning,863,467,1490,Regional Center,North
DC_011,North Regional Center DC_011,2026-06-27,Saturday,Afternoon,1214,974,2765,Regional Center,North
DC_011,North Regional Center DC_011,2026-06-27,Saturday,Evening,651,378,1283,Regional Center,North
DC_012,South Satellite Depot DC_012,2026-06-27,Saturday,Morning,661,420,1252,Satellite Depot,South
DC_012,South Satellite Depot DC_012,2026-06-27,Saturday,Afternoon,1174,649,1921,Satellite Depot,South
DC_012,South Satellite Depot DC_012,2026-06-27,Saturday,Evening,615,397,1267,Satellite Depot,South
DC_013,East Urban Hub DC_013,2026-06-27,Saturday,Morning,544,351,1025,Urban Hub,East
DC_013,East Urban Hub DC_013,2026-06-27,Saturday,Afternoon,702,419,1408,Urban Hub,East
DC_013,East Urban Hub DC_013,2026-06-27,Saturday,Evening,459,246,785,Urban Hub,East
DC_014,West Regional Center DC_014,2026-06-27,Saturday,Morning,938,673,1972,Regional Center,West
DC_014,West Regional Center DC_014,2026-06-27,Saturday,Afternoon,1338,900,2697,Regional Center,West
DC_014,West Regional Center DC_014,2026-06-27,Saturday,Evening,724,553,1526,Regional Center,West
DC_015,Central Satellite Depot DC_015,2026-06-27,Saturday,Morning,3952,434,1441,Satellite Depot,Central
DC_015,Central Satellite Depot DC_015,2026-06-27,Saturday,Afternoon,4626,606,1840,Satellite Depot,Central
DC_015,Central Satellite Depot DC_015,2026-06-27,Saturday,Evening,2942,373,1102,Satellite Depot,Central
DC_016,North Urban Hub DC_016,2026-06-27,Saturday,Morning,304,195,573,Urban Hub,North
DC_016,North Urban Hub DC_016,2026-06-27,Saturday,Afternoon,298,223,661,Urban Hub,North
DC_016,North Urban Hub DC_016,2026-06-27,Saturday,Evening,249,155,486,Urban Hub,North
DC_017,South Regional Center DC_017,2026-06-27,Saturday,Morning,515,461,1176,Regional Center,South
DC_017,South Regional Center DC_017,2026-06-27,Saturday,Afternoon,967,581,1770,Regional Center,South
DC_017,South Regional Center DC_017,2026-06-27,Saturday,Evening,535,311,978,Regional Center,South
DC_018,East Satellite Depot DC_018,2026-06-27,Saturday,Morning,285,146,468,Satellite Depot,East
DC_018,East Satellite Depot DC_018,2026-06-27,Saturday,Afternoon,418,208,744,Satellite Depot,East
DC_018,East Satellite Depot DC_018,2026-06-27,Saturday,Evening,213,131,432,Satellite Depot,East
DC_019,West Urban Hub DC_019,2026-06-27,Saturday,Morning,744,444,1551,Urban Hub,West
DC_019,West Urban Hub DC_019,2026-06-27,Saturday,Afternoon,1392,800,2472,Urban Hub,West
DC_019,West Urban Hub DC_019,2026-06-27,Saturday,Evening,664,438,1349,Urban Hub,West
DC_020,Central Regional Center DC_020,2026-06-27,Saturday,Morning,389,298,844,Regional Center,Central
DC_020,Central Regional Center DC_020,2026-06-27,Saturday,Afternoon,749,428,1226,Regional Center,Central
DC_020,Central Regional Center DC_020,2026-06-27,Saturday,Evening,384,263,810,Regional Center,Central
DC_021,North Satellite Depot DC_021,2026-06-27,Saturday,Morning,2083,288,806,Satellite Depot,North
DC_021,North Satellite Depot DC_021,2026-06-27,Saturday,Afternoon,3119,430,1370,Satellite Depot,North
DC_021,North Satellite Depot DC_021,2026-06-27,Saturday,Evening,1588,206,602,Satellite Depot,North
DC_022,South Urban Hub DC_022,2026-06-27,Saturday,Morning,293,188,566,Urban Hub,South
DC_022,South Urban Hub DC_022,2026-06-27,Saturday,Afternoon,328,236,745,Urban Hub,South
DC_022,South Urban Hub DC_022,2026-06-27,Saturday,Evening,269,179,485,Urban Hub,South
DC_023,East Regional Center DC_023,2026-06-27,Saturday,Morning,1103,613,2008,Regional Center,East
DC_023,East Regional Center DC_023,2026-06-27,Saturday,Afternoon,1611,971,3251,Regional Center,East
DC_023,East Regional Center DC_023,2026-06-27,Saturday,Evening,988,571,1927,Regional Center,East
DC_024,West Satellite Depot DC_024,2026-06-27,Saturday,Morning,560,280,858,Satellite Depot,West
DC_024,West Satellite Depot DC_024,2026-06-27,Saturday,Afternoon,600,397,1153,Satellite Depot,West
DC_024,West Satellite Depot DC_024,2026-06-27,Saturday,Evening,351,212,721,Satellite Depot,West
DC_001,North Urban Hub DC_001,2026-06-28,Sunday,Morning,799,449,1257,Urban Hub,North
DC_001,North Urban Hub DC_001,2026-06-28,Sunday,Afternoon,999,653,2060,Urban Hub,North
DC_001,North Urban Hub DC_001,2026-06-28,Sunday,Evening,498,355,930,Urban Hub,North
DC_002,South Regional Center DC_002,2026-06-28,Sunday,Morning,194,123,360,Regional Center,South
DC_002,South Regional Center DC_002,2026-06-28,Sunday,Afternoon,234,181,549,Regional Center,South
DC_002,South Regional Center DC_002,2026-06-28,Sunday,Evening,170,101,327,Regional Center,South
DC_003,East Satellite Depot DC_003,2026-06-28,Sunday,Morning,0,0,0,Satellite Depot,East
DC_003,East Satellite Depot DC_003,2026-06-28,Sunday,Afternoon,0,0,0,Satellite Depot,East
DC_003,East Satellite Depot DC_003,2026-06-28,Sunday,Evening,0,0,0,Satellite Depot,East
DC_004,West Urban Hub DC_004,2026-06-28,Sunday,Morning,693,419,1366,Urban Hub,West
DC_004,West Urban Hub DC_004,2026-06-28,Sunday,Afternoon,1119,696,2172,Urban Hub,West
DC_004,West Urban Hub DC_004,2026-06-28,Sunday,Evening,475,298,959,Urban Hub,West
DC_005,Central Regional Center DC_005,2026-06-28,Sunday,Morning,101,60,196,Regional Center,Central
DC_005,Central Regional Center DC_005,2026-06-28,Sunday,Afternoon,177,109,348,Regional Center,Central
DC_005,Central Regional Center DC_005,2026-06-28,Sunday,Evening,104,59,190,Regional Center,Central
DC_006,North Satellite Depot DC_006,2026-06-28,Sunday,Morning,0,0,0,Satellite Depot,North
DC_006,North Satellite Depot DC_006,2026-06-28,Sunday,Afternoon,0,0,0,Satellite Depot,North
DC_006,North Satellite Depot DC_006,2026-06-28,Sunday,Evening,0,0,0,Satellite Depot,North
DC_007,South Urban Hub DC_007,2026-06-28,Sunday,Morning,491,299,930,Urban Hub,South
DC_007,South Urban Hub DC_007,2026-06-28,Sunday,Afternoon,912,472,1540,Urban Hub,South
DC_007,South Urban Hub DC_007,2026-06-28,Sunday,Evening,401,260,705,Urban Hub,South
DC_008,East Regional Center DC_008,2026-06-28,Sunday,Morning,1886,236,759,Regional Center,East
DC_008,East Regional Center DC_008,2026-06-28,Sunday,Afternoon,3178,367,1194,Regional Center,East
DC_008,East Regional Center DC_008,2026-06-28,Sunday,Evening,1552,174,596,Regional Center,East
DC_009,West Satellite Depot DC_009,2026-06-28,Sunday,Morning,0,0,0,Satellite Depot,West
DC_009,West Satellite Depot DC_009,2026-06-28,Sunday,Afternoon,0,0,0,Satellite Depot,West
DC_009,West Satellite Depot DC_009,2026-06-28,Sunday,Evening,0,0,0,Satellite Depot,West
DC_010,Central Urban Hub DC_010,2026-06-28,Sunday,Morning,156,91,316,Urban Hub,Central
DC_010,Central Urban Hub DC_010,2026-06-28,Sunday,Afternoon,152,151,460,Urban Hub,Central
DC_010,Central Urban Hub DC_010,2026-06-28,Sunday,Evening,80,82,254,Urban Hub,Central
DC_011,North Regional Center DC_011,2026-06-28,Sunday,Morning,661,407,1259,Regional Center,North
DC_011,North Regional Center DC_011,2026-06-28,Sunday,Afternoon,1317,743,2153,Regional Center,North
DC_011,North Regional Center DC_011,2026-06-28,Sunday,Evening,668,410,1178,Regional Center,North
DC_012,South Satellite Depot DC_012,2026-06-28,Sunday,Morning,0,0,0,Satellite Depot,South
DC_012,South Satellite Depot DC_012,2026-06-28,Sunday,Afternoon,0,0,0,Satellite Depot,South
DC_012,South Satellite Depot DC_012,2026-06-28,Sunday,Evening,0,0,0,Satellite Depot,South
DC_013,East Urban Hub DC_013,2026-06-28,Sunday,Morning,569,321,871,Urban Hub,East
DC_013,East Urban Hub DC_013,2026-06-28,Sunday,Afternoon,590,497,1276,Urban Hub,East
DC_013,East Urban Hub DC_013,2026-06-28,Sunday,Evening,321,242,699,Urban Hub,East
DC_014,West Regional Center DC_014,2026-06-28,Sunday,Morning,957,556,1768,Regional Center,West
DC_014,West Regional Center DC_014,2026-06-28,Sunday,Afternoon,1077,671,2219,Regional Center,West
DC_014,West Regional Center DC_014,2026-06-28,Sunday,Evening,695,480,1488,Regional Center,West
DC_015,Central Satellite Depot DC_015,2026-06-28,Sunday,Morning,0,0,0,Satellite Depot,Central
DC_015,Central Satellite Depot DC_015,2026-06-28,Sunday,Afternoon,0,0,0,Satellite Depot,Central
DC_015,Central Satellite Depot DC_015,2026-06-28,Sunday,Evening,0,0,0,Satellite Depot,Central
DC_016,North Urban Hub DC_016,2026-06-28,Sunday,Morning,227,150,483,Urban Hub,North
DC_016,North Urban Hub DC_016,2026-06-28,Sunday,Afternoon,402,245,745,Urban Hub,North
DC_016,North Urban Hub DC_016,2026-06-28,Sunday,Evening,269,145,463,Urban Hub,North
DC_017,South Regional Center DC_017,2026-06-28,Sunday,Morning,569,281,982,Regional Center,South
DC_017,South Regional Center DC_017,2026-06-28,Sunday,Afternoon,827,424,1404,Regional Center,South
DC_017,South Regional Center DC_017,2026-06-28,Sunday,Evening,411,286,802,Regional Center,South
DC_018,East Satellite Depot DC_018,2026-06-28,Sunday,Morning,0,0,0,Satellite Depot,East
DC_018,East Satellite Depot DC_018,2026-06-28,Sunday,Afternoon,0,0,0,Satellite Depot,East
DC_018,East Satellite Depot DC_018,2026-06-28,Sunday,Evening,0,0,0,Satellite Depot,East
DC_019,West Urban Hub DC_019,2026-06-28,Sunday,Morning,920,636,1776,Urban Hub,West
DC_019,West Urban Hub DC_019,2026-06-28,Sunday,Afternoon,1108,809,2233,Urban Hub,West
DC_019,West Urban Hub DC_019,2026-06-28,Sunday,Evening,640,384,1203,Urban Hub,West
DC_020,Central Regional Center DC_020,2026-06-28,Sunday,Morning,418,226,752,Regional Center,Central
DC_020,Central Regional Center DC_020,2026-06-28,Sunday,Afternoon,512,323,1020,Regional Center,Central
DC_020,Central Regional Center DC_020,2026-06-28,Sunday,Evening,305,214,638,Regional Center,Central
DC_021,North Satellite Depot DC_021,2026-06-28,Sunday,Morning,0,0,0,Satellite Depot,North
DC_021,North Satellite Depot DC_021,2026-06-28,Sunday,Afternoon,0,0,0,Satellite Depot,North
DC_021,North Satellite Depot DC_021,2026-06-28,Sunday,Evening,0,0,0,Satellite Depot,North
DC_022,South Urban Hub DC_022,2026-06-28,Sunday,Morning,253,164,546,Urban Hub,South
DC_022,South Urban Hub DC_022,2026-06-28,Sunday,Afternoon,440,247,791,Urban Hub,South
DC_022,South Urban Hub DC_022,2026-06-28,Sunday,Evening,268,154,464,Urban Hub,South
DC_023,East Regional Center DC_023,2026-06-28,Sunday,Morning,867,623,1816,Regional Center,East
DC_023,East Regional Center DC_023,2026-06-28,Sunday,Afternoon,1383,912,2597,Regional Center,East
DC_023,East Regional Center DC_023,2026-06-28,Sunday,Evening,824,401,1358,Regional Center,East
DC_024,West Satellite Depot DC_024,2026-06-28,Sunday,Morning,0,0,0,Satellite Depot,West
DC_024,West Satellite Depot DC_024,2026-06-28,Sunday,Afternoon,0,0,0,Satellite Depot,West
DC_024,West Satellite Depot DC_024,2026-06-28,Sunday,Evening,0,0,0,Satellite Depot,West
DC_001,North Urban Hub DC_001,2026-06-29,Monday,Morning,486,313,909,Urban Hub,North
DC_001,North Urban Hub DC_001,2026-06-29,Monday,Afternoon,812,480,1422,Urban Hub,North
DC_001,North Urban Hub DC_001,2026-06-29,Monday,Evening,473,294,760,Urban Hub,North
DC_002,South Regional Center DC_002,2026-06-29,Monday,Morning,187,90,327,Regional Center,South
DC_002,South Regional Center DC_002,2026-06-29,Monday,Afternoon,296,143,529,Regional Center,South
DC_002,South Regional Center DC_002,2026-06-29,Monday,Evening,155,111,273,Regional Center,South
DC_003,East Satellite Depot DC_003,2026-06-29,Monday,Morning,248,240,771,Satellite Depot,East
DC_003,East Satellite Depot DC_003,2026-06-29,Monday,Afternoon,391,360,1078,Satellite Depot,East
DC_003,East Satellite Depot DC_003,2026-06-29,Monday,Evening,215,214,644,Satellite Depot,East
DC_004,West Urban Hub DC_004,2026-06-29,Monday,Morning,511,343,969,Urban Hub,West
DC_004,West Urban Hub DC_004,2026-06-29,Monday,Afternoon,1018,587,1776,Urban Hub,West
DC_004,West Urban Hub DC_004,2026-06-29,Monday,Evening,592,361,1078,Urban Hub,West
DC_005,Central Regional Center DC_005,2026-06-29,Monday,Morning,113,52,176,Regional Center,Central
DC_005,Central Regional Center DC_005,2026-06-29,Monday,Afternoon,138,121,273,Regional Center,Central
DC_005,Central Regional Center DC_005,2026-06-29,Monday,Evening,83,41,137,Regional Center,Central
DC_006,North Satellite Depot DC_006,2026-06-29,Monday,Morning,873,125,351,Satellite Depot,North
DC_006,North Satellite Depot DC_006,2026-06-29,Monday,Afternoon,1439,153,543,Satellite Depot,North
DC_006,North Satellite Depot DC_006,2026-06-29,Monday,Evening,677,92,275,Satellite Depot,North
DC_007,South Urban Hub DC_007,2026-06-29,Monday,Morning,458,264,912,Urban Hub,South
DC_007,South Urban Hub DC_007,2026-06-29,Monday,Afternoon,667,384,1247,Urban Hub,South
DC_007,South Urban Hub DC_007,2026-06-29,Monday,Evening,369,243,762,Urban Hub,South
DC_008,East Regional Center DC_008,2026-06-29,Monday,Morning,1514,231,633,Regional Center,East
DC_008,East Regional Center DC_008,2026-06-29,Monday,Afternoon,2918,407,1118,Regional Center,East
DC_008,East Regional Center DC_008,2026-06-29,Monday,Evening,1362,211,638,Regional Center,East
DC_009,West Satellite Depot DC_009,2026-06-29,Monday,Morning,272,189,628,Satellite Depot,West
DC_009,West Satellite Depot DC_009,2026-06-29,Monday,Afternoon,438,262,842,Satellite Depot,West
DC_009,West Satellite Depot DC_009,2026-06-29,Monday,Evening,262,228,550,Satellite Depot,West
DC_010,Central Urban Hub DC_010,2026-06-29,Monday,Morning,78,84,240,Urban Hub,Central
DC_010,Central Urban Hub DC_010,2026-06-29,Monday,Afternoon,94,87,271,Urban Hub,Central
DC_010,Central Urban Hub DC_010,2026-06-29,Monday,Evening,73,66,204,Urban Hub,Central
DC_011,North Regional Center DC_011,2026-06-29,Monday,Morning,607,316,1089,Regional Center,North
DC_011,North Regional Center DC_011,2026-06-29,Monday,Afternoon,929,567,1597,Regional Center,North
DC_011,North Regional Center DC_011,2026-06-29,Monday,Evening,417,300,868,Regional Center,North
DC_012,South Satellite Depot DC_012,2026-06-29,Monday,Morning,548,289,1040,Satellite Depot,South
DC_012,South Satellite Depot DC_012,2026-06-29,Monday,Afternoon,876,467,1535,Satellite Depot,South
DC_012,South Satellite Depot DC_012,2026-06-29,Monday,Evening,486,313,878,Satellite Depot,South
DC_013,East Urban Hub DC_013,2026-06-29,Monday,Morning,345,239,652,Urban Hub,East
DC_013,East Urban Hub DC_013,2026-06-29,Monday,Afternoon,542,351,956,Urban Hub,East
DC_013,East Urban Hub DC_013,2026-06-29,Monday,Evening,240,149,506,Urban Hub,East
DC_014,West Regional Center DC_014,2026-06-29,Monday,Morning,695,412,1340,Regional Center,West
DC_014,West Regional Center DC_014,2026-06-29,Monday,Afternoon,1122,655,1883,Regional Center,West
DC_014,West Regional Center DC_014,2026-06-29,Monday,Evening,463,293,987,Regional Center,West
DC_015,Central Satellite Depot DC_015,2026-06-29,Monday,Morning,1902,247,741,Satellite Depot,Central
DC_015,Central Satellite Depot DC_015,2026-06-29,Monday,Afternoon,3270,348,1202,Satellite Depot,Central
DC_015,Central Satellite Depot DC_015,2026-06-29,Monday,Evening,1706,214,675,Satellite Depot,Central
DC_016,North Urban Hub DC_016,2026-06-29,Monday,Morning,209,118,396,Urban Hub,North
DC_016,North Urban Hub DC_016,2026-06-29,Monday,Afternoon,433,266,724,Urban Hub,North
DC_016,North Urban Hub DC_016,2026-06-29,Monday,Evening,174,113,361,Urban Hub,North
DC_017,South Regional Center DC_017,2026-06-29,Monday,Morning,492,271,802,Regional Center,South
DC_017,South Regional Center DC_017,2026-06-29,Monday,Afternoon,508,368,941,Regional Center,South
DC_017,South Regional Center DC_017,2026-06-29,Monday,Evening,325,224,701,Regional Center,South
DC_018,East Satellite Depot DC_018,2026-06-29,Monday,Morning,183,100,356,Satellite Depot,East
DC_018,East Satellite Depot DC_018,2026-06-29,Monday,Afternoon,301,211,630,Satellite Depot,East
DC_018,East Satellite Depot DC_018,2026-06-29,Monday,Evening,168,120,314,Satellite Depot,East
DC_019,West Urban Hub DC_019,2026-06-29,Monday,Morning,828,475,1577,Urban Hub,West
DC_019,West Urban Hub DC_019,2026-06-29,Monday,Afternoon,1207,558,1929,Urban Hub,West
DC_019,West Urban Hub DC_019,2026-06-29,Monday,Evening,521,315,1013,Urban Hub,West
DC_020,Central Regional Center DC_020,2026-06-29,Monday,Morning,336,190,583,Regional Center,Central
DC_020,Central Regional Center DC_020,2026-06-29,Monday,Afternoon,396,248,803,Regional Center,Central
DC_020,Central Regional Center DC_020,2026-06-29,Monday,Evening,271,133,482,Regional Center,Central
DC_021,North Satellite Depot DC_021,2026-06-29,Monday,Morning,1818,195,599,Satellite Depot,North
DC_021,North Satellite Depot DC_021,2026-06-29,Monday,Afternoon,2292,301,983,Satellite Depot,North
DC_021,North Satellite Depot DC_021,2026-06-29,Monday,Evening,1375,173,559,Satellite Depot,North
DC_022,South Urban Hub DC_022,2026-06-29,Monday,Morning,294,193,566,Urban Hub,South
DC_022,South Urban Hub DC_022,2026-06-29,Monday,Afternoon,526,239,738,Urban Hub,South
DC_022,South Urban Hub DC_022,2026-06-29,Monday,Evening,221,138,439,Urban Hub,South
DC_023,East Regional Center DC_023,2026-06-29,Monday,Morning,670,403,1394,Regional Center,East
DC_023,East Regional Center DC_023,2026-06-29,Monday,Afternoon,1130,816,2059,Regional Center,East
DC_023,East Regional Center DC_023,2026-06-29,Monday,Evening,604,379,1191,Regional Center,East
DC_024,West Satellite Depot DC_024,2026-06-29,Monday,Morning,249,169,512,Satellite Depot,West
DC_024,West Satellite Depot DC_024,2026-06-29,Monday,Afternoon,433,252,810,Satellite Depot,West
DC_024,West Satellite Depot DC_024,2026-06-29,Monday,Evening,207,140,410,Satellite Depot,West
DC_001,North Urban Hub DC_001,2026-06-30,Tuesday,Morning,338,242,690,Urban Hub,North
DC_001,North Urban Hub DC_001,2026-06-30,Tuesday,Afternoon,618,436,1172,Urban Hub,North
DC_001,North Urban Hub DC_001,2026-06-30,Tuesday,Evening,348,211,674,Urban Hub,North
DC_002,South Regional Center DC_002,2026-06-30,Tuesday,Morning,183,125,394,Regional Center,South
DC_002,South Regional Center DC_002,2026-06-30,Tuesday,Afternoon,295,191,574,Regional Center,South
DC_002,South Regional Center DC_002,2026-06-30,Tuesday,Evening,138,77,266,Regional Center,South
DC_003,East Satellite Depot DC_003,2026-06-30,Tuesday,Morning,330,272,917,Satellite Depot,East
DC_003,East Satellite Depot DC_003,2026-06-30,Tuesday,Afternoon,518,382,1281,Satellite Depot,East
DC_003,East Satellite Depot DC_003,2026-06-30,Tuesday,Evening,186,200,676,Satellite Depot,East
DC_004,West Urban Hub DC_004,2026-06-30,Tuesday,Morning,661,350,1298,Urban Hub,West
DC_004,West Urban Hub DC_004,2026-06-30,Tuesday,Afternoon,1114,560,2142,Urban Hub,West
DC_004,West Urban Hub DC_004,2026-06-30,Tuesday,Evening,560,388,1112,Urban Hub,West
DC_005,Central Regional Center DC_005,2026-06-30,Tuesday,Morning,96,56,175,Regional Center,Central
DC_005,Central Regional Center DC_005,2026-06-30,Tuesday,Afternoon,192,95,311,Regional Center,Central
DC_005,Central Regional Center DC_005,2026-06-30,Tuesday,Evening,79,47,157,Regional Center,Central
DC_006,North Satellite Depot DC_006,2026-06-30,Tuesday,Morning,708,71,249,Satellite Depot,North
DC_006,North Satellite Depot DC_006,2026-06-30,Tuesday,Afternoon,1048,119,412,Satellite Depot,North
DC_006,North Satellite Depot DC_006,2026-06-30,Tuesday,Evening,591,76,215,Satellite Depot,North
DC_007,South Urban Hub DC_007,2026-06-30,Tuesday,Morning,319,187,645,Urban Hub,South
DC_007,South Urban Hub DC_007,2026-06-30,Tuesday,Afternoon,466,321,977,Urban Hub,South
DC_007,South Urban Hub DC_007,2026-06-30,Tuesday,Evening,310,171,508,Urban Hub,South
DC_008,East Regional Center DC_008,2026-06-30,Tuesday,Morning,1192,172,552,Regional Center,East
DC_008,East Regional Center DC_008,2026-06-30,Tuesday,Afternoon,2022,330,914,Regional Center,East
DC_008,East Regional Center DC_008,2026-06-30,Tuesday,Evening,1095,165,506,Regional Center,East
DC_009,West Satellite Depot DC_009,2026-06-30,Tuesday,Morning,420,248,848,Satellite Depot,West
DC_009,West Satellite Depot DC_009,2026-06-30,Tuesday,Afternoon,627,396,1178,Satellite Depot,West
DC_009,West Satellite Depot DC_009,2026-06-30,Tuesday,Evening,345,190,586,Satellite Depot,West
DC_010,Central Urban Hub DC_010,2026-06-30,Tuesday,Morning,86,95,310,Urban Hub,Central
DC_010,Central Urban Hub DC_010,2026-06-30,Tuesday,Afternoon,225,197,552,Urban Hub,Central
DC_010,Central Urban Hub DC_010,2026-06-30,Tuesday,Evening,71,82,252,Urban Hub,Central
DC_011,North Regional Center DC_011,2026-06-30,Tuesday,Morning,611,400,1121,Regional Center,North
DC_011,North Regional Center DC_011,2026-06-30,Tuesday,Afternoon,755,562,1693,Regional Center,North
DC_011,North Regional Center DC_011,2026-06-30,Tuesday,Evening,577,353,1073,Regional Center,North
DC_012,South Satellite Depot DC_012,2026-06-30,Tuesday,Morning,609,348,1109,Satellite Depot,South
DC_012,South Satellite Depot DC_012,2026-06-30,Tuesday,Afternoon,969,711,1986,Satellite Depot,South
DC_012,South Satellite Depot DC_012,2026-06-30,Tuesday,Evening,544,363,1069,Satellite Depot,South
DC_013,East Urban Hub DC_013,2026-06-30,Tuesday,Morning,383,244,760,Urban Hub,East
DC_013,East Urban Hub DC_013,2026-06-30,Tuesday,Afternoon,677,324,1166,Urban Hub,East
DC_013,East Urban Hub DC_013,2026-06-30,Tuesday,Evening,266,165,528,Urban Hub,East
DC_014,West Regional Center DC_014,2026-06-30,Tuesday,Morning,897,463,1569,Regional Center,West
DC_014,West Regional Center DC_014,2026-06-30,Tuesday,Afternoon,1335,785,2220,Regional Center,West
DC_014,West Regional Center DC_014,2026-06-30,Tuesday,Evening,791,354,1256,Regional Center,West
DC_015,Central Satellite Depot DC_015,2026-06-30,Tuesday,Morning,2311,298,1054,Satellite Depot,Central
DC_015,Central Satellite Depot DC_015,2026-06-30,Tuesday,Afternoon,3993,583,1417,Satellite Depot,Central
DC_015,Central Satellite Depot DC_015,2026-06-30,Tuesday,Evening,1727,271,784,Satellite Depot,Central
DC_016,North Urban Hub DC_016,2026-06-30,Tuesday,Morning,189,105,337,Urban Hub,North
DC_016,North Urban Hub DC_016,2026-06-30,Tuesday,Afternoon,354,205,566,Urban Hub,North
DC_016,North Urban Hub DC_016,2026-06-30,Tuesday,Evening,159,105,319,Urban Hub,North
DC_017,South Regional Center DC_017,2026-06-30,Tuesday,Morning,635,311,1036,Regional Center,South
DC_017,South Regional Center DC_017,2026-06-30,Tuesday,Afternoon,684,543,1360,Regional Center,South
DC_017,South Regional Center DC_017,2026-06-30,Tuesday,Evening,370,241,744,Regional Center,South
DC_018,East Satellite Depot DC_018,2026-06-30,Tuesday,Morning,168,123,353,Satellite Depot,East
DC_018,East Satellite Depot DC_018,2026-06-30,Tuesday,Afternoon,302,165,513,Satellite Depot,East
DC_018,East Satellite Depot DC_018,2026-06-30,Tuesday,Evening,163,85,281,Satellite Depot,East
DC_019,West Urban Hub DC_019,2026-06-30,Tuesday,Morning,573,310,1017,Urban Hub,West
DC_019,West Urban Hub DC_019,2026-06-30,Tuesday,Afternoon,863,441,1483,Urban Hub,West
DC_019,West Urban Hub DC_019,2026-06-30,Tuesday,Evening,552,269,891,Urban Hub,West
DC_020,Central Regional Center DC_020,2026-06-30,Tuesday,Morning,414,272,672,Regional Center,Central
DC_020,Central Regional Center DC_020,2026-06-30,Tuesday,Afternoon,648,400,1117,Regional Center,Central
DC_020,Central Regional Center DC_020,2026-06-30,Tuesday,Evening,300,210,608,Regional Center,Central
DC_021,North Satellite Depot DC_021,2026-06-30,Tuesday,Morning,1226,166,570,Satellite Depot,North
DC_021,North Satellite Depot DC_021,2026-06-30,Tuesday,Afternoon,2184,292,872,Satellite Depot,North
DC_021,North Satellite Depot DC_021,2026-06-30,Tuesday,Evening,1090,158,440,Satellite Depot,North
DC_022,South Urban Hub DC_022,2026-06-30,Tuesday,Morning,223,114,361,Urban Hub,South
DC_022,South Urban Hub DC_022,2026-06-30,Tuesday,Afternoon,330,176,581,Urban Hub,South
DC_022,South Urban Hub DC_022,2026-06-30,Tuesday,Evening,167,89,294,Urban Hub,South
DC_023,East Regional Center DC_023,2026-06-30,Tuesday,Morning,984,540,1706,Regional Center,East
DC_023,East Regional Center DC_023,2026-06-30,Tuesday,Afternoon,1212,712,2234,Regional Center,East
DC_023,East Regional Center DC_023,2026-06-30,Tuesday,Evening,714,436,1383,Regional Center,East
DC_024,West Satellite Depot DC_024,2026-06-30,Tuesday,Morning,304,183,593,Satellite Depot,West
DC_024,West Satellite Depot DC_024,2026-06-30,Tuesday,Afternoon,587,308,1027,Satellite Depot,West
DC_024,West Satellite Depot DC_024,2026-06-30,Tuesday,Evening,269,160,484,Satellite Depot,West
